"","dwc.accessRights","dcterms.rights","dwc.recordedBy","dwc.latestPeriodOrHighestSystem","dwc.scientificNameAuthorship","dwc.ownerInstitutionCode","dwc.basisOfRecord","idigbio.createdBy","idigbio.associateAuthor","dwc.individualID","dwc.day","dwc.verbatimCoordinateSystem","idigbio.hostFamily","dwc.stateProvince","dwc.associatedReferences","dwc.subgenus","dwc.latestEpochOrHighestSeries","dwc.taxonID","dwc.identificationReferences","dwc.lifeStage","dwc.continent","dwc.municipality","id","idigbio.tribe","dwc.footprintWKT","symbiotaverbatimScientificName","dwc.verbatimTaxonRank","dwc.country","dwc.rights","dwc.eventDate","dwc.countryCode","dcterms.reference","inhs.formI_males","dwc.higherClassification","dwc.minimumElevationInMeters","dwc.phylum","dwc.relatedResourceID","dwc.occurrenceRemarks","dwc.otherCatalogNumbers","dwc.institutionCode","dwc.group","inhs.instars_Female","dwc.maximumElevationInMeters","idigbio.subgenus","dwc.originalNameUsage","dwc.month","inhs.location_RiverMile","dwc.collectionID","dwc.associatedTaxa","idigbio.substrate","dwc.occurrenceStatus","inhs.formII_females","dcterms.references","dwc.occurrenceID","fcc.subfamily","idigbio.subfamily","dwc.locality","dwc.coordinateUncertaintyInMeters","dwc.scientificName","inhs.relic","dwc.associatedMedia","dwc.previousIdentifications","dwc.samplingProtocol","dwc.decimalLongitude","dwc.georeferencedDate","dwc.verbatimElevation","inhs.live","inhs.location_Basin","dwc.establishmentMeans","inhs.location_Stream","idigbio.endangeredStatus","dwc.geodeticDatum","dwc.earliestAgeOrLowestStage","idigbio.associateRelationship","dwc.verbatimEventDate","dwc.year","dwc.habitat","idigbio.recordID","idigbio.uuid","idigbio.etag","dwc.verbatimLongitude","dwc.earliestPeriodOrLowestSystem","dcterms.modified","dwc.vernacularName","dcterms.source","dwc.samplingEffort","idigbio.associatedRelationship","dwc.namePublishedIn","dwc.nomenclaturalCode","dwc.georeferenceRemarks","dwc.latestEraOrHighestErathem","symbiota.verbatimScientificName","dwc.startDayOfYear","dwc.sex","idigbio.associateDeterminedBy","dwc.reproductiveCondition","dwc.minimumDepthInMeters","dwc.typeStatus","idigbio.associateCondition","dwc.family","dwc.infraspecificEpithet","dcterms.type","dwc.kingdom","dwc.associatedSequences","inhs.total_Males","dwc.fieldNumber","dwc.taxonRank","dwc.taxonRemarks","dcterms.bibliographicCitation","fcc.datePicked","dwc.order","idigbio.determinationHistory","dwc.eventTime","dwc.scientificNameID","dcterms.accessRights","dwc.identificationQualifier","dwc.associatedOccurrences","inhs.juv_undetermined","dwc.preparations","inhs.juv_males","dwc.lowestBiostratigraphicZone","dwc.island","dwc.identifiedBy","dwc.waterBody","dwc.institutionID","dwc.nameAccordingTo","dwc.bed","idigbio.preservative","dwc.specificEpithet","dwc.VerbatimEventDate","dwc.nomenclaturalStatus","dwc.formation","inhs.locationTrs","dwc.recordNumber","dwc.verbatimDepth","dwc.datasetID","fcc.superfamily","dwc.latestAgeOrHighestStage","dwc.class","dwc.verbatimLatitude","inhs.superfamily","dwc.earliestEraOrLowestErathem","dwc.disposition","dwc.namePublishedInID","dwc.member","idigbio.associatedFamily","http...symbiota.org.terms.verbatimScientificName","dwc.dateIdentified","dwc.locationAccordingTo","dwc.georeferenceSources","idigbio.associateIdentifier","idigbio.preparationCount","dwc.preparation","inhs.juv_females","idigbio.recordIds","dwc.coordinatePrecision","row.number","inhs.instars_Male","idigbio.associateNotes","dwc.georeferenceProtocol","dwc.datasetName","dcterms.rightsHolder","dwc.dataGeneralizations","dwc.endDayOfYear","dwc.higherGeography","idigbio.associateCommonName","dwc.county","dwc.verbatimSRS","dwc.collectionCode","dwc.georeferencedBy","dwc.dynamicProperties","idigbio.version","dcterms.language","dwc.decimalLatitude","dwc.locationID","dwc.catalogNumber","dwc.individualCount","dwc.eventID","dwc.locationRemarks","dwc.identificationRemarks","idigbio.dateModified","dwc.georeferenceVerificationStatus","dwc.verbatimLocality","dwc.verbatimCoordinates","dwc.identificationVerificationStatus","dwc.islandGroup","dwc.earliestEpochOrLowestSeries","dwc.informationWithheld","dwc.identificationID","dwc.lithostratigraphicTerms","inhs.dead","inhs.formII_males","inhs.total_females","idigbio.recordId","idigbio.barcodeValue","fcc.pickedBy","dwc.behavior","dwc.maximumDepthInMeters","dwc.genus","dwc.eventRemarks","dwc.rightsHolder","inhs.vouchered","dwc.fieldNotes"
"218",NA,NA,"Machel Malay",NA,"Bell","","PreservedSpecimen","872733a2-67a3-4c54-aa76-862735a5f334",NA,NA,27,"",NA,"Line Islands","",NA,NA,NA,NA,NA,"",NA,"cb7f3675-2335-4b9a-8cb8-d0950c62ae7e",NA,NA,NA,NA,"USA",NA,"",NA,NA,NA,"",NA,"",NA,NA,"","FLMNH",NA,NA,NA,NA,NA,8,NA,NA,NA,NA,NA,NA,"","1A8CE58D-1995-43AF-913F-585DDBD498F3",NA,NA,"",NA,"Holothuria whitmaei",NA,"",NA,"",-162.3976,NA,NA,NA,NA,NA,NA,NA,"",NA,NA,"",2005,"",NA,"cb7f3675-2335-4b9a-8cb8-d0950c62ae7e","05feb0e77cbee49092f086f5f32e83c2ceaf101a","",NA,"09/08/2014",NA,NA,NA,NA,NA,"","",NA,NA,NA,"",NA,NA,NA,"",NA,"Holothuriidae","","","",NA,NA,"",NA,NA,NA,NA,"Aspidochirotida",NA,NA,NA,NA,NA,"",NA,"",NA,NA,NA,"","","",NA,NA,NA,"whitmaei",NA,NA,NA,NA,"","",NA,NA,NA,"Holothuroidea","",NA,NA,"",NA,NA,NA,NA,"",NA,"",NA,NA,NA,NA,NA,NA,NA,NA,NA,"",NA,"",NA,NA,"",NA,"Kingman Reef",NA,"Invertebrate Zoology","","",NA,"",6.4453,"KINB5","5936-Echinodermata",NA,NA,"","","2014-09-12T17:59:25.277Z",NA,NA,"","",NA,NA,NA,NA,NA,NA,NA,NA,NA,NA,NA,NA,NA,"Holothuria","",NA,NA,NA
"243",NA,NA,"Paulay, G., Malay, M., Bonito, V.",NA,"Bell","","PreservedSpecimen","872733a2-67a3-4c54-aa76-862735a5f334",NA,NA,16,"",NA,"Mariana Islands","",NA,NA,NA,NA,NA,"",NA,"6c7b880b-1eef-47e2-9832-dbbd4d0a4bc5",NA,NA,NA,NA,"USA",NA,"",NA,NA,NA,"",NA,"",NA,NA,"","FLMNH",NA,NA,NA,NA,NA,7,NA,NA,NA,NA,NA,NA,"","39370AA5-9F6C-4909-8DC5-1FC7E1F86FCA",NA,NA,"",NA,"Holothuria whitmaei",NA,"",NA,"",144.8355,NA,NA,NA,NA,NA,NA,NA,"",NA,NA,"",2003,"",NA,"6c7b880b-1eef-47e2-9832-dbbd4d0a4bc5","80912b1d56dc0c1f84d407bc17c6e9275e6acf4b","",NA,"09/08/2014",NA,NA,NA,NA,NA,"","",NA,NA,NA,"",NA,NA,NA,"",NA,"Holothuriidae","","","",NA,NA,"",NA,NA,NA,NA,"Aspidochirotida",NA,NA,NA,NA,NA,"",NA,"",NA,NA,NA,"","","",NA,NA,NA,"whitmaei",NA,NA,NA,NA,"","",NA,NA,NA,"Holothuroidea","",NA,NA,"",NA,NA,NA,NA,"",NA,"",NA,NA,NA,NA,NA,NA,NA,NA,NA,"",NA,"",NA,NA,"",NA,"Guam Island",NA,"Invertebrate Zoology","","",NA,"",13.59883333,"GP-Loc-775","1690-Echinodermata",NA,NA,"","","2014-09-12T15:07:24.576Z",NA,NA,"","",NA,NA,NA,NA,NA,NA,NA,NA,NA,NA,NA,NA,NA,"Holothuria","",NA,NA,NA
"249",NA,NA,"",NA,"Bell","","PreservedSpecimen","872733a2-67a3-4c54-aa76-862735a5f334",NA,NA,NA,"",NA,"","",NA,NA,NA,NA,NA,"",NA,"444b20ca-3cde-4447-bd77-ce1fc3054b73",NA,NA,NA,NA,"",NA,"",NA,NA,NA,"",NA,"",NA,NA,"","FLMNH",NA,NA,NA,NA,NA,NA,NA,NA,NA,NA,NA,NA,"","E1AC5A56-E34D-4273-BB2A-CCC1E0DF7C62",NA,NA,"",NA,"Holothuria whitmaei",NA,"",NA,"",NA,NA,NA,NA,NA,NA,NA,NA,"",NA,NA,"",NA,"",NA,"444b20ca-3cde-4447-bd77-ce1fc3054b73","cd49009b2c77d0dac298caefa27f04ae11942dd8","",NA,"09/08/2014",NA,NA,NA,NA,NA,"","",NA,NA,NA,"",NA,NA,NA,"",NA,"Holothuriidae","","","",NA,NA,"",NA,NA,NA,NA,"Aspidochirotida",NA,NA,NA,NA,NA,"",NA,"",NA,NA,NA,"","","",NA,NA,NA,"whitmaei",NA,NA,NA,NA,"","",NA,NA,NA,"Holothuroidea","",NA,NA,"",NA,NA,NA,NA,"",NA,"",NA,NA,NA,NA,NA,NA,NA,NA,NA,"",NA,"",NA,NA,"",NA,"",NA,"Invertebrate Zoology","","",NA,"",NA,"Starmer-Unknown","12520-Echinodermata",NA,NA,"","","2014-09-12T16:37:10.580Z",NA,NA,"","",NA,NA,NA,NA,NA,NA,NA,NA,NA,NA,NA,NA,NA,"Holothuria","",NA,NA,NA
"267",NA,NA,"Starmer, J.",NA,"Bell","","PreservedSpecimen","872733a2-67a3-4c54-aa76-862735a5f334",NA,NA,4,"",NA,"Pitcairn Islands","",NA,NA,NA,NA,NA,"",NA,"a6e4fbc9-a0d0-4fad-adaa-d3e1ebe327b8",NA,NA,NA,NA,"Pitcairn Islands",NA,"",NA,NA,NA,"",NA,"",NA,NA,"","FLMNH",NA,NA,NA,NA,NA,8,NA,NA,NA,NA,NA,NA,"","13B20575-B2FD-4159-A881-CC67E9AEAD53",NA,NA,"",NA,"Holothuria whitmaei",NA,"",NA,"",NA,NA,NA,NA,NA,NA,NA,NA,"",NA,NA,"",1997,"",NA,"a6e4fbc9-a0d0-4fad-adaa-d3e1ebe327b8","acd584febc49e51bd6beadbf0c0bfd1bc29a1ccd","",NA,"09/08/2014",NA,NA,NA,NA,NA,"","",NA,NA,NA,"",NA,NA,NA,"",NA,"Holothuriidae","","","",NA,NA,"",NA,NA,NA,NA,"Aspidochirotida",NA,NA,NA,NA,NA,"",NA,"",NA,NA,NA,"","","",NA,NA,NA,"whitmaei",NA,NA,NA,NA,"","",NA,NA,NA,"Holothuroidea","",NA,NA,"",NA,NA,NA,NA,"",NA,"",NA,NA,NA,NA,NA,NA,NA,NA,NA,"",NA,"",NA,NA,"",NA,"Oeno Atoll",NA,"Invertebrate Zoology","","",NA,"",NA,"JAS-OEN-043c","1345-Echinodermata",NA,NA,"","","2014-09-12T17:40:15.799Z",NA,NA,"","",NA,NA,NA,NA,NA,NA,NA,NA,NA,NA,NA,NA,NA,"Holothuria","",NA,NA,NA
"700",NA,NA,"Pittman, C.",NA,"Bell","","PreservedSpecimen","872733a2-67a3-4c54-aa76-862735a5f334",NA,NA,6,"",NA,"Hawaiian Islands","",NA,NA,NA,NA,NA,"",NA,"23739221-1165-4b7d-853c-212db3f57bac",NA,NA,NA,NA,"USA",NA,"",NA,NA,NA,"",NA,"",NA,NA,"","FLMNH",NA,NA,NA,NA,NA,12,NA,NA,NA,NA,NA,NA,"","E7832C0F-8C04-4BE1-B746-B42273CB21B0",NA,NA,"",NA,"Holothuria whitmaei",NA,"",NA,"",NA,NA,NA,NA,NA,NA,NA,NA,"",NA,NA,"",2002,"",NA,"23739221-1165-4b7d-853c-212db3f57bac","07d8e74afdde557a45359c6a94aee5c093104e0b","",NA,"09/08/2014",NA,NA,NA,NA,NA,"","",NA,NA,NA,"",NA,NA,NA,"",NA,"Holothuriidae","","","",NA,NA,"",NA,NA,NA,NA,"Aspidochirotida",NA,NA,NA,NA,NA,"",NA,"",NA,NA,NA,"","","",NA,NA,NA,"whitmaei",NA,NA,NA,NA,"","",NA,NA,NA,"Holothuroidea","",NA,NA,"",NA,NA,NA,NA,"",NA,"",NA,NA,NA,NA,NA,NA,NA,NA,NA,"",NA,"",NA,NA,"",NA,"Maui Island",NA,"Invertebrate Zoology","","",NA,"",NA,"ZZZ-087861","1282-Echinodermata",NA,NA,"","","2014-09-12T10:13:12.342Z",NA,NA,"","",NA,NA,NA,NA,NA,NA,NA,NA,NA,NA,NA,NA,NA,"Holothuria","",NA,NA,NA
"750",NA,NA,"John Starmer",NA,"Bell","","PreservedSpecimen","872733a2-67a3-4c54-aa76-862735a5f334",NA,NA,28,"",NA,"Yap State","",NA,NA,NA,NA,NA,"",NA,"f70b4ede-ce9f-46eb-87c1-72fa7f6fc705",NA,NA,NA,NA,"Micronesia",NA,"",NA,NA,NA,"",NA,"",NA,NA,"","FLMNH",NA,NA,NA,NA,NA,7,NA,NA,NA,NA,NA,NA,"","EF4D4E1B-47A0-4E66-9AEF-E5CCAD4D3654",NA,NA,"",NA,"Holothuria whitmaei",NA,"",NA,"",139.6707,NA,NA,NA,NA,NA,NA,NA,"",NA,NA,"",2007,"",NA,"f70b4ede-ce9f-46eb-87c1-72fa7f6fc705","b14da61e889d5a97bd4fb00be924b25220dedb2f","",NA,"09/08/2014",NA,NA,NA,NA,NA,"","",NA,NA,NA,"",NA,NA,NA,"",NA,"Holothuriidae","","","",NA,NA,"",NA,NA,NA,NA,"Aspidochirotida",NA,NA,NA,NA,NA,"",NA,"",NA,NA,NA,"","","",NA,NA,NA,"whitmaei",NA,NA,NA,NA,"","",NA,NA,NA,"Holothuroidea","",NA,NA,"",NA,NA,NA,NA,"",NA,"",NA,NA,NA,NA,NA,NA,NA,NA,NA,"",NA,"",NA,NA,"",NA,"",NA,"Invertebrate Zoology","","",NA,"",9.8424,"Starmer-ULI-008","12519-Echinodermata",NA,NA,"","","2014-09-12T12:55:44.626Z",NA,NA,"","",NA,NA,NA,NA,NA,NA,NA,NA,NA,NA,NA,NA,NA,"Holothuria","",NA,NA,NA
"764",NA,NA,"Paulay, G.",NA,"Bell","","PreservedSpecimen","872733a2-67a3-4c54-aa76-862735a5f334",NA,NA,29,"",NA,"Niue Island","",NA,NA,NA,NA,NA,"",NA,"dca03940-e5d0-481b-9888-045be7270b04",NA,NA,NA,NA,"Niue Island",NA,"",NA,NA,NA,"",NA,"",NA,NA,"","FLMNH",NA,NA,NA,NA,NA,5,NA,NA,NA,NA,NA,NA,"","822A293E-6ABE-41F0-BCDD-C0E5FB1ACD8A",NA,NA,"",NA,"Holothuria whitmaei",NA,"",NA,"",-169.9,NA,NA,NA,NA,NA,NA,NA,"",NA,NA,"",1986,"",NA,"dca03940-e5d0-481b-9888-045be7270b04","d21f7e72c07b42e59223849fb9d9544da2ff42e6","",NA,"09/08/2014",NA,NA,NA,NA,NA,"","",NA,NA,NA,"",NA,NA,NA,"",NA,"Holothuriidae","","","",NA,NA,"",NA,NA,NA,NA,"Aspidochirotida",NA,NA,NA,NA,NA,"",NA,"",NA,NA,NA,"","","",NA,NA,NA,"whitmaei",NA,NA,NA,NA,"","",NA,NA,NA,"Holothuroidea","",NA,NA,"",NA,NA,NA,NA,"",NA,"",NA,NA,NA,NA,NA,NA,NA,NA,NA,"",NA,"",NA,NA,"",NA,"Niue Island",NA,"Invertebrate Zoology","","",NA,"",-19.1,"HNIUE-025","1370-Echinodermata",NA,NA,"","","2014-09-12T16:16:34.572Z",NA,NA,"","",NA,NA,NA,NA,NA,NA,NA,NA,NA,NA,NA,NA,NA,"Holothuria","",NA,NA,NA
"787",NA,NA,"Starmer, J.",NA,"Bell","","PreservedSpecimen","872733a2-67a3-4c54-aa76-862735a5f334",NA,NA,NA,"",NA,"Caroline Islands","",NA,NA,NA,NA,NA,"",NA,"23f3d165-b515-45c6-8089-355806654ccd",NA,NA,NA,NA,"Federated States of Micronesia",NA,"",NA,NA,NA,"",NA,"",NA,NA,"","FLMNH",NA,NA,NA,NA,NA,NA,NA,NA,NA,NA,NA,NA,"","65E85BDD-F9C2-484F-9643-88A7502CD5B4",NA,NA,"",NA,"Holothuria whitmaei",NA,"",NA,"",158.2,NA,NA,NA,NA,NA,NA,NA,"",NA,NA,"",NA,"",NA,"23f3d165-b515-45c6-8089-355806654ccd","ac3664bd36e3f17521da3fe0d3904eb68dfb81f5","",NA,"09/08/2014",NA,NA,NA,NA,NA,"","",NA,NA,NA,"",NA,NA,NA,"",NA,"Holothuriidae","","","",NA,NA,"",NA,NA,NA,NA,"Aspidochirotida",NA,NA,NA,NA,NA,"",NA,"",NA,NA,NA,"","","",NA,NA,NA,"whitmaei",NA,NA,NA,NA,"","",NA,NA,NA,"Holothuroidea","",NA,NA,"",NA,NA,NA,NA,"",NA,"",NA,NA,NA,NA,NA,NA,NA,NA,NA,"",NA,"",NA,NA,"",NA,"Pohnpei Island",NA,"Invertebrate Zoology","","",NA,"",7,"JAS-PON-088","3296-Echinodermata",NA,NA,"","","2014-09-12T17:00:45.530Z",NA,NA,"","",NA,NA,NA,NA,NA,NA,NA,NA,NA,NA,NA,NA,NA,"Holothuria","",NA,NA,NA
"844",NA,NA,"Holthuis, B.",NA,"Bell","","PreservedSpecimen","872733a2-67a3-4c54-aa76-862735a5f334",NA,NA,9,"",NA,"Niue Island","",NA,NA,NA,NA,NA,"",NA,"1ffa6f96-016c-4cf5-8e81-4d7e3c98842b",NA,NA,NA,NA,"Niue Island",NA,"",NA,NA,NA,"",NA,"",NA,NA,"","FLMNH",NA,NA,NA,NA,NA,9,NA,NA,NA,NA,NA,NA,"","39E82BE3-AF2B-413B-8F95-A75CECA46961",NA,NA,"",NA,"Holothuria whitmaei",NA,"",NA,"",-169.9,NA,NA,NA,NA,NA,NA,NA,"",NA,NA,"",1986,"",NA,"1ffa6f96-016c-4cf5-8e81-4d7e3c98842b","669567815abc5bd72221dede9ff820354a225835","",NA,"09/08/2014",NA,NA,NA,NA,NA,"","",NA,NA,NA,"",NA,NA,NA,"",NA,"Holothuriidae","","","",NA,NA,"",NA,NA,NA,NA,"Aspidochirotida",NA,NA,NA,NA,NA,"",NA,"",NA,NA,NA,"","","",NA,NA,NA,"whitmaei",NA,NA,NA,NA,"","",NA,NA,NA,"Holothuroidea","",NA,NA,"",NA,NA,NA,NA,"",NA,"",NA,NA,NA,NA,NA,NA,NA,NA,NA,"",NA,"",NA,NA,"",NA,"Niue Island",NA,"Invertebrate Zoology","","",NA,"",-19.1,"HNIUE-082","1359-Echinodermata",NA,NA,"","","2014-09-12T14:32:11.467Z",NA,NA,"","",NA,NA,NA,NA,NA,NA,NA,NA,NA,NA,NA,NA,NA,"Holothuria","",NA,NA,NA
"990",NA,NA,"",NA,"Bell","","PreservedSpecimen","872733a2-67a3-4c54-aa76-862735a5f334",NA,NA,29,"",NA,"Mariana Islands","",NA,NA,NA,NA,NA,"",NA,"e4c08026-aecc-47d3-882e-ed16a56cd378",NA,NA,NA,NA,"USA",NA,"",NA,NA,NA,"",NA,"",NA,NA,"","FLMNH",NA,NA,NA,NA,NA,5,NA,NA,NA,NA,NA,NA,"","78125FC2-EE1E-4FD8-9D93-F8927DC8A383",NA,NA,"",NA,"Holothuria whitmaei",NA,"",NA,"",144.8,NA,NA,NA,NA,NA,NA,NA,"",NA,NA,"",2003,"",NA,"e4c08026-aecc-47d3-882e-ed16a56cd378","95d1ded025d52671cb70c00dda44cf978f064101","",NA,"09/08/2014",NA,NA,NA,NA,NA,"","",NA,NA,NA,"",NA,NA,NA,"",NA,"Holothuriidae","","","",NA,NA,"",NA,NA,NA,NA,"Aspidochirotida",NA,NA,NA,NA,NA,"",NA,"",NA,NA,NA,"","","",NA,NA,NA,"whitmaei",NA,NA,NA,NA,"","",NA,NA,NA,"Holothuroidea","",NA,NA,"",NA,NA,NA,NA,"",NA,"",NA,NA,NA,NA,NA,NA,NA,NA,NA,"",NA,"",NA,NA,"",NA,"Guam Island",NA,"Invertebrate Zoology","","",NA,"",13.5,"GP-Loc-754","4776-Echinodermata",NA,NA,"","","2014-09-12T11:32:16.778Z",NA,NA,"","",NA,NA,NA,NA,NA,NA,NA,NA,NA,NA,NA,NA,NA,"Holothuria","",NA,NA,NA
"994",NA,NA,"Jenna Moore",NA,"Bell","","PreservedSpecimen","872733a2-67a3-4c54-aa76-862735a5f334",NA,NA,9,"",NA,"Gambier Islands","",NA,NA,NA,NA,NA,"",NA,"edb2f9da-3e05-44e2-b94f-f27e2c09a9c3",NA,NA,NA,NA,"French Polynesia",NA,"",NA,NA,NA,"",NA,"",NA,NA,"","FLMNH",NA,NA,NA,NA,NA,2,NA,NA,NA,NA,NA,NA,"","9F4132B5-1A3B-4D7A-9602-653682395CAF",NA,NA,"",NA,"Holothuria whitmaei",NA,"",NA,"",-134.4934,NA,NA,NA,NA,NA,NA,NA,"",NA,NA,"",2013,"",NA,"edb2f9da-3e05-44e2-b94f-f27e2c09a9c3","d8ad6efbce03df1213aaa81465f0528ac3dfcb5f","",NA,"09/08/2014",NA,NA,NA,NA,NA,"","",NA,NA,NA,"",NA,NA,NA,"",NA,"Holothuriidae","","","",NA,NA,"",NA,NA,NA,NA,"Aspidochirotida",NA,NA,NA,NA,NA,"",NA,"",NA,NA,NA,"","","",NA,NA,NA,"whitmaei",NA,NA,NA,NA,"","",NA,NA,NA,"Holothuroidea","",NA,NA,"",NA,NA,NA,NA,"",NA,"",NA,NA,NA,NA,NA,NA,NA,NA,NA,"",NA,"",NA,NA,"",NA,"",NA,"Invertebrate Zoology","","",NA,"",-23.3574,"GATE-65","13234-Echinodermata",NA,NA,"","","2014-09-12T11:52:07.918Z",NA,NA,"","",NA,NA,NA,NA,NA,NA,NA,NA,NA,NA,NA,NA,NA,"Holothuria","",NA,NA,NA
"1005",NA,NA,"Nathaniel Evans, Serge Andrefouet, Francesca Benzoni, Jean-Louis Menou, Marco Olivirio, Claude Payri",NA,"Bell","","PreservedSpecimen","872733a2-67a3-4c54-aa76-862735a5f334",NA,NA,3,"",NA,"Marquesas Islands","",NA,NA,NA,NA,NA,"",NA,"5c2644fe-43be-4ee0-ae16-e0e5ff1ebb9f",NA,NA,NA,NA,"French Polynesia",NA,"",NA,NA,NA,"",NA,"",NA,NA,"","FLMNH",NA,NA,NA,NA,NA,12,NA,NA,NA,NA,NA,NA,"","8035F470-2BAB-4DA6-95E3-1F28F002D3EE",NA,NA,"",NA,"Holothuria whitmaei",NA,"",NA,"",-138.684883333333,NA,NA,NA,NA,NA,NA,NA,"",NA,NA,"",2011,"",NA,"5c2644fe-43be-4ee0-ae16-e0e5ff1ebb9f","4c2ed45cefd15aaa36b8459210e716bd6244547a","",NA,"09/08/2014",NA,NA,NA,NA,NA,"","",NA,NA,NA,"",NA,NA,NA,"",NA,"Holothuriidae","","","",NA,NA,"",NA,NA,NA,NA,"Aspidochirotida",NA,NA,NA,NA,NA,"",NA,"",NA,NA,NA,"","","",NA,NA,NA,"whitmaei",NA,NA,NA,NA,"","",NA,NA,NA,"Holothuroidea","",NA,NA,"",NA,NA,NA,NA,"",NA,"",NA,NA,NA,NA,NA,NA,NA,NA,NA,"",NA,"",NA,NA,"",NA,"Fatu Hiva",NA,"Invertebrate Zoology","","",NA,"",-10.5329,"MQ025","11297-Echinodermata",NA,NA,"","","2014-09-12T09:24:12.596Z",NA,NA,"","",NA,NA,NA,NA,NA,NA,NA,NA,NA,NA,NA,NA,NA,"Holothuria","",NA,NA,NA
"1043",NA,NA,"Christian McKeon, Chris Meyer, Gustav Paulay",NA,"Bell","","PreservedSpecimen","872733a2-67a3-4c54-aa76-862735a5f334",NA,NA,18,"",NA,"Society Islands","",NA,NA,NA,NA,NA,"",NA,"4c63f6e9-a07b-4db0-92d2-59ea8ddaa60e",NA,NA,NA,NA,"French Polynesia",NA,"",NA,NA,NA,"",NA,"",NA,NA,"","FLMNH",NA,NA,NA,NA,NA,7,NA,NA,NA,NA,NA,NA,"","C672BD64-F33D-4E11-962C-0667B9EAD7BE",NA,NA,"",NA,"Holothuria whitmaei",NA,"",NA,"",-149.8306,NA,NA,NA,NA,NA,NA,NA,"",NA,NA,"",2006,"",NA,"4c63f6e9-a07b-4db0-92d2-59ea8ddaa60e","359b4cde1db84d33787fc17339abd93447a79c13","",NA,"09/08/2014",NA,NA,NA,NA,NA,"","",NA,NA,NA,"",NA,NA,NA,"",NA,"Holothuriidae","","","",NA,NA,"",NA,NA,NA,NA,"Aspidochirotida",NA,NA,NA,NA,NA,"",NA,"",NA,NA,NA,"","","",NA,NA,NA,"whitmaei",NA,NA,NA,NA,"","",NA,NA,NA,"Holothuroidea","",NA,NA,"",NA,NA,NA,NA,"",NA,"",NA,NA,NA,NA,NA,NA,NA,NA,NA,"",NA,"",NA,NA,"",NA,"Moorea Island",NA,"Invertebrate Zoology","","",NA,"",-17.4764,"GP-Loc-881","5280-Echinodermata",NA,NA,"","","2014-09-12T16:04:58.166Z",NA,NA,"","",NA,NA,NA,NA,NA,NA,NA,NA,NA,NA,NA,NA,NA,"Holothuria","",NA,NA,NA
"1162",NA,NA,"Starmer, J.",NA,"Bell","","PreservedSpecimen","872733a2-67a3-4c54-aa76-862735a5f334",NA,NA,NA,"",NA,"Henderson Island","",NA,NA,NA,NA,NA,"",NA,"db730f55-c57a-40aa-a9ff-e36185dc36e9",NA,NA,NA,NA,"Pitcairn Islands",NA,"",NA,NA,NA,"",NA,"",NA,NA,"","FLMNH",NA,NA,NA,NA,NA,NA,NA,NA,NA,NA,NA,NA,"","7E4A815B-4396-4EEA-AFEC-2E50BBC50100",NA,NA,"",NA,"Holothuria whitmaei",NA,"",NA,"",NA,NA,NA,NA,NA,NA,NA,NA,"",NA,NA,"",NA,"",NA,"db730f55-c57a-40aa-a9ff-e36185dc36e9","f0089c0c8f871bd5e098c4ad09edea34374a7be2","",NA,"09/08/2014",NA,NA,NA,NA,NA,"","",NA,NA,NA,"",NA,NA,NA,"",NA,"Holothuriidae","","","",NA,NA,"",NA,NA,NA,NA,"Aspidochirotida",NA,NA,NA,NA,NA,"",NA,"",NA,NA,NA,"","","",NA,NA,NA,"whitmaei",NA,NA,NA,NA,"","",NA,NA,NA,"Holothuroidea","",NA,NA,"",NA,NA,NA,NA,"",NA,"",NA,NA,NA,NA,NA,NA,NA,NA,NA,"",NA,"",NA,NA,"",NA,"",NA,"Invertebrate Zoology","","",NA,"",NA,"JAS-HEN-Beach","3450-Echinodermata",NA,NA,"","","2014-09-12T14:19:48.974Z",NA,NA,"","",NA,NA,NA,NA,NA,NA,NA,NA,NA,NA,NA,NA,NA,"Holothuria","",NA,NA,NA
"1251",NA,NA,"R. Dickinson",NA,"Bell","","PreservedSpecimen","872733a2-67a3-4c54-aa76-862735a5f334",NA,NA,19,"",NA,"Mariana Islands","",NA,NA,NA,NA,NA,"",NA,"c185cbf2-1480-4676-811b-e860be3316cc",NA,NA,NA,NA,"USA",NA,"",NA,NA,NA,"",NA,"",NA,NA,"","FLMNH",NA,NA,NA,NA,NA,4,NA,NA,NA,NA,NA,NA,"","3C5FF3F7-59AB-4CF0-BC99-AD9EA34AFE68",NA,NA,"",NA,"Holothuria whitmaei",NA,"",NA,"",144.8,NA,NA,NA,NA,NA,NA,NA,"",NA,NA,"",1975,"",NA,"c185cbf2-1480-4676-811b-e860be3316cc","4f957d06e5dd1b746e97e900e99b5533a63f5d47","",NA,"09/08/2014",NA,NA,NA,NA,NA,"","",NA,NA,NA,"",NA,NA,NA,"",NA,"Holothuriidae","","","",NA,NA,"",NA,NA,NA,NA,"Aspidochirotida",NA,NA,NA,NA,NA,"",NA,"",NA,NA,NA,"","","",NA,NA,NA,"whitmaei",NA,NA,NA,NA,"","",NA,NA,NA,"Holothuroidea","",NA,NA,"",NA,NA,NA,NA,"",NA,"",NA,NA,NA,NA,NA,NA,NA,NA,NA,"",NA,"",NA,NA,"",NA,"Guam Island",NA,"Invertebrate Zoology","","",NA,"",13.5,"UGI-Station-52","12284-Echinodermata",NA,NA,"","","2014-09-12T13:21:42.065Z",NA,NA,"","",NA,NA,NA,NA,NA,NA,NA,NA,NA,NA,NA,NA,NA,"Holothuria","",NA,NA,NA
"1309",NA,NA,"",NA,"Bell","","PreservedSpecimen","872733a2-67a3-4c54-aa76-862735a5f334",NA,NA,28,"",NA,"Yap State","",NA,NA,NA,NA,NA,"",NA,"8faf9d56-b5af-4579-90ba-ac455c96ef73",NA,NA,NA,NA,"Micronesia",NA,"",NA,NA,NA,"",NA,"",NA,NA,"","FLMNH",NA,NA,NA,NA,NA,7,NA,NA,NA,NA,NA,NA,"","D6142F6B-1ECD-4B7D-AD1B-E45AB924397B",NA,NA,"",NA,"Holothuria whitmaei",NA,"",NA,"",139.6707,NA,NA,NA,NA,NA,NA,NA,"",NA,NA,"",2007,"",NA,"8faf9d56-b5af-4579-90ba-ac455c96ef73","465e0ab1756ecbb7bf7b8fa2e4469e39c8d41a1f","",NA,"09/08/2014",NA,NA,NA,NA,NA,"","",NA,NA,NA,"",NA,NA,NA,"",NA,"Holothuriidae","","","",NA,NA,"",NA,NA,NA,NA,"Aspidochirotida",NA,NA,NA,NA,NA,"",NA,"",NA,NA,NA,"","","",NA,NA,NA,"whitmaei",NA,NA,NA,NA,"","",NA,NA,NA,"Holothuroidea","",NA,NA,"",NA,NA,NA,NA,"",NA,"",NA,NA,NA,NA,NA,NA,NA,NA,NA,"",NA,"",NA,NA,"",NA,"",NA,"Invertebrate Zoology","","",NA,"",9.8424,"Starmer-ULI-008","12600-Echinodermata",NA,NA,"","","2014-09-12T16:57:45.901Z",NA,NA,"","",NA,NA,NA,NA,NA,NA,NA,NA,NA,NA,NA,NA,NA,"Holothuria","",NA,NA,NA
"1324",NA,NA,"F. Rowe",NA,"Bell","","PreservedSpecimen","872733a2-67a3-4c54-aa76-862735a5f334",NA,NA,5,"",NA,"Mariana Islands","",NA,NA,NA,NA,NA,"",NA,"23505837-dff3-4106-9fd2-d9ed98d7033c",NA,NA,NA,NA,"USA",NA,"",NA,NA,NA,"",NA,"",NA,NA,"","FLMNH",NA,NA,NA,NA,NA,4,NA,NA,NA,NA,NA,NA,"","AB9135E3-B9A7-46AF-BE73-054194ED3B08",NA,NA,"",NA,"Holothuria whitmaei",NA,"",NA,"",144.8,NA,NA,NA,NA,NA,NA,NA,"",NA,NA,"",1975,"",NA,"23505837-dff3-4106-9fd2-d9ed98d7033c","b35f312ed1e60251d601ae389ecdad8094ba4fe6","",NA,"09/08/2014",NA,NA,NA,NA,NA,"","",NA,NA,NA,"",NA,NA,NA,"",NA,"Holothuriidae","","","",NA,NA,"",NA,NA,NA,NA,"Aspidochirotida",NA,NA,NA,NA,NA,"",NA,"",NA,NA,NA,"","","",NA,NA,NA,"whitmaei",NA,NA,NA,NA,"","",NA,NA,NA,"Holothuroidea","",NA,NA,"",NA,NA,NA,NA,"",NA,"",NA,NA,NA,NA,NA,NA,NA,NA,NA,"",NA,"",NA,NA,"",NA,"Guam Island",NA,"Invertebrate Zoology","","",NA,"",13.5,"UGI-Station-305","12324-Echinodermata",NA,NA,"","","2014-09-12T09:30:04.575Z",NA,NA,"","",NA,NA,NA,NA,NA,NA,NA,NA,NA,NA,NA,NA,NA,"Holothuria","",NA,NA,NA
"1330",NA,NA,"Sun Kim",NA,"Bell","","PreservedSpecimen","872733a2-67a3-4c54-aa76-862735a5f334",NA,NA,13,"",NA,"Caroline Islands","",NA,NA,NA,NA,NA,"",NA,"46a32b73-2048-4913-ae1f-a29e5dfdc233",NA,NA,NA,NA,"Federated States of Micronesia",NA,"",NA,NA,NA,"",NA,"",NA,NA,"","FLMNH",NA,NA,NA,NA,NA,12,NA,NA,NA,NA,NA,NA,"","BFB0357A-52DC-4537-B57B-94DFAE9845B0",NA,NA,"",NA,"Holothuria whitmaei",NA,"",NA,"",138.0547,NA,NA,NA,NA,NA,NA,NA,"",NA,NA,"",2009,"",NA,"46a32b73-2048-4913-ae1f-a29e5dfdc233","79f4668251b891f9f8914cb3a91902914c44c9f9","",NA,"09/08/2014",NA,NA,NA,NA,NA,"","",NA,NA,NA,"",NA,NA,NA,"",NA,"Holothuriidae","","","",NA,NA,"",NA,NA,NA,NA,"Aspidochirotida",NA,NA,NA,NA,NA,"",NA,"",NA,NA,NA,"","","",NA,NA,NA,"whitmaei",NA,NA,NA,NA,"","",NA,NA,NA,"Holothuroidea","",NA,NA,"",NA,NA,NA,NA,"",NA,"",NA,NA,NA,NA,NA,NA,NA,NA,NA,"",NA,"",NA,NA,"",NA,"Yap Island",NA,"Invertebrate Zoology","","",NA,"",9.3331,"Kim-YAP-St-06","11389-Echinodermata",NA,NA,"","","2014-09-12T09:38:45.346Z",NA,NA,"","",NA,NA,NA,NA,NA,NA,NA,NA,NA,NA,NA,NA,NA,"Holothuria","",NA,NA,NA
"1570",NA,NA,"Sun Kim, Alex Kerr, François Michonneau",NA,"Bell","","PreservedSpecimen","872733a2-67a3-4c54-aa76-862735a5f334",NA,NA,23,"",NA,"Caroline Islands","",NA,NA,NA,NA,NA,"",NA,"68abed86-fce1-4f69-b97f-fa614fe446c2",NA,NA,NA,NA,"Federated States of Micronesia",NA,"",NA,NA,NA,"",NA,"",NA,NA,"","FLMNH",NA,NA,NA,NA,NA,2,NA,NA,NA,NA,NA,NA,"","5934FE22-1429-406C-883A-3CD8CE3EA8C0",NA,NA,"",NA,"Holothuria whitmaei",NA,"",NA,"",163.01986,NA,NA,NA,NA,NA,NA,NA,"",NA,NA,"",2008,"",NA,"68abed86-fce1-4f69-b97f-fa614fe446c2","0bbffb4667094b268f9f23b9b6bba212167c246f","",NA,"09/08/2014",NA,NA,NA,NA,NA,"","",NA,NA,NA,"",NA,NA,NA,"",NA,"Holothuriidae","","","",NA,NA,"",NA,NA,NA,NA,"Aspidochirotida",NA,NA,NA,NA,NA,"",NA,"",NA,NA,NA,"","","",NA,NA,NA,"whitmaei",NA,NA,NA,NA,"","",NA,NA,NA,"Holothuroidea","",NA,NA,"",NA,NA,NA,NA,"",NA,"",NA,NA,NA,NA,NA,NA,NA,NA,NA,"",NA,"",NA,NA,"",NA,"Kosrae Island",NA,"Invertebrate Zoology","","",NA,"",5.34222,"KOSR-01","6950-Echinodermata",NA,NA,"","","2014-09-12T10:30:50.031Z",NA,NA,"","",NA,NA,NA,NA,NA,NA,NA,NA,NA,NA,NA,NA,NA,"Holothuria","",NA,NA,NA
"1602",NA,NA,"",NA,"Bell","","PreservedSpecimen","872733a2-67a3-4c54-aa76-862735a5f334",NA,NA,NA,"",NA,"Pitcairn Islands","",NA,NA,NA,NA,NA,"",NA,"8e7ace7a-1eb1-41fe-b1db-ecab0da9b46d",NA,NA,NA,NA,"Pitcairn Islands",NA,"",NA,NA,NA,"",NA,"",NA,NA,"","FLMNH",NA,NA,NA,NA,NA,NA,NA,NA,NA,NA,NA,NA,"","2083FC21-EECC-4677-8902-56DB1A24FAA9",NA,NA,"",NA,"Holothuria whitmaei",NA,"",NA,"",NA,NA,NA,NA,NA,NA,NA,NA,"",NA,NA,"",NA,"",NA,"8e7ace7a-1eb1-41fe-b1db-ecab0da9b46d","3113c073befa10bba5c3c3eca69f76b7e1a2f432","",NA,"09/08/2014",NA,NA,NA,NA,NA,"","",NA,NA,NA,"",NA,NA,NA,"",NA,"Holothuriidae","","","",NA,NA,"",NA,NA,NA,NA,"Aspidochirotida",NA,NA,NA,NA,NA,"",NA,"",NA,NA,NA,"","","",NA,NA,NA,"whitmaei",NA,NA,NA,NA,"","",NA,NA,NA,"Holothuroidea","",NA,NA,"",NA,NA,NA,NA,"",NA,"",NA,NA,NA,NA,NA,NA,NA,NA,NA,"",NA,"",NA,NA,"",NA,"Henderson Island",NA,"Invertebrate Zoology","","",NA,"",NA,"ZZZ-090677","3195-Echinodermata",NA,NA,"","","2014-09-12T11:45:19.687Z",NA,NA,"","",NA,NA,NA,NA,NA,NA,NA,NA,NA,NA,NA,NA,NA,"Holothuria","",NA,NA,NA
"1608",NA,NA,"Paulay, G.",NA,"Bell","","PreservedSpecimen","872733a2-67a3-4c54-aa76-862735a5f334",NA,NA,14,"",NA,"Cook Islands","",NA,NA,NA,NA,NA,"",NA,"73c36313-075d-4781-a105-ad990cc2a2ec",NA,NA,NA,NA,"Cook Islands",NA,"",NA,NA,NA,"",NA,"",NA,NA,"","FLMNH",NA,NA,NA,NA,NA,10,NA,NA,NA,NA,NA,NA,"","B18DB782-DEFD-402C-A0C3-4A01437FD34A",NA,NA,"",NA,"Holothuria whitmaei",NA,"",NA,"",-159.8,NA,NA,NA,NA,NA,NA,NA,"",NA,NA,"",1982,"",NA,"73c36313-075d-4781-a105-ad990cc2a2ec","56bcaa6c99d5e52baca2c0884aae200b6ae3d843","",NA,"09/08/2014",NA,NA,NA,NA,NA,"","",NA,NA,NA,"",NA,NA,NA,"",NA,"Holothuriidae","","","",NA,NA,"",NA,NA,NA,NA,"Aspidochirotida",NA,NA,NA,NA,NA,"",NA,"",NA,NA,NA,"","","",NA,NA,NA,"whitmaei",NA,NA,NA,NA,"","",NA,NA,NA,"Holothuroidea","",NA,NA,"",NA,NA,NA,NA,"",NA,"",NA,NA,NA,NA,NA,NA,NA,NA,NA,"",NA,"",NA,NA,"",NA,"Rarotonga Island",NA,"Invertebrate Zoology","","",NA,"",-21.2,"ZZZ-086927","993-Echinodermata",NA,NA,"","","2014-09-12T13:16:19.190Z",NA,NA,"","",NA,NA,NA,NA,NA,NA,NA,NA,NA,NA,NA,NA,NA,"Holothuria","",NA,NA,NA
"1622",NA,NA,"Nathaniel Evans, Serge Andrefouet, Francesca Benzoni, Jean-Louis Menou, Marco Olivirio, Claude Payri",NA,"Bell","","PreservedSpecimen","872733a2-67a3-4c54-aa76-862735a5f334",NA,NA,9,"",NA,"Marquesas Islands","",NA,NA,NA,NA,NA,"",NA,"d2b8afb4-79f3-4cce-ac17-5af4714cddaa",NA,NA,NA,NA,"French Polynesia",NA,"",NA,NA,NA,"",NA,"",NA,NA,"","FLMNH",NA,NA,NA,NA,NA,12,NA,NA,NA,NA,NA,NA,"","EA873C12-D670-4E0D-8371-F2E3ABB9EC96",NA,NA,"",NA,"Holothuria whitmaei",NA,"",NA,"",-140.087566666667,NA,NA,NA,NA,NA,NA,NA,"",NA,NA,"",2011,"",NA,"d2b8afb4-79f3-4cce-ac17-5af4714cddaa","8946b3adc15ca8c1ed058600341d10dcc2bde504","",NA,"09/08/2014",NA,NA,NA,NA,NA,"","",NA,NA,NA,"",NA,NA,NA,"",NA,"Holothuriidae","","","",NA,NA,"",NA,NA,NA,NA,"Aspidochirotida",NA,NA,NA,NA,NA,"",NA,"",NA,NA,NA,"","","",NA,NA,NA,"whitmaei",NA,NA,NA,NA,"","",NA,NA,NA,"Holothuroidea","",NA,NA,"",NA,NA,NA,NA,"",NA,"",NA,NA,NA,NA,NA,NA,NA,NA,NA,"",NA,"",NA,NA,"",NA,"Ua Pou",NA,"Invertebrate Zoology","","",NA,"",-9.45288333333333,"MQ041","11280-Echinodermata",NA,NA,"","","2014-09-12T15:31:05.192Z",NA,NA,"","",NA,NA,NA,NA,NA,NA,NA,NA,NA,NA,NA,NA,NA,"Holothuria","",NA,NA,NA
"1636",NA,NA,"Nathaniel Evans, Serge Andrefouet, Francesca Benzoni, Jean-Louis Menou, Marco Olivirio, Claude Payri",NA,"Bell","","PreservedSpecimen","872733a2-67a3-4c54-aa76-862735a5f334",NA,NA,4,"",NA,"Marquesas Islands","",NA,NA,NA,NA,NA,"",NA,"2259631e-57ad-46d4-85e7-9268353daca0",NA,NA,NA,NA,"French Polynesia",NA,"",NA,NA,NA,"",NA,"",NA,NA,"","FLMNH",NA,NA,NA,NA,NA,12,NA,NA,NA,NA,NA,NA,"","B2EDAD6C-9FD1-4734-A7A7-F657F3C2B9D1",NA,NA,"",NA,"Holothuria whitmaei",NA,"",NA,"",-138.67835,NA,NA,NA,NA,NA,NA,NA,"",NA,NA,"",2011,"",NA,"2259631e-57ad-46d4-85e7-9268353daca0","ecee2f7c020e16c0bf800de3377e8ad28abb643a","",NA,"09/08/2014",NA,NA,NA,NA,NA,"","",NA,NA,NA,"",NA,NA,NA,"",NA,"Holothuriidae","","","",NA,NA,"",NA,NA,NA,NA,"Aspidochirotida",NA,NA,NA,NA,NA,"",NA,"",NA,NA,NA,"","","",NA,NA,NA,"whitmaei",NA,NA,NA,NA,"","",NA,NA,NA,"Holothuroidea","",NA,NA,"",NA,NA,NA,NA,"",NA,"",NA,NA,NA,NA,NA,NA,NA,NA,NA,"",NA,"",NA,NA,"",NA,"Fatu Hiva",NA,"Invertebrate Zoology","","",NA,"",-10.4716833333333,"MQ028","11938-Echinodermata",NA,NA,"","","2014-09-12T14:02:42.093Z",NA,NA,"","",NA,NA,NA,NA,NA,NA,NA,NA,NA,NA,NA,NA,NA,"Holothuria","",NA,NA,NA
"1650",NA,NA,"Nathaniel Evans",NA,"Bell","","PreservedSpecimen","872733a2-67a3-4c54-aa76-862735a5f334",NA,NA,31,"",NA,"New Caledonia","",NA,NA,NA,NA,NA,"",NA,"7f9fe921-5a44-461b-8279-bd3241495e87",NA,NA,NA,NA,"France",NA,"",NA,NA,NA,"",NA,"",NA,NA,"","FLMNH",NA,NA,NA,NA,NA,10,NA,NA,NA,NA,NA,NA,"","563FD440-462A-4036-9A5D-500AE0C91C54",NA,NA,"",NA,"Holothuria whitmaei",NA,"",NA,"",167.1961,NA,NA,NA,NA,NA,NA,NA,"",NA,NA,"",2013,"",NA,"7f9fe921-5a44-461b-8279-bd3241495e87","b5c08f6a515ab45e54b236f95e9a11cea821b69a","",NA,"09/08/2014",NA,NA,NA,NA,NA,"","",NA,NA,NA,"",NA,NA,NA,"",NA,"Holothuriidae","","","",NA,NA,"",NA,NA,NA,NA,"Aspidochirotida",NA,NA,NA,NA,NA,"",NA,"",NA,NA,NA,"","","",NA,NA,NA,"whitmaei",NA,NA,NA,NA,"","",NA,NA,NA,"Holothuroidea","",NA,NA,"",NA,NA,NA,NA,"",NA,"",NA,NA,NA,NA,NA,NA,NA,NA,NA,"",NA,"",NA,NA,"",NA,"",NA,"Invertebrate Zoology","","",NA,"",-22.5694,"LOF10","15741-Echinodermata",NA,NA,"","","2014-09-12T14:29:32.703Z",NA,NA,"","",NA,NA,NA,NA,NA,NA,NA,NA,NA,NA,NA,NA,NA,"Holothuria","",NA,NA,NA
"1659",NA,NA,"Nathaniel Evans, Serge Andrefouet, Francesca Benzoni, Jean-Louis Menou, Marco Olivirio, Claude Payri",NA,"Bell","","PreservedSpecimen","872733a2-67a3-4c54-aa76-862735a5f334",NA,NA,2,"",NA,"Marquesas Islands","",NA,NA,NA,NA,NA,"",NA,"389fef5d-f5b6-45f1-be68-09e074543054",NA,NA,NA,NA,"French Polynesia",NA,"",NA,NA,NA,"",NA,"",NA,NA,"","FLMNH",NA,NA,NA,NA,NA,12,NA,NA,NA,NA,NA,NA,"","BBFD3985-3A64-4F11-8F25-A4CA83EE6D36",NA,NA,"",NA,"Holothuria whitmaei",NA,"",NA,"",-138.811783333333,NA,NA,NA,NA,NA,NA,NA,"",NA,NA,"",2011,"",NA,"389fef5d-f5b6-45f1-be68-09e074543054","c7998e28e6e7833b7216cc907a7cfcad8c17b426","",NA,"09/08/2014",NA,NA,NA,NA,NA,"","",NA,NA,NA,"",NA,NA,NA,"",NA,"Holothuriidae","","","",NA,NA,"",NA,NA,NA,NA,"Aspidochirotida",NA,NA,NA,NA,NA,"",NA,"",NA,NA,NA,"","","",NA,NA,NA,"whitmaei",NA,NA,NA,NA,"","",NA,NA,NA,"Holothuroidea","",NA,NA,"",NA,NA,NA,NA,"",NA,"",NA,NA,NA,NA,NA,NA,NA,NA,NA,"",NA,"",NA,NA,"",NA,"Hiva Oa",NA,"Invertebrate Zoology","","",NA,"",-9.7454,"MQ024","11246-Echinodermata",NA,NA,"","","2014-09-12T16:30:44.530Z",NA,NA,"","",NA,NA,NA,NA,NA,NA,NA,NA,NA,NA,NA,NA,NA,"Holothuria","",NA,NA,NA
"1732",NA,NA,"Sea McKeon",NA,"Bell","","PreservedSpecimen","872733a2-67a3-4c54-aa76-862735a5f334",NA,NA,NA,"",NA,"Samoa Islands","",NA,NA,NA,NA,NA,"",NA,"739860ed-3292-496e-a6f2-f58bc4c476b5",NA,NA,NA,NA,"American Samoa",NA,"",NA,NA,NA,"",NA,"",NA,NA,"","FLMNH",NA,NA,NA,NA,NA,2,NA,NA,NA,NA,NA,NA,"","64F5C1C0-5493-4355-A119-DE216D3CC8E7",NA,NA,"",NA,"Holothuria whitmaei",NA,"",NA,"",-169.7,NA,NA,NA,NA,NA,NA,NA,"",NA,NA,"",2007,"",NA,"739860ed-3292-496e-a6f2-f58bc4c476b5","6fa5987f5f51ffe253ef3d8e791bda0d860ad6ac","",NA,"09/08/2014",NA,NA,NA,NA,NA,"","",NA,NA,NA,"",NA,NA,NA,"",NA,"Holothuriidae","","","",NA,NA,"",NA,NA,NA,NA,"Aspidochirotida",NA,NA,NA,NA,NA,"",NA,"",NA,NA,NA,"","","",NA,NA,NA,"whitmaei",NA,NA,NA,NA,"","",NA,NA,NA,"Holothuroidea","",NA,NA,"",NA,NA,NA,NA,"",NA,"",NA,NA,NA,NA,NA,NA,NA,NA,NA,"",NA,"",NA,NA,"",NA,"Ofu Island",NA,"Invertebrate Zoology","","",NA,"",-14.2,"SMOFU-001","5038-Echinodermata",NA,NA,"","","2014-09-12T15:55:20.058Z",NA,NA,"","",NA,NA,NA,NA,NA,NA,NA,NA,NA,NA,NA,NA,NA,"Holothuria","",NA,NA,NA
"1889",NA,NA,"Nathaniel Evans",NA,"Bell","","PreservedSpecimen","872733a2-67a3-4c54-aa76-862735a5f334",NA,NA,13,"",NA,"New Caledonia","",NA,NA,NA,NA,NA,"",NA,"d197963f-e496-4cdd-b0ef-bc95486b312a",NA,NA,NA,NA,"France",NA,"",NA,NA,NA,"",NA,"",NA,NA,"","FLMNH",NA,NA,NA,NA,NA,11,NA,NA,NA,NA,NA,NA,"","FCC7A716-BADD-4DC2-B175-618D4739DD9E",NA,NA,"",NA,"Holothuria whitmaei",NA,"",NA,"",162.8987,NA,NA,NA,NA,NA,NA,NA,"",NA,NA,"",2013,"",NA,"d197963f-e496-4cdd-b0ef-bc95486b312a","c33e6f1330ed3baa1d2b0b817f68132451ec848c","",NA,"09/08/2014",NA,NA,NA,NA,NA,"","",NA,NA,NA,"",NA,NA,NA,"",NA,"Holothuriidae","","","",NA,NA,"",NA,NA,NA,NA,"Aspidochirotida",NA,NA,NA,NA,NA,"",NA,"",NA,NA,NA,"","","",NA,NA,NA,"whitmaei",NA,NA,NA,NA,"","",NA,NA,NA,"Holothuroidea","",NA,NA,"",NA,NA,NA,NA,"",NA,"",NA,NA,NA,NA,NA,NA,NA,NA,NA,"",NA,"",NA,NA,"",NA,"",NA,"Invertebrate Zoology","","",NA,"",-17.91205,"NEST21","15753-Echinodermata",NA,NA,"","","2014-09-12T12:33:46.308Z",NA,NA,"","",NA,NA,NA,NA,NA,NA,NA,NA,NA,NA,NA,NA,NA,"Holothuria","",NA,NA,NA
"1899",NA,NA,"François Michonneau",NA,"Bell","","PreservedSpecimen","872733a2-67a3-4c54-aa76-862735a5f334",NA,NA,16,"",NA,"Mariana Islands","",NA,NA,NA,NA,NA,"",NA,"62c76252-e4a2-4161-b395-a9fa3deb5dd1",NA,NA,NA,NA,"USA",NA,"",NA,NA,NA,"",NA,"",NA,NA,"","FLMNH",NA,NA,NA,NA,NA,2,NA,NA,NA,NA,NA,NA,"","D7588006-9FAA-4A54-90F2-2D6EE43C35DD",NA,NA,"",NA,"Holothuria whitmaei",NA,"",NA,"",144.726632,NA,NA,NA,NA,NA,NA,NA,"",NA,NA,"",2008,"",NA,"62c76252-e4a2-4161-b395-a9fa3deb5dd1","f2ef4c1f50e3ca66ae8042265642813c91f578ed","",NA,"09/08/2014",NA,NA,NA,NA,NA,"","",NA,NA,NA,"",NA,NA,NA,"",NA,"Holothuriidae","","","",NA,NA,"",NA,NA,NA,NA,"Aspidochirotida",NA,NA,NA,NA,NA,"",NA,"",NA,NA,NA,"","","",NA,NA,NA,"whitmaei",NA,NA,NA,NA,"","",NA,NA,NA,"Holothuroidea","",NA,NA,"",NA,NA,NA,NA,"",NA,"",NA,NA,NA,NA,NA,NA,NA,NA,NA,"",NA,"",NA,NA,"",NA,"Guam Island",NA,"Invertebrate Zoology","","",NA,"",13.479096,"FM-St-GU08-04","7139-Echinodermata",NA,NA,"","","2014-09-12T09:08:17.758Z",NA,NA,"","",NA,NA,NA,NA,NA,NA,NA,NA,NA,NA,NA,NA,NA,"Holothuria","",NA,NA,NA
"1912",NA,NA,"Serge Andrefouet",NA,"Bell","","PreservedSpecimen","872733a2-67a3-4c54-aa76-862735a5f334",NA,NA,NA,"",NA,"Tuamotu Archipelago","",NA,NA,NA,NA,NA,"",NA,"6b6e34bd-a3ec-44cd-9889-17a7b69b23d2",NA,NA,NA,NA,"French Polynesia",NA,"",NA,NA,NA,"",NA,"",NA,NA,"","FLMNH",NA,NA,NA,NA,NA,NA,NA,NA,NA,NA,NA,NA,"","2C2CFA4C-DBDC-4F22-A634-A7B6C8741937",NA,NA,"",NA,"Holothuria whitmaei",NA,"",NA,"",NA,NA,NA,NA,NA,NA,NA,NA,"",NA,NA,"",2013,"",NA,"6b6e34bd-a3ec-44cd-9889-17a7b69b23d2","d534af758220e35c6a84a42b222c503cb29858c0","",NA,"09/08/2014",NA,NA,NA,NA,NA,"","",NA,NA,NA,"",NA,NA,NA,"",NA,"Holothuriidae","","","",NA,NA,"",NA,NA,NA,NA,"Aspidochirotida",NA,NA,NA,NA,NA,"",NA,"",NA,NA,NA,"","","",NA,NA,NA,"whitmaei",NA,NA,NA,NA,"","",NA,NA,NA,"Holothuroidea","",NA,NA,"",NA,NA,NA,NA,"",NA,"",NA,NA,NA,NA,NA,NA,NA,NA,NA,"",NA,"",NA,NA,"",NA,"",NA,"Invertebrate Zoology","","",NA,"",NA,"Andrefouet-Rangiroa","13242-Echinodermata",NA,NA,"","","2014-09-12T09:28:13.518Z",NA,NA,"","",NA,NA,NA,NA,NA,NA,NA,NA,NA,NA,NA,NA,NA,"Holothuria","",NA,NA,NA
"1963",NA,NA,"Starmer, J.",NA,"Bell","","PreservedSpecimen","872733a2-67a3-4c54-aa76-862735a5f334",NA,NA,1,"",NA,"Mariana Islands","",NA,NA,NA,NA,NA,"",NA,"db554985-c4be-4071-9c1e-f7857a6b60b9",NA,NA,NA,NA,"Northern Mariana Islands",NA,"",NA,NA,NA,"",NA,"",NA,NA,"","FLMNH",NA,NA,NA,NA,NA,1,NA,NA,NA,NA,NA,NA,"","AA1A7657-1FE8-415C-964D-4EC9B614A6CF",NA,NA,"",NA,"Holothuria whitmaei",NA,"",NA,"",NA,NA,NA,NA,NA,NA,NA,NA,"",NA,NA,"",2003,"",NA,"db554985-c4be-4071-9c1e-f7857a6b60b9","0d3d96f0fbc382a8f37b8fdc862753ff986b9f92","",NA,"09/08/2014",NA,NA,NA,NA,NA,"","",NA,NA,NA,"",NA,NA,NA,"",NA,"Holothuriidae","","","",NA,NA,"",NA,NA,NA,NA,"Aspidochirotida",NA,NA,NA,NA,NA,"",NA,"",NA,NA,NA,"","","",NA,NA,NA,"whitmaei",NA,NA,NA,NA,"","",NA,NA,NA,"Holothuroidea","",NA,NA,"",NA,NA,NA,NA,"",NA,"",NA,NA,NA,NA,NA,NA,NA,NA,NA,"",NA,"",NA,NA,"",NA,"",NA,"Invertebrate Zoology","","",NA,"",NA,"ZZZ-093162","4531-Echinodermata",NA,NA,"","","2014-09-12T17:40:40.827Z",NA,NA,"","",NA,NA,NA,NA,NA,NA,NA,NA,NA,NA,NA,NA,NA,"Holothuria","",NA,NA,NA
"2032",NA,NA,"Fishermen",NA,"Bell","","PreservedSpecimen","872733a2-67a3-4c54-aa76-862735a5f334",NA,NA,20,"",NA,"Ryukyus","",NA,NA,NA,NA,NA,"",NA,"84b09d9f-0b37-448b-952d-98b4c56c1824",NA,NA,NA,NA,"Japan",NA,"",NA,NA,NA,"",NA,"",NA,NA,"","FLMNH",NA,NA,NA,NA,NA,5,NA,NA,NA,NA,NA,NA,"","7C12E9A6-37C4-4C32-819F-7CC7EBDA1517",NA,NA,"",NA,"Holothuria whitmaei",NA,"",NA,"",127.56,NA,NA,NA,NA,NA,NA,NA,"",NA,NA,"",2011,"",NA,"84b09d9f-0b37-448b-952d-98b4c56c1824","1f49b1adfe0cfe7a1a8fd003d04aeecfd4bf15f1","",NA,"09/08/2014",NA,NA,NA,NA,NA,"","",NA,NA,NA,"",NA,NA,NA,"",NA,"Holothuriidae","","","",NA,NA,"",NA,NA,NA,NA,"Aspidochirotida",NA,NA,NA,NA,NA,"",NA,"",NA,NA,NA,"","","",NA,NA,NA,"whitmaei",NA,NA,NA,NA,"","",NA,NA,NA,"Holothuroidea","",NA,NA,"",NA,NA,NA,NA,"",NA,"",NA,NA,NA,NA,NA,NA,NA,NA,NA,"",NA,"",NA,NA,"",NA,"Okinawa",NA,"Invertebrate Zoology","","",NA,"",26.25,"FMOK11-St-40","11043-Echinodermata",NA,NA,"","","2014-09-12T18:46:05.162Z",NA,NA,"","",NA,NA,NA,NA,NA,NA,NA,NA,NA,NA,NA,NA,NA,"Holothuria","",NA,NA,NA
"2196",NA,NA,"Paulay, G.",NA,"Bell","","PreservedSpecimen","872733a2-67a3-4c54-aa76-862735a5f334",NA,NA,31,"",NA,"Mariana Islands","",NA,NA,NA,NA,NA,"",NA,"a1a47112-5df6-4d49-9292-ac919890dc6f",NA,NA,NA,NA,"USA",NA,"",NA,NA,NA,"",NA,"",NA,NA,"","FLMNH",NA,NA,NA,NA,NA,5,NA,NA,NA,NA,NA,NA,"","1559C08C-A472-4D68-819C-EE8CD6B4C6EE",NA,NA,"",NA,"Holothuria whitmaei",NA,"",NA,"",144.8,NA,NA,NA,NA,NA,NA,NA,"",NA,NA,"",2003,"",NA,"a1a47112-5df6-4d49-9292-ac919890dc6f","dad6e4bba474fefece5d24d5e12ef96f527f1e70","",NA,"09/08/2014",NA,NA,NA,NA,NA,"","",NA,NA,NA,"",NA,NA,NA,"",NA,"Holothuriidae","","","",NA,NA,"",NA,NA,NA,NA,"Aspidochirotida",NA,NA,NA,NA,NA,"",NA,"",NA,NA,NA,"","","",NA,NA,NA,"whitmaei",NA,NA,NA,NA,"","",NA,NA,NA,"Holothuroidea","",NA,NA,"",NA,NA,NA,NA,"",NA,"",NA,NA,NA,NA,NA,NA,NA,NA,NA,"",NA,"",NA,NA,"",NA,"Guam Island",NA,"Invertebrate Zoology","","",NA,"",13.5,"GP-Loc-754","4838-Echinodermata",NA,NA,"","","2014-09-12T17:47:19.070Z",NA,NA,"","",NA,NA,NA,NA,NA,NA,NA,NA,NA,NA,NA,NA,NA,"Holothuria","",NA,NA,NA
"2199",NA,NA,"Paulay, G.",NA,"Bell","","PreservedSpecimen","872733a2-67a3-4c54-aa76-862735a5f334",NA,NA,17,"",NA,"Niue Island","",NA,NA,NA,NA,NA,"",NA,"2d1fbd42-05f1-453e-8f25-c82bbd0236c1",NA,NA,NA,NA,"Niue Island",NA,"",NA,NA,NA,"",NA,"",NA,NA,"","FLMNH",NA,NA,NA,NA,NA,5,NA,NA,NA,NA,NA,NA,"","0E895517-5BA3-49BB-908B-61EAB582A236",NA,NA,"",NA,"Holothuria whitmaei",NA,"",NA,"",-169.9,NA,NA,NA,NA,NA,NA,NA,"",NA,NA,"",1986,"",NA,"2d1fbd42-05f1-453e-8f25-c82bbd0236c1","0246c2e6740f86bd0dcb76f6e0e8d7cce258fc17","",NA,"09/08/2014",NA,NA,NA,NA,NA,"","",NA,NA,NA,"",NA,NA,NA,"",NA,"Holothuriidae","","","",NA,NA,"",NA,NA,NA,NA,"Aspidochirotida",NA,NA,NA,NA,NA,"",NA,"",NA,NA,NA,"","","",NA,NA,NA,"whitmaei",NA,NA,NA,NA,"","",NA,NA,NA,"Holothuroidea","",NA,NA,"",NA,NA,NA,NA,"",NA,"",NA,NA,NA,NA,NA,NA,NA,NA,NA,"",NA,"",NA,NA,"",NA,"Niue Island",NA,"Invertebrate Zoology","","",NA,"",-19.1,"HNIUE-004","1334-Echinodermata",NA,NA,"","","2014-09-12T15:57:09.412Z",NA,NA,"","",NA,NA,NA,NA,NA,NA,NA,NA,NA,NA,NA,NA,NA,"Holothuria","",NA,NA,NA
"2259",NA,NA,"Kris Netchy & Alex Kerr",NA,"Bell","","PreservedSpecimen","872733a2-67a3-4c54-aa76-862735a5f334",NA,NA,31,"",NA,"Caroline Islands","",NA,NA,NA,NA,NA,"",NA,"ffef7487-5599-4565-9442-048bc2472edb",NA,NA,NA,NA,"Federated States of Micronesia",NA,"",NA,NA,NA,"",NA,"",NA,NA,"","FLMNH",NA,NA,NA,NA,NA,7,NA,NA,NA,NA,NA,NA,"","ED0514C3-3EB8-4AF5-B4F8-8556192E23EF",NA,NA,"",NA,"Holothuria whitmaei",NA,"",NA,"",138.16055,NA,NA,NA,NA,NA,NA,NA,"",NA,NA,"",2007,"",NA,"ffef7487-5599-4565-9442-048bc2472edb","766de841c1dbdbf6de96a186947dc03b3c4bc7c9","",NA,"09/08/2014",NA,NA,NA,NA,NA,"","",NA,NA,NA,"",NA,NA,NA,"",NA,"Holothuriidae","","","",NA,NA,"",NA,NA,NA,NA,"Aspidochirotida",NA,NA,NA,NA,NA,"",NA,"",NA,NA,NA,"","","",NA,NA,NA,"whitmaei",NA,NA,NA,NA,"","",NA,NA,NA,"Holothuroidea","",NA,NA,"",NA,NA,NA,NA,"",NA,"",NA,NA,NA,NA,NA,NA,NA,NA,NA,"",NA,"",NA,NA,"",NA,"Yap State",NA,"Invertebrate Zoology","","",NA,"",9.50113,"AK-Yap-04","5866-Echinodermata",NA,NA,"","","2014-09-12T18:50:20.207Z",NA,NA,"","",NA,NA,NA,NA,NA,NA,NA,NA,NA,NA,NA,NA,NA,"Holothuria","",NA,NA,NA
"2312",NA,NA,"John Starmer",NA,"Bell","","PreservedSpecimen","872733a2-67a3-4c54-aa76-862735a5f334",NA,NA,NA,"",NA,"Marquesas Islands","",NA,NA,NA,NA,NA,"",NA,"f063cae2-d6eb-4e68-ae89-d7001e5780c4",NA,NA,NA,NA,"French Polynesia",NA,"",NA,NA,NA,"",NA,"",NA,NA,"","FLMNH",NA,NA,NA,NA,NA,1,NA,NA,NA,NA,NA,NA,"","F091D9EA-3074-40F4-B2CF-5DBCF5D5D338",NA,NA,"",NA,"Holothuria whitmaei",NA,"",NA,"",-140.11352,NA,NA,NA,NA,NA,NA,NA,"",NA,NA,"",2012,"",NA,"f063cae2-d6eb-4e68-ae89-d7001e5780c4","10b01a6767609ef6941a09346cf9e95be58adeb4","",NA,"09/08/2014",NA,NA,NA,NA,NA,"","",NA,NA,NA,"",NA,NA,NA,"",NA,"Holothuriidae","","","",NA,NA,"",NA,NA,NA,NA,"Aspidochirotida",NA,NA,NA,NA,NA,"",NA,"",NA,NA,NA,"","","",NA,NA,NA,"whitmaei",NA,NA,NA,NA,"","",NA,NA,NA,"Holothuroidea","",NA,NA,"",NA,NA,NA,NA,"",NA,"",NA,NA,NA,NA,NA,NA,NA,NA,NA,"",NA,"",NA,NA,"",NA,"",NA,"Invertebrate Zoology","","",NA,"",-9.36858,"MQ-21","14068-Echinodermata",NA,NA,"","","2014-09-12T16:13:04.678Z",NA,NA,"","",NA,NA,NA,NA,NA,NA,NA,NA,NA,NA,NA,NA,NA,"Holothuria","",NA,NA,NA
"2324",NA,NA,"",NA,"Bell","","PreservedSpecimen","872733a2-67a3-4c54-aa76-862735a5f334",NA,NA,NA,"",NA,"Pitcairn Islands","",NA,NA,NA,NA,NA,"",NA,"035f85e8-1571-43d3-b194-a5601f29b3e1",NA,NA,NA,NA,"Pitcairn Islands",NA,"",NA,NA,NA,"",NA,"",NA,NA,"","FLMNH",NA,NA,NA,NA,NA,NA,NA,NA,NA,NA,NA,NA,"","BF342E80-B5EB-47F8-AD08-A574D7823E6E",NA,NA,"",NA,"Holothuria whitmaei",NA,"",NA,"",NA,NA,NA,NA,NA,NA,NA,NA,"",NA,NA,"",NA,"",NA,"035f85e8-1571-43d3-b194-a5601f29b3e1","7147f708ff06205334249030b53c43a9c9863ae3","",NA,"09/08/2014",NA,NA,NA,NA,NA,"","",NA,NA,NA,"",NA,NA,NA,"",NA,"Holothuriidae","","","",NA,NA,"",NA,NA,NA,NA,"Aspidochirotida",NA,NA,NA,NA,NA,"",NA,"",NA,NA,NA,"","","",NA,NA,NA,"whitmaei",NA,NA,NA,NA,"","",NA,NA,NA,"Holothuroidea","",NA,NA,"",NA,NA,NA,NA,"",NA,"",NA,NA,NA,NA,NA,NA,NA,NA,NA,"",NA,"",NA,NA,"",NA,"Henderson Island",NA,"Invertebrate Zoology","","",NA,"",NA,"ZZZ-090691","3198-Echinodermata",NA,NA,"","","2014-09-12T14:56:09.784Z",NA,NA,"","",NA,NA,NA,NA,NA,NA,NA,NA,NA,NA,NA,NA,NA,"Holothuria","",NA,NA,NA
"2451",NA,NA,"Paulay, G.",NA,"Bell","","PreservedSpecimen","872733a2-67a3-4c54-aa76-862735a5f334",NA,NA,8,"",NA,"Cook Islands","",NA,NA,NA,NA,NA,"",NA,"3bae4ca9-ddfe-4cb9-9bf1-1951183c1e24",NA,NA,NA,NA,"Cook Islands",NA,"",NA,NA,NA,"",NA,"",NA,NA,"","FLMNH",NA,NA,NA,NA,NA,10,NA,NA,NA,NA,NA,NA,"","B6EC8697-1280-44C3-83EA-F3C979B3930F",NA,NA,"",NA,"Holothuria whitmaei",NA,"",NA,"",-159.8,NA,NA,NA,NA,NA,NA,NA,"",NA,NA,"",1984,"",NA,"3bae4ca9-ddfe-4cb9-9bf1-1951183c1e24","4ef2cab91f9f4cd1b7ff77a51101b98477cd99ca","",NA,"09/08/2014",NA,NA,NA,NA,NA,"","",NA,NA,NA,"",NA,NA,NA,"",NA,"Holothuriidae","","","",NA,NA,"",NA,NA,NA,NA,"Aspidochirotida",NA,NA,NA,NA,NA,"",NA,"",NA,NA,NA,"","","",NA,NA,NA,"whitmaei",NA,NA,NA,NA,"","",NA,NA,NA,"Holothuroidea","",NA,NA,"",NA,NA,NA,NA,"",NA,"",NA,NA,NA,NA,NA,NA,NA,NA,NA,"",NA,"",NA,NA,"",NA,"Rarotonga Island",NA,"Invertebrate Zoology","","",NA,"",-21.2,"HRAR-011","927-Echinodermata",NA,NA,"","","2014-09-12T18:27:58.040Z",NA,NA,"","",NA,NA,NA,NA,NA,NA,NA,NA,NA,NA,NA,NA,NA,"Holothuria","",NA,NA,NA
"2460",NA,NA,"Gustav Paulay, Sea McKeon, Brian Zgliczynski, Rusty Brainard, Jim Maragos & John Starmer",NA,"Bell","","PreservedSpecimen","872733a2-67a3-4c54-aa76-862735a5f334",NA,NA,12,"",NA,"Hawaiian Islands","",NA,NA,NA,NA,NA,"",NA,"495db75b-74ad-4047-9784-5e8bc8b2779e",NA,NA,NA,NA,"USA",NA,"",NA,NA,NA,"",NA,"",NA,NA,"","FLMNH",NA,NA,NA,NA,NA,10,NA,NA,NA,NA,NA,NA,"","4BB4EFD3-7D89-49EA-8A50-F3D73CDAA456",NA,NA,"",NA,"Holothuria whitmaei",NA,"",NA,"",-166.1842,NA,NA,NA,NA,NA,NA,NA,"",NA,NA,"",2006,"",NA,"495db75b-74ad-4047-9784-5e8bc8b2779e","f2dad1d3fb8260491014381203bb011181da96d8","",NA,"09/08/2014",NA,NA,NA,NA,NA,"","",NA,NA,NA,"",NA,NA,NA,"",NA,"Holothuriidae","","","",NA,NA,"",NA,NA,NA,NA,"Aspidochirotida",NA,NA,NA,NA,NA,"",NA,"",NA,NA,NA,"","","",NA,NA,NA,"whitmaei",NA,NA,NA,NA,"","",NA,NA,NA,"Holothuroidea","",NA,NA,"",NA,NA,NA,NA,"",NA,"",NA,NA,NA,NA,NA,NA,NA,NA,NA,"",NA,"",NA,NA,"",NA,"French Frigate Shoals",NA,"Invertebrate Zoology","","",NA,"",23.8632,"FFS-0017","6079-Echinodermata",NA,NA,"","","2014-09-12T12:35:43.425Z",NA,NA,"","",NA,NA,NA,NA,NA,NA,NA,NA,NA,NA,NA,NA,NA,"Holothuria","",NA,NA,NA
"2517",NA,NA,"Nathaniel Evans",NA,"Bell","","PreservedSpecimen","872733a2-67a3-4c54-aa76-862735a5f334",NA,NA,13,"",NA,"New Caledonia","",NA,NA,NA,NA,NA,"",NA,"87fd5632-c900-40ea-bda3-9bf62059de1b",NA,NA,NA,NA,"France",NA,"",NA,NA,NA,"",NA,"",NA,NA,"","FLMNH",NA,NA,NA,NA,NA,11,NA,NA,NA,NA,NA,NA,"","45939E57-B1D8-4913-84CD-CAC845755D33",NA,NA,"",NA,"Holothuria whitmaei",NA,"",NA,"",162.89752,NA,NA,NA,NA,NA,NA,NA,"",NA,NA,"",2013,"",NA,"87fd5632-c900-40ea-bda3-9bf62059de1b","fbad174a6fe5c8bffa5b6fa9454f6a8f40781002","",NA,"09/08/2014",NA,NA,NA,NA,NA,"","",NA,NA,NA,"",NA,NA,NA,"",NA,"Holothuriidae","","","",NA,NA,"",NA,NA,NA,NA,"Aspidochirotida",NA,NA,NA,NA,NA,"",NA,"",NA,NA,NA,"","","",NA,NA,NA,"whitmaei",NA,NA,NA,NA,"","",NA,NA,NA,"Holothuroidea","",NA,NA,"",NA,NA,NA,NA,"",NA,"",NA,NA,NA,NA,NA,NA,NA,NA,NA,"",NA,"",NA,NA,"",NA,"",NA,"Invertebrate Zoology","","",NA,"",-17.88725,"LOF43","15744-Echinodermata",NA,NA,"","","2014-09-12T09:57:26.074Z",NA,NA,"","",NA,NA,NA,NA,NA,NA,NA,NA,NA,NA,NA,NA,NA,"Holothuria","",NA,NA,NA
"2550",NA,NA,"Nathaniel Evans",NA,"Bell","","PreservedSpecimen","872733a2-67a3-4c54-aa76-862735a5f334",NA,NA,31,"",NA,"New Caledonia","",NA,NA,NA,NA,NA,"",NA,"2fb2d08d-660a-46db-b173-a6f916f4d935",NA,NA,NA,NA,"France",NA,"",NA,NA,NA,"",NA,"",NA,NA,"","FLMNH",NA,NA,NA,NA,NA,10,NA,NA,NA,NA,NA,NA,"","8801A056-77F6-4824-9862-F7FD24F6D450",NA,NA,"",NA,"Holothuria whitmaei",NA,"",NA,"",167.1961,NA,NA,NA,NA,NA,NA,NA,"",NA,NA,"",2013,"",NA,"2fb2d08d-660a-46db-b173-a6f916f4d935","f5b81054546c523ab6d455afef31a77e094c1c15","",NA,"09/08/2014",NA,NA,NA,NA,NA,"","",NA,NA,NA,"",NA,NA,NA,"",NA,"Holothuriidae","","","",NA,NA,"",NA,NA,NA,NA,"Aspidochirotida",NA,NA,NA,NA,NA,"",NA,"",NA,NA,NA,"","","",NA,NA,NA,"whitmaei",NA,NA,NA,NA,"","",NA,NA,NA,"Holothuroidea","",NA,NA,"",NA,NA,NA,NA,"",NA,"",NA,NA,NA,NA,NA,NA,NA,NA,NA,"",NA,"",NA,NA,"",NA,"",NA,"Invertebrate Zoology","","",NA,"",-22.5694,"LOF10","15780-Echinodermata",NA,NA,"","","2014-09-12T12:57:25.175Z",NA,NA,"","",NA,NA,NA,NA,NA,NA,NA,NA,NA,NA,NA,NA,NA,"Holothuria","",NA,NA,NA
"2602",NA,NA,"John Starmer",NA,"Bell","","PreservedSpecimen","872733a2-67a3-4c54-aa76-862735a5f334",NA,NA,NA,"",NA,"","",NA,NA,NA,NA,NA,"",NA,"d9eefa3d-790e-4eef-a707-dcb70e2a7844",NA,NA,NA,NA,"Northern Mariana Islands",NA,"",NA,NA,NA,"",NA,"",NA,NA,"","FLMNH",NA,NA,NA,NA,NA,NA,NA,NA,NA,NA,NA,NA,"","4D857121-3A82-46EE-99DB-9ABE3A74DCC5",NA,NA,"",NA,"Holothuria whitmaei",NA,"",NA,"",NA,NA,NA,NA,NA,NA,NA,NA,"",NA,NA,"",NA,"",NA,"d9eefa3d-790e-4eef-a707-dcb70e2a7844","b406fb4a3f295ead94fb76079d17453a99e51017","",NA,"09/08/2014",NA,NA,NA,NA,NA,"","",NA,NA,NA,"",NA,NA,NA,"",NA,"Holothuriidae","","","",NA,NA,"",NA,NA,NA,NA,"Aspidochirotida",NA,NA,NA,NA,NA,"",NA,"",NA,NA,NA,"","","",NA,NA,NA,"whitmaei",NA,NA,NA,NA,"","",NA,NA,NA,"Holothuroidea","",NA,NA,"",NA,NA,NA,NA,"",NA,"",NA,NA,NA,NA,NA,NA,NA,NA,NA,"",NA,"",NA,NA,"",NA,"",NA,"Invertebrate Zoology","","",NA,"",NA,"Starmer-CNMI","12529-Echinodermata",NA,NA,"","","2014-09-12T15:03:37.165Z",NA,NA,"","",NA,NA,NA,NA,NA,NA,NA,NA,NA,NA,NA,NA,NA,"Holothuria","",NA,NA,NA
"2611",NA,NA,"Nathaniel Evans",NA,"Bell","","PreservedSpecimen","872733a2-67a3-4c54-aa76-862735a5f334",NA,NA,7,"",NA,"New Caledonia","",NA,NA,NA,NA,NA,"",NA,"cc9d0221-02a9-4853-8359-5912305a5fb4",NA,NA,NA,NA,"France",NA,"",NA,NA,NA,"",NA,"",NA,NA,"","FLMNH",NA,NA,NA,NA,NA,11,NA,NA,NA,NA,NA,NA,"","96829F07-BA2F-49B8-88B7-FCD80906C651",NA,NA,"",NA,"Holothuria whitmaei",NA,"",NA,"",163.47628,NA,NA,NA,NA,NA,NA,NA,"",NA,NA,"",2013,"",NA,"cc9d0221-02a9-4853-8359-5912305a5fb4","1b8c9023b3442d2ed0bef56ec0f596933004c847","",NA,"09/08/2014",NA,NA,NA,NA,NA,"","",NA,NA,NA,"",NA,NA,NA,"",NA,"Holothuriidae","","","",NA,NA,"",NA,NA,NA,NA,"Aspidochirotida",NA,NA,NA,NA,NA,"",NA,"",NA,NA,NA,"","","",NA,NA,NA,"whitmaei",NA,NA,NA,NA,"","",NA,NA,NA,"Holothuroidea","",NA,NA,"",NA,NA,NA,NA,"",NA,"",NA,NA,NA,NA,NA,NA,NA,NA,NA,"",NA,"",NA,NA,"",NA,"",NA,"Invertebrate Zoology","","",NA,"",-18.844935,"NEST15","15747-Echinodermata",NA,NA,"","","2014-09-12T18:45:59.027Z",NA,NA,"","",NA,NA,NA,NA,NA,NA,NA,NA,NA,NA,NA,NA,NA,"Holothuria","",NA,NA,NA
"2740",NA,NA,"Starmer, J.",NA,"Bell","","PreservedSpecimen","872733a2-67a3-4c54-aa76-862735a5f334",NA,NA,NA,"",NA,"Henderson Island","",NA,NA,NA,NA,NA,"",NA,"db60cfef-b823-434e-8011-b2ebba9e9782",NA,NA,NA,NA,"Pitcairn Islands",NA,"",NA,NA,NA,"",NA,"",NA,NA,"","FLMNH",NA,NA,NA,NA,NA,NA,NA,NA,NA,NA,NA,NA,"","8091E67E-6038-40DE-A517-09CB00B633A0",NA,NA,"",NA,"Holothuria whitmaei",NA,"",NA,"",NA,NA,NA,NA,NA,NA,NA,NA,"",NA,NA,"",NA,"",NA,"db60cfef-b823-434e-8011-b2ebba9e9782","851a0cb10c9e6ef1c00fe0b9124aa384d6cf25fd","",NA,"09/08/2014",NA,NA,NA,NA,NA,"","",NA,NA,NA,"",NA,NA,NA,"",NA,"Holothuriidae","","","",NA,NA,"",NA,NA,NA,NA,"Aspidochirotida",NA,NA,NA,NA,NA,"",NA,"",NA,NA,NA,"","","",NA,NA,NA,"whitmaei",NA,NA,NA,NA,"","",NA,NA,NA,"Holothuroidea","",NA,NA,"",NA,NA,NA,NA,"",NA,"",NA,NA,NA,NA,NA,NA,NA,NA,NA,"",NA,"",NA,NA,"",NA,"",NA,"Invertebrate Zoology","","",NA,"",NA,"JAS-HEN-Beach","3459-Echinodermata",NA,NA,"","","2014-09-12T13:34:19.965Z",NA,NA,"","",NA,NA,NA,NA,NA,NA,NA,NA,NA,NA,NA,NA,NA,"Holothuria","",NA,NA,NA
"2749",NA,NA,"David Lane et al.",NA,"Bell","","PreservedSpecimen","872733a2-67a3-4c54-aa76-862735a5f334",NA,NA,11,"",NA,"Sanma Province","",NA,NA,NA,NA,NA,"",NA,"1a8682cf-f8b2-4d29-8189-b79ab1585fe4",NA,NA,NA,NA,"Vanuatu",NA,"",NA,NA,NA,"",NA,"",NA,NA,"","FLMNH",NA,NA,NA,NA,NA,9,NA,NA,NA,NA,NA,NA,"","C50A353F-81D6-4C0E-A022-C755A8EA4E6C",NA,NA,"",NA,"Holothuria whitmaei",NA,"",NA,"",NA,NA,NA,NA,NA,NA,NA,NA,"",NA,NA,"",2006,"",NA,"1a8682cf-f8b2-4d29-8189-b79ab1585fe4","5e978eed74d74524d234f8deee67154faa740341","",NA,"09/08/2014",NA,NA,NA,NA,NA,"","",NA,NA,NA,"",NA,NA,NA,"",NA,"Holothuriidae","","","",NA,NA,"",NA,NA,NA,NA,"Aspidochirotida",NA,NA,NA,NA,NA,"",NA,"",NA,NA,NA,"","","",NA,NA,NA,"whitmaei",NA,NA,NA,NA,"","",NA,NA,NA,"Holothuroidea","",NA,NA,"",NA,NA,NA,NA,"",NA,"",NA,NA,NA,NA,NA,NA,NA,NA,NA,"",NA,"",NA,NA,"",NA,"",NA,"Invertebrate Zoology","","",NA,"",NA,"Vanuatu-001","5567-Echinodermata",NA,NA,"","","2014-09-12T13:50:12.510Z",NA,NA,"","",NA,NA,NA,NA,NA,NA,NA,NA,NA,NA,NA,NA,NA,"Holothuria","",NA,NA,NA
"2828",NA,NA,"",NA,"Bell","","PreservedSpecimen","872733a2-67a3-4c54-aa76-862735a5f334",NA,NA,20,"",NA,"Mariana Islands","",NA,NA,NA,NA,NA,"",NA,"2524f681-5382-422f-a077-a747b47fc478",NA,NA,NA,NA,"USA",NA,"",NA,NA,NA,"",NA,"",NA,NA,"","FLMNH",NA,NA,NA,NA,NA,5,NA,NA,NA,NA,NA,NA,"","A3A26157-972E-4618-BB9F-9AEF9D958C78",NA,NA,"",NA,"Holothuria whitmaei",NA,"",NA,"",144.8,NA,NA,NA,NA,NA,NA,NA,"",NA,NA,"",1967,"",NA,"2524f681-5382-422f-a077-a747b47fc478","024c9a325e5966707aae96aa86310b7010a29e98","",NA,"09/08/2014",NA,NA,NA,NA,NA,"","",NA,NA,NA,"",NA,NA,NA,"",NA,"Holothuriidae","","","",NA,NA,"",NA,NA,NA,NA,"Aspidochirotida",NA,NA,NA,NA,NA,"",NA,"",NA,NA,NA,"","","",NA,NA,NA,"whitmaei",NA,NA,NA,NA,"","",NA,NA,NA,"Holothuroidea","",NA,NA,"",NA,NA,NA,NA,"",NA,"",NA,NA,NA,NA,NA,NA,NA,NA,NA,"",NA,"",NA,NA,"",NA,"Guam Island",NA,"Invertebrate Zoology","","",NA,"",13.5,"UGI-Station-172","12276-Echinodermata",NA,NA,"","","2014-09-12T11:05:28.987Z",NA,NA,"","",NA,NA,NA,NA,NA,NA,NA,NA,NA,NA,NA,NA,NA,"Holothuria","",NA,NA,NA
"2837",NA,NA,"Baptiste Faure, Richard Ibik, Rachel James, Selma Pomalak",NA,"Bell","","PreservedSpecimen","872733a2-67a3-4c54-aa76-862735a5f334",NA,NA,14,"",NA,"Madang Province","",NA,NA,NA,NA,NA,"",NA,"8608530f-7760-4447-9e8c-cb9a235f960a",NA,NA,NA,NA,"Papua New Guinea",NA,"",NA,NA,NA,"",NA,"",NA,NA,"","FLMNH",NA,NA,NA,NA,NA,11,NA,NA,NA,NA,NA,NA,"","42517226-9303-403C-B0F6-5A37BECCED09",NA,NA,"",NA,"Holothuria whitmaei",NA,"",NA,"",145.822479,NA,NA,NA,NA,NA,NA,NA,"",NA,NA,"",2012,"",NA,"8608530f-7760-4447-9e8c-cb9a235f960a","67d9ac6b7abf1c78948b55a84e716915873259ac","",NA,"09/08/2014",NA,NA,NA,NA,NA,"","",NA,NA,NA,"",NA,NA,NA,"",NA,"Holothuriidae","","","",NA,NA,"",NA,NA,NA,NA,"Aspidochirotida",NA,NA,NA,NA,NA,"",NA,"",NA,NA,NA,"","","",NA,NA,NA,"whitmaei",NA,NA,NA,NA,"","",NA,NA,NA,"Holothuroidea","",NA,NA,"",NA,NA,NA,NA,"",NA,"",NA,NA,NA,NA,NA,NA,NA,NA,NA,"",NA,"",NA,NA,"",NA,"",NA,"Invertebrate Zoology","","",NA,"",-5.082334,"PB17","14706-Echinodermata",NA,NA,"","","2014-09-12T11:21:39.918Z",NA,NA,"","",NA,NA,NA,NA,NA,NA,NA,NA,NA,NA,NA,NA,NA,"Holothuria","",NA,NA,NA
"2855",NA,NA,"J. Earle, J. Hoover, G. Paulay",NA,"Bell","","PreservedSpecimen","872733a2-67a3-4c54-aa76-862735a5f334",NA,NA,24,"",NA,"Hawaiian Islands","",NA,NA,NA,NA,NA,"",NA,"decd54d6-2e1e-495c-b9a6-283fd46b34b8",NA,NA,NA,NA,"USA",NA,"",NA,NA,NA,"",NA,"",NA,NA,"","FLMNH",NA,NA,NA,NA,NA,2,NA,NA,NA,NA,NA,NA,"","4A4CDC3F-847C-4A5C-B9A4-6E10CD57E021",NA,NA,"",NA,"Holothuria whitmaei",NA,"",NA,"",-155.24556,NA,NA,NA,NA,NA,NA,NA,"",NA,NA,"",2006,"",NA,"decd54d6-2e1e-495c-b9a6-283fd46b34b8","4dae04a62473f7788b899302bd58dc5061b740f8","",NA,"09/08/2014",NA,NA,NA,NA,NA,"","",NA,NA,NA,"",NA,NA,NA,"",NA,"Holothuriidae","","","",NA,NA,"",NA,NA,NA,NA,"Aspidochirotida",NA,NA,NA,NA,NA,"",NA,"",NA,NA,NA,"","","",NA,NA,NA,"whitmaei",NA,NA,NA,NA,"","",NA,NA,NA,"Holothuroidea","",NA,NA,"",NA,NA,NA,NA,"",NA,"",NA,NA,NA,NA,NA,NA,NA,NA,NA,"",NA,"",NA,NA,"",NA,"Oahu Island",NA,"Invertebrate Zoology","","",NA,"",19.99667,"GP-Loc-852","4836-Echinodermata",NA,NA,"","","2014-09-12T10:43:26.155Z",NA,NA,"","",NA,NA,NA,NA,NA,NA,NA,NA,NA,NA,NA,NA,NA,"Holothuria","",NA,NA,NA
"2856",NA,NA,"Paulay, G.",NA,"Bell","","PreservedSpecimen","872733a2-67a3-4c54-aa76-862735a5f334",NA,NA,27,"",NA,"Niue Island","",NA,NA,NA,NA,NA,"",NA,"97b46952-1d13-40a4-b358-855a8185d90e",NA,NA,NA,NA,"Niue Island",NA,"",NA,NA,NA,"",NA,"",NA,NA,"","FLMNH",NA,NA,NA,NA,NA,5,NA,NA,NA,NA,NA,NA,"","4B6A067A-F34A-4A84-9959-1E02B932BCC7",NA,NA,"",NA,"Holothuria whitmaei",NA,"",NA,"",-169.9,NA,NA,NA,NA,NA,NA,NA,"",NA,NA,"",1986,"",NA,"97b46952-1d13-40a4-b358-855a8185d90e","0c71a9656ab6a357e41b55851d16e64450030bb0","",NA,"09/08/2014",NA,NA,NA,NA,NA,"","",NA,NA,NA,"",NA,NA,NA,"",NA,"Holothuriidae","","","",NA,NA,"",NA,NA,NA,NA,"Aspidochirotida",NA,NA,NA,NA,NA,"",NA,"",NA,NA,NA,"","","",NA,NA,NA,"whitmaei",NA,NA,NA,NA,"","",NA,NA,NA,"Holothuroidea","",NA,NA,"",NA,NA,NA,NA,"",NA,"",NA,NA,NA,NA,NA,NA,NA,NA,NA,"",NA,"",NA,NA,"",NA,"Niue Island",NA,"Invertebrate Zoology","","",NA,"",-19.1,"HNIUE-016","1336-Echinodermata",NA,NA,"","","2014-09-12T10:44:10.210Z",NA,NA,"","",NA,NA,NA,NA,NA,NA,NA,NA,NA,NA,NA,NA,NA,"Holothuria","",NA,NA,NA
"2857",NA,NA,"Starmer, J.",NA,"Bell","","PreservedSpecimen","872733a2-67a3-4c54-aa76-862735a5f334",NA,NA,NA,"",NA,"Henderson Island","",NA,NA,NA,NA,NA,"",NA,"c335bb49-033c-48eb-84c3-28a8d7aa292a",NA,NA,NA,NA,"Pitcairn Islands",NA,"",NA,NA,NA,"",NA,"",NA,NA,"","FLMNH",NA,NA,NA,NA,NA,NA,NA,NA,NA,NA,NA,NA,"","F823A76F-AB8D-4C23-A2B9-E5B9D352027C",NA,NA,"",NA,"Holothuria whitmaei",NA,"",NA,"",NA,NA,NA,NA,NA,NA,NA,NA,"",NA,NA,"",NA,"",NA,"c335bb49-033c-48eb-84c3-28a8d7aa292a","4475f5ee2b51c5458e3bdbdfe341994a425b8987","",NA,"09/08/2014",NA,NA,NA,NA,NA,"","",NA,NA,NA,"",NA,NA,NA,"",NA,"Holothuriidae","","","",NA,NA,"",NA,NA,NA,NA,"Aspidochirotida",NA,NA,NA,NA,NA,"",NA,"",NA,NA,NA,"","","",NA,NA,NA,"whitmaei",NA,NA,NA,NA,"","",NA,NA,NA,"Holothuroidea","",NA,NA,"",NA,NA,NA,NA,"",NA,"",NA,NA,NA,NA,NA,NA,NA,NA,NA,"",NA,"",NA,NA,"",NA,"",NA,"Invertebrate Zoology","","",NA,"",NA,"JAS-HEN-Beach","3449-Echinodermata",NA,NA,"","","2014-09-12T10:45:11.347Z",NA,NA,"","",NA,NA,NA,NA,NA,NA,NA,NA,NA,NA,NA,NA,NA,"Holothuria","",NA,NA,NA
"2950",NA,NA,"Nathaniel Evans",NA,"Bell","","PreservedSpecimen","872733a2-67a3-4c54-aa76-862735a5f334",NA,NA,21,"",NA,"New Caledonia","",NA,NA,NA,NA,NA,"",NA,"7b88b3ca-97f5-402e-9233-88d1aa0ba13b",NA,NA,NA,NA,"France",NA,"",NA,NA,NA,"",NA,"",NA,NA,"","FLMNH",NA,NA,NA,NA,NA,11,NA,NA,NA,NA,NA,NA,"","00667246-7F9D-4892-913E-7C613F880149",NA,NA,"",NA,"Holothuria whitmaei",NA,"",NA,"",163.09553,NA,NA,NA,NA,NA,NA,NA,"",NA,NA,"",2013,"",NA,"7b88b3ca-97f5-402e-9233-88d1aa0ba13b","18dd6651a44ccca7196f09ba6b1f53b77274f64f","",NA,"09/08/2014",NA,NA,NA,NA,NA,"","",NA,NA,NA,"",NA,NA,NA,"",NA,"Holothuriidae","","","",NA,NA,"",NA,NA,NA,NA,"Aspidochirotida",NA,NA,NA,NA,NA,"",NA,"",NA,NA,NA,"","","",NA,NA,NA,"whitmaei",NA,NA,NA,NA,"","",NA,NA,NA,"Holothuroidea","",NA,NA,"",NA,NA,NA,NA,"",NA,"",NA,NA,NA,NA,NA,NA,NA,NA,NA,"",NA,"",NA,NA,"",NA,"",NA,"Invertebrate Zoology","","",NA,"",-18.48788,"NEST32","15743-Echinodermata",NA,NA,"","","2014-09-12T15:31:41.270Z",NA,NA,"","",NA,NA,NA,NA,NA,NA,NA,NA,NA,NA,NA,NA,NA,"Holothuria","",NA,NA,NA
