"","idigbio.associateDeterminedBy","dwc.taxonRemarks","dwc.habitat","dwc.occurrenceStatus","dcterms.accessRights","dwc.locality","dwc.samplingProtocol","dwc.verbatimCoordinates","dwc.island","dwc.scientificName","dwc.waterBody","dcterms.bibliographicCitation","row.number","idigbio.subgenus","dwc.taxonRank","dwc.islandGroup","dwc.namePublishedInID","idigbio.associateCondition","idigbio.substrate","idigbio.dateModified","idigbio.associatedFamily","dwc.year","dwc.kingdom","dwc.minimumDepthInMeters","inhs.location_Stream","dwc.identificationQualifier","dwc.individualCount","dwc.county","dwc.establishmentMeans","dwc.associatedTaxa","dwc.reproductiveCondition","dwc.basisOfRecord","dwc.latestEraOrHighestErathem","inhs.live","inhs.superfamily","dwc.identificationReferences","inhs.instars_Female","dwc.nomenclaturalCode","dwc.higherGeography","dwc.eventDate","dwc.preparation","inhs.locationTrs","dwc.scientificNameAuthorship","fcc.superfamily","fcc.subfamily","idigbio.associateCommonName","idigbio.etag","idigbio.determinationHistory","dwc.collectionCode","dwc.member","dcterms.reference","idigbio.endangeredStatus","dwc.informationWithheld","inhs.location_Basin","dwc.samplingEffort","dwc.locationRemarks","dwc.municipality","dwc.countryCode","idigbio.uuid","dcterms.references","dwc.previousIdentifications","dwc.scientificNameID","inhs.formI_males","idigbio.associateAuthor","dwc.identificationVerificationStatus","dwc.lifeStage","dwc.recordedBy","dwc.endDayOfYear","inhs.juv_males","dwc.vernacularName","idigbio.barcodeValue","dwc.occurrenceRemarks","dwc.otherCatalogNumbers","dcterms.source","dwc.coordinateUncertaintyInMeters","dwc.georeferenceRemarks","symbiotaverbatimScientificName","idigbio.hostFamily","dwc.typeStatus","dwc.locationAccordingTo","dcterms.modified","dwc.latestAgeOrHighestStage","dwc.identifiedBy","dwc.continent","dwc.catalogNumber","dwc.class","idigbio.preservative","fcc.pickedBy","inhs.formII_males","dwc.identificationRemarks","dwc.associatedMedia","dwc.earliestEpochOrLowestSeries","dwc.verbatimSRS","dwc.originalNameUsage","inhs.vouchered","dwc.infraspecificEpithet","dwc.verbatimElevation","dwc.collectionID","dwc.occurrenceID","dwc.dataGeneralizations","dwc.fieldNumber","dwc.preparations","dwc.lowestBiostratigraphicZone","dwc.relatedResourceID","dwc.nameAccordingTo","idigbio.associatedRelationship","dwc.institutionCode","idigbio.associateRelationship","dwc.latestPeriodOrHighestSystem","dwc.verbatimTaxonRank","dwc.specificEpithet","dwc.lithostratigraphicTerms","inhs.location_RiverMile","dwc.individualID","dwc.formation","dwc.subgenus","dwc.disposition","dwc.earliestEraOrLowestErathem","inhs.dead","dwc.georeferenceProtocol","dwc.nomenclaturalStatus","dwc.fieldNotes","inhs.juv_undetermined","dcterms.rightsHolder","dcterms.language","dwc.locationID","dwc.dateIdentified","dwc.phylum","dwc.sex","inhs.relic","symbiota.verbatimScientificName","id","dwc.startDayOfYear","inhs.total_Males","dwc.earliestPeriodOrLowestSystem","idigbio.createdBy","dwc.verbatimDepth","dwc.georeferenceSources","dwc.eventRemarks","dwc.georeferencedDate","dwc.verbatimLongitude","dwc.geodeticDatum","dwc.month","idigbio.subfamily","dwc.order","dwc.earliestAgeOrLowestStage","inhs.juv_females","dwc.eventTime","dwc.stateProvince","dwc.footprintWKT","dwc.verbatimLatitude","dwc.verbatimEventDate","dwc.associatedReferences","dwc.decimalLongitude","dwc.institutionID","idigbio.recordId","idigbio.associateNotes","dwc.family","dwc.decimalLatitude","dwc.taxonID","dwc.coordinatePrecision","dwc.eventID","fcc.datePicked","dwc.datasetID","dwc.VerbatimEventDate","inhs.instars_Male","dwc.rights","dwc.datasetName","http...symbiota.org.terms.verbatimScientificName","dwc.country","idigbio.recordID","dwc.georeferenceVerificationStatus","dwc.georeferencedBy","dwc.associatedSequences","idigbio.tribe","dcterms.type","dwc.verbatimLocality","dwc.ownerInstitutionCode","dwc.dynamicProperties","inhs.total_females","dwc.accessRights","idigbio.preparationCount","idigbio.recordIds","dwc.identificationID","dwc.namePublishedIn","idigbio.version","dwc.day","dwc.genus","dwc.verbatimCoordinateSystem","idigbio.associateIdentifier","dwc.higherClassification","dwc.associatedOccurrences","dwc.latestEpochOrHighestSeries","dwc.group","dwc.maximumDepthInMeters","dcterms.rights","dwc.behavior","inhs.formII_females","dwc.bed","dwc.minimumElevationInMeters","dwc.maximumElevationInMeters","dwc.recordNumber","dwc.rightsHolder"
"3",NA,NA,"",NA,NA,"Zanzibar","","",NA,"Holothuria (Mertensiothuria) leucospilota","",NA,NA,NA,NA,NA,NA,NA,NA,"2014-05-28T20:27:23.905Z",NA,NA,"Animalia",NA,NA,NA,1,"",NA,NA,NA,"PreservedSpecimen",NA,NA,NA,NA,NA,"ICZN","Indian Ocean, Indian Ocean, Western","1861-12-02",NA,NA,"(Brandt, 1835)",NA,NA,NA,"44f1f9862622f7276548777c0a84cf835d91155c",NA,"IZ",NA,NA,NA,NA,NA,NA,"",NA,NA,"1a19b653-efd2-4f06-ad74-c669c161d4c9","http://mczbase.mcz.harvard.edu/guid/MCZ:IZ:HOL-733",NA,NA,NA,NA,"",NA,"Capt J B Ashby",NA,NA,NA,NA,NA,"other number=411",NA,NA,"",NA,NA,"",NA,"2014-05-02 11:02:26.0",NA,"[no agent data]","Indian Ocean","HOL-733","Holothuroidea",NA,NA,NA,"","http://mczbase.mcz.harvard.edu/guid/MCZ:IZ:HOL-733",NA,NA,NA,NA,"",NA,NA,"MCZ:IZ:HOL-733",NA,"","whole animal (70% ethanol)",NA,NA,NA,NA,"MCZ",NA,NA,NA,"leucospilota",NA,NA,NA,NA,NA,"not applicable",NA,NA,"",NA,NA,NA,"President and Fellows of Harvard College","en","","","Echinodermata","",NA,NA,"1a19b653-efd2-4f06-ad74-c669c161d4c9",0,NA,NA,"872733a2-67a3-4c54-aa76-862735a5f334","","","",NA,"","",NA,NA,"Aspidochirotida",NA,NA,NA,"",NA,"","Dec 2 1861","",NA,"b4640710-8e03-11d8-b956-b8a03c50a862",NA,NA,"Holothuriidae",NA,NA,NA,NA,NA,NA,NA,NA,NA,NA,NA,"",NA,NA,"",NA,NA,"PhysicalObject",NA,"Museum of Comparative Zoology, Harvard University","",NA,NA,NA,NA,NA,NA,NA,NA,"Holothuria","",NA,"Animalia Echinodermata Holothuroidea Aspidochirotida Holothuriidae Holothuria (Mertensiothuria) leucospilota","",NA,NA,NA,NA,NA,NA,NA,NA,NA,"",NA
"5",NA,NA,"",NA,NA,"Fiji Islands, Nukulan Island","","",NA,"Holothuria (Mertensiothuria) leucospilota","",NA,NA,NA,NA,NA,NA,NA,NA,"2014-05-04T10:09:08.366Z",NA,NA,"Animalia",NA,NA,NA,1,"",NA,NA,NA,"PreservedSpecimen",NA,NA,NA,NA,NA,"ICZN","Pacific Ocean, Pacific, Western Central","1897-12-07",NA,NA,"(Brandt, 1835)",NA,NA,NA,"3884d5532157e50998722ab0055c78b13acaffe2",NA,"IZ",NA,NA,NA,NA,NA,NA,"",NA,NA,"1193f46b-7de5-44bf-b298-4b44e2b88fe6","http://mczbase.mcz.harvard.edu/guid/MCZ:IZ:HOL-725",NA,NA,NA,NA,"",NA,"Alexander Agassiz",NA,NA,NA,NA,NA,"",NA,NA,"",NA,NA,"",NA,"2014-04-28 12:02:26.0",NA,"[no agent data]","Pacific Ocean","HOL-725","Holothuroidea",NA,NA,NA,"","http://mczbase.mcz.harvard.edu/guid/MCZ:IZ:HOL-725",NA,NA,NA,NA,"",NA,NA,"MCZ:IZ:HOL-725",NA,"","whole animal (70% ethanol)",NA,NA,NA,NA,"MCZ",NA,NA,NA,"leucospilota",NA,NA,NA,NA,NA,"not applicable",NA,NA,"",NA,NA,NA,"President and Fellows of Harvard College","en","","","Echinodermata","",NA,NA,"1193f46b-7de5-44bf-b298-4b44e2b88fe6",0,NA,NA,"872733a2-67a3-4c54-aa76-862735a5f334","","","",NA,"","",NA,NA,"Aspidochirotida",NA,NA,NA,"",NA,"","December 7, 1897","",NA,"b4640710-8e03-11d8-b956-b8a03c50a862",NA,NA,"Holothuriidae",NA,NA,NA,NA,NA,NA,NA,NA,NA,NA,NA,"",NA,NA,"",NA,NA,"PhysicalObject",NA,"Museum of Comparative Zoology, Harvard University","",NA,NA,NA,NA,NA,NA,NA,NA,"Holothuria","",NA,"Animalia Echinodermata Holothuroidea Aspidochirotida Holothuriidae Holothuria (Mertensiothuria) leucospilota","",NA,NA,NA,NA,NA,NA,NA,NA,NA,"",NA
"26",NA,NA,"",NA,NA,"Australia, Queensland, Torres Strait, Murray Island (Mer)","","",NA,"Holothuria (Mertensiothuria) leucospilota","",NA,NA,NA,NA,NA,NA,NA,NA,"2014-06-18T08:40:04.162Z",NA,NA,"Animalia",NA,NA,NA,1,"",NA,NA,NA,"PreservedSpecimen",NA,NA,NA,NA,NA,"ICZN","Pacific Ocean, Pacific, Western Central","1913-10-13",NA,NA,"(Brandt, 1835)",NA,NA,NA,"076f33c98cb03f6d067f6c1e574966acc07d2755",NA,"IZ",NA,NA,NA,NA,NA,NA,"",NA,NA,"b9b251f2-e79b-4cf8-a128-ffaed7bc4c68","http://mczbase.mcz.harvard.edu/guid/MCZ:IZ:HOL-1066",NA,NA,NA,NA,"",NA,"Hubert Lyman Clark, Carnegie Expedition to the Torres Strait",NA,NA,NA,NA,NA,"",NA,NA,"",NA,NA,"",NA,"2014-05-13 10:06:21.0",NA,"[no agent data], World Register of Marine Species","Pacific Ocean","HOL-1066","Holothuroidea",NA,NA,NA,"","http://mczbase.mcz.harvard.edu/guid/MCZ:IZ:HOL-1066",NA,NA,NA,NA,"",NA,NA,"MCZ:IZ:HOL-1066",NA,"","whole animal (70% ethanol)",NA,NA,NA,NA,"MCZ",NA,NA,NA,"leucospilota",NA,NA,NA,NA,NA,"not applicable",NA,NA,"",NA,NA,NA,"President and Fellows of Harvard College","en","","","Echinodermata","",NA,NA,"b9b251f2-e79b-4cf8-a128-ffaed7bc4c68",0,NA,NA,"872733a2-67a3-4c54-aa76-862735a5f334","","","",NA,"","",NA,NA,"Aspidochirotida",NA,NA,NA,"",NA,"","October 13, 1913","",NA,"b4640710-8e03-11d8-b956-b8a03c50a862",NA,NA,"Holothuriidae",NA,NA,NA,NA,NA,NA,NA,NA,NA,NA,NA,"",NA,NA,"",NA,NA,"PhysicalObject",NA,"Museum of Comparative Zoology, Harvard University","",NA,NA,NA,NA,NA,NA,NA,NA,"Holothuria","",NA,"Animalia Echinodermata Holothuroidea Aspidochirotida Holothuriidae Holothuria (Mertensiothuria) leucospilota","",NA,NA,NA,NA,NA,NA,NA,NA,NA,"",NA
"67",NA,NA,"",NA,NA,"off Northern Territory, Australia; East Point, near Darwin","","",NA,"Holothuria (Mertensiothuria) leucospilota","",NA,NA,NA,NA,NA,NA,NA,NA,"2014-07-13T01:05:50.765Z",NA,NA,"Animalia",NA,NA,NA,1,"",NA,NA,NA,"PreservedSpecimen",NA,NA,NA,NA,NA,"ICZN","Pacific Ocean, Pacific, Western Central","1913-06-01/1913-06-30",NA,NA,"(Brandt, 1835)",NA,NA,NA,"0ce3130c0341de2e8a978957eea13aecbf14744d",NA,"IZ",NA,NA,NA,NA,NA,NA,"",NA,NA,"4545b2b7-e861-4cb3-84c6-14d9543f6208","http://mczbase.mcz.harvard.edu/guid/MCZ:IZ:HOL-1524",NA,NA,NA,NA,"",NA,"Hubert Lyman Clark, Carnegie Expedition to the Torres Strait",NA,NA,NA,NA,NA,"",NA,NA,"",NA,NA,"",NA,"2014-05-02 14:02:27.0",NA,"[no agent data]","Pacific Ocean","HOL-1524","Holothuroidea",NA,NA,NA,"","http://mczbase.mcz.harvard.edu/guid/MCZ:IZ:HOL-1524",NA,NA,NA,NA,"",NA,NA,"MCZ:IZ:HOL-1524",NA,"","whole animal (70% ethanol)",NA,NA,NA,NA,"MCZ",NA,NA,NA,"leucospilota",NA,NA,NA,NA,NA,"not applicable",NA,NA,"",NA,NA,NA,"President and Fellows of Harvard College","en","","","Echinodermata","",NA,NA,"4545b2b7-e861-4cb3-84c6-14d9543f6208",0,NA,NA,"872733a2-67a3-4c54-aa76-862735a5f334","","","",NA,"","",NA,NA,"Aspidochirotida",NA,NA,NA,"",NA,"","1913-6","",NA,"b4640710-8e03-11d8-b956-b8a03c50a862",NA,NA,"Holothuriidae",NA,NA,NA,NA,NA,NA,NA,NA,NA,NA,NA,"",NA,NA,"",NA,NA,"PhysicalObject",NA,"Museum of Comparative Zoology, Harvard University","",NA,NA,NA,NA,NA,NA,NA,NA,"Holothuria","",NA,"Animalia Echinodermata Holothuroidea Aspidochirotida Holothuriidae Holothuria (Mertensiothuria) leucospilota","",NA,NA,NA,NA,NA,NA,NA,NA,NA,"",NA
"315",NA,NA,"",NA,NA,"off Fiji Islands, Moala Island","","",NA,"Holothuria (Mertensiothuria) leucospilota","",NA,NA,NA,NA,NA,NA,NA,NA,"2014-05-04T09:24:58.803Z",NA,NA,"Animalia",NA,NA,NA,1,"",NA,NA,NA,"PreservedSpecimen",NA,NA,NA,NA,NA,"ICZN","Pacific Ocean, Pacific, Western Central","1897-11-29",NA,NA,"(Brandt, 1835)",NA,NA,NA,"afd8689512dd094f1e150a9bf2b3a33f15a2860e",NA,"IZ",NA,NA,NA,NA,NA,NA,"",NA,NA,"f7d245cd-aa76-43bf-9db9-c7838b0bf18d","http://mczbase.mcz.harvard.edu/guid/MCZ:IZ:HOL-724",NA,NA,NA,NA,"",NA,"Alexander Agassiz",NA,NA,NA,NA,NA,"",NA,NA,"",NA,NA,"",NA,"2014-04-28 12:02:26.0",NA,"[no agent data]","Pacific Ocean","HOL-724","Holothuroidea",NA,NA,NA,"","http://mczbase.mcz.harvard.edu/guid/MCZ:IZ:HOL-724",NA,NA,NA,NA,"",NA,NA,"MCZ:IZ:HOL-724",NA,"","whole animal (70% ethanol)",NA,NA,NA,NA,"MCZ",NA,NA,NA,"leucospilota",NA,NA,NA,NA,NA,"not applicable",NA,NA,"",NA,NA,NA,"President and Fellows of Harvard College","en","","","Echinodermata","",NA,NA,"f7d245cd-aa76-43bf-9db9-c7838b0bf18d",0,NA,NA,"872733a2-67a3-4c54-aa76-862735a5f334","","","",NA,"","",NA,NA,"Aspidochirotida",NA,NA,NA,"",NA,"","29/11/1897","",NA,"b4640710-8e03-11d8-b956-b8a03c50a862",NA,NA,"Holothuriidae",NA,NA,NA,NA,NA,NA,NA,NA,NA,NA,NA,"",NA,NA,"",NA,NA,"PhysicalObject",NA,"Museum of Comparative Zoology, Harvard University","",NA,NA,NA,NA,NA,NA,NA,NA,"Holothuria","",NA,"Animalia Echinodermata Holothuroidea Aspidochirotida Holothuriidae Holothuria (Mertensiothuria) leucospilota","",NA,NA,NA,NA,NA,NA,NA,NA,NA,"",NA
"349",NA,NA,"",NA,NA,"Hawaiian Islands: French Frigate Shoal","","",NA,"Holothuria (Mertensiothuria) leucospilota","",NA,NA,NA,NA,NA,NA,NA,NA,"2014-07-13T02:40:34.531Z",NA,NA,"Animalia",NA,NA,NA,1,"",NA,NA,NA,"PreservedSpecimen",NA,NA,NA,NA,NA,"ICZN","Pacific Ocean, Pacific, Eastern Central","1800-01-01/2014-05-02",NA,NA,"(Brandt, 1835)",NA,NA,NA,"171d0915b7302c59e88a51ee3e2b33ae1d59a6d5",NA,"IZ",NA,NA,NA,NA,NA,NA,"",NA,NA,"de746269-f7a8-4ac5-b23f-1a18a2fb5e8f","http://mczbase.mcz.harvard.edu/guid/MCZ:IZ:HOL-1370",NA,NA,NA,NA,"",NA,"[no agent data]",NA,NA,NA,NA,NA,"",NA,NA,"",NA,NA,"",NA,"2014-05-02 13:02:26.0",NA,"[no agent data], [no agent data]","Pacific Ocean","HOL-1370","Holothuroidea",NA,NA,NA,"","http://mczbase.mcz.harvard.edu/guid/MCZ:IZ:HOL-1370",NA,NA,NA,NA,"",NA,NA,"MCZ:IZ:HOL-1370",NA,"","whole animal (70% ethanol)",NA,NA,NA,NA,"MCZ",NA,NA,NA,"leucospilota",NA,NA,NA,NA,NA,"not applicable",NA,NA,"",NA,NA,NA,"President and Fellows of Harvard College","en","","","Echinodermata","",NA,NA,"de746269-f7a8-4ac5-b23f-1a18a2fb5e8f",0,NA,NA,"872733a2-67a3-4c54-aa76-862735a5f334","","","",NA,"","",NA,NA,"Aspidochirotida",NA,NA,NA,"",NA,"","[date unknown]","",NA,"b4640710-8e03-11d8-b956-b8a03c50a862",NA,NA,"Holothuriidae",NA,NA,NA,NA,NA,NA,NA,NA,NA,NA,NA,"",NA,NA,"",NA,NA,"PhysicalObject",NA,"Museum of Comparative Zoology, Harvard University","",NA,NA,NA,NA,NA,NA,NA,NA,"Holothuria","",NA,"Animalia Echinodermata Holothuroidea Aspidochirotida Holothuriidae Holothuria (Mertensiothuria) leucospilota","",NA,NA,NA,NA,NA,NA,NA,NA,NA,"",NA
"368",NA,NA,"",NA,NA,"Australia, Queensland: Snapper Island near Port Douglans","","",NA,"Holothuria (Mertensiothuria) leucospilota","",NA,NA,NA,NA,NA,NA,NA,NA,"2014-07-13T00:40:45.054Z",NA,NA,"Animalia",NA,NA,NA,1,"",NA,NA,NA,"PreservedSpecimen",NA,NA,NA,NA,NA,"ICZN","Pacific Ocean, Pacific, Western Central","1929-03-07",NA,NA,"(Brandt, 1835)",NA,NA,NA,"487c119dc5d332999b45e96a169eff3694fcef90",NA,"IZ",NA,NA,NA,NA,NA,NA,"",NA,NA,"47df196c-81e1-44d6-a23b-d758971dab55","http://mczbase.mcz.harvard.edu/guid/MCZ:IZ:HOL-715",NA,NA,NA,NA,"",NA,"Great Barrier Reef Expedition - 1928-1929",NA,NA,NA,NA,NA,"",NA,NA,"",NA,NA,"",NA,"2014-05-13 10:27:20.0",NA,"[no agent data]","Pacific Ocean","HOL-715","Holothuroidea",NA,NA,NA,"","http://mczbase.mcz.harvard.edu/guid/MCZ:IZ:HOL-715",NA,NA,NA,NA,"",NA,NA,"MCZ:IZ:HOL-715",NA,"","whole animal (70% ethanol)",NA,NA,NA,NA,"MCZ",NA,NA,NA,"leucospilota",NA,NA,NA,NA,NA,"not applicable",NA,NA,"",NA,NA,NA,"President and Fellows of Harvard College","en","","","Echinodermata","",NA,NA,"47df196c-81e1-44d6-a23b-d758971dab55",0,NA,NA,"872733a2-67a3-4c54-aa76-862735a5f334","","","",NA,"","",NA,NA,"Aspidochirotida",NA,NA,NA,"",NA,"","March 7 1929","",NA,"b4640710-8e03-11d8-b956-b8a03c50a862",NA,NA,"Holothuriidae",NA,NA,NA,NA,NA,NA,NA,NA,NA,NA,NA,"",NA,NA,"",NA,NA,"PhysicalObject",NA,"Museum of Comparative Zoology, Harvard University","",NA,NA,NA,NA,NA,NA,NA,NA,"Holothuria","",NA,"Animalia Echinodermata Holothuroidea Aspidochirotida Holothuriidae Holothuria (Mertensiothuria) leucospilota","",NA,NA,NA,NA,NA,NA,NA,NA,NA,"",NA
"372",NA,NA,"",NA,NA,"Republic of Mauritius","","",NA,"Holothuria (Mertensiothuria) leucospilota","",NA,NA,NA,NA,NA,NA,NA,NA,"2014-07-12T16:52:23.799Z",NA,NA,"Animalia",NA,NA,NA,1,"",NA,NA,NA,"PreservedSpecimen",NA,NA,NA,NA,NA,"ICZN","Indian Ocean, Indian Ocean, Western","1870-01-01/1879-12-31",NA,NA,"(Brandt, 1835)",NA,NA,NA,"4a322edbdf7dc0891eb81dc0243091a3af0e87dd",NA,"IZ",NA,NA,NA,NA,NA,NA,"",NA,NA,"3a51ef5d-a65c-46aa-8fae-dfd821e5bc44","http://mczbase.mcz.harvard.edu/guid/MCZ:IZ:HOL-734",NA,NA,NA,NA,"unverified",NA,"Nicholas Pike",NA,NA,NA,NA,NA,"",NA,47318,"",NA,NA,"",NA,"2014-06-04 10:13:52.0",NA,"[no agent data], World Register of Marine Species","Indian Ocean","HOL-734","Holothuroidea",NA,NA,NA,"","http://mczbase.mcz.harvard.edu/guid/MCZ:IZ:HOL-734",NA,NA,NA,NA,"",NA,NA,"MCZ:IZ:HOL-734",NA,"","whole animal (70% ethanol)",NA,NA,NA,NA,"MCZ",NA,NA,NA,"leucospilota",NA,NA,NA,NA,NA,"not applicable",NA,NA,"GEOLocate",NA,NA,NA,"President and Fellows of Harvard College","en","","","Echinodermata","",NA,NA,"3a51ef5d-a65c-46aa-8fae-dfd821e5bc44",0,NA,NA,"872733a2-67a3-4c54-aa76-862735a5f334","","GEOLocate","",NA,"57.583333d","WGS84",NA,NA,"Aspidochirotida",NA,NA,NA,"",NA,"-20.3d","[date unknown]","",57.583333,"b4640710-8e03-11d8-b956-b8a03c50a862",NA,NA,"Holothuriidae",-20.3,NA,47318,NA,NA,NA,NA,NA,NA,NA,NA,"",NA,NA,"Jessica Anne Mullen",NA,NA,"PhysicalObject",NA,"Museum of Comparative Zoology, Harvard University","",NA,NA,NA,NA,NA,NA,NA,NA,"Holothuria","decimal degrees",NA,"Animalia Echinodermata Holothuroidea Aspidochirotida Holothuriidae Holothuria (Mertensiothuria) leucospilota","",NA,NA,NA,NA,NA,NA,NA,NA,NA,"",NA
"605",NA,NA,"",NA,NA,"Australia, New South Wales, Lord Howe Island","","",NA,"Holothuria (Mertensiothuria) leucospilota","",NA,NA,NA,NA,NA,NA,NA,NA,"2014-07-12T15:03:28.811Z",NA,NA,"Animalia",NA,NA,NA,1,"",NA,NA,NA,"PreservedSpecimen",NA,NA,NA,NA,NA,"ICZN","Pacific Ocean, Pacific, Southwest","1932-04-01/1932-04-30",NA,NA,"(Brandt, 1835)",NA,NA,NA,"493c025b55084d08cf69949207aec2d344a8f1a2",NA,"IZ",NA,NA,NA,NA,NA,NA,"",NA,NA,"63cd49df-cf9f-41dd-a42a-657371ebed01","http://mczbase.mcz.harvard.edu/guid/MCZ:IZ:HOL-1523",NA,NA,NA,NA,"migration",NA,"Harvard Australia Expedition 1931-1932",NA,NA,NA,NA,NA,"",NA,12662,"",NA,NA,"",NA,"2014-06-18 15:18:05.0",NA,"[no agent data]","Pacific Ocean","HOL-1523","Holothuroidea",NA,NA,NA,"","http://mczbase.mcz.harvard.edu/guid/MCZ:IZ:HOL-1523",NA,NA,NA,NA,"",NA,NA,"MCZ:IZ:HOL-1523",NA,"","whole animal (70% ethanol)",NA,NA,NA,NA,"MCZ",NA,NA,NA,"leucospilota",NA,NA,NA,NA,NA,"not applicable",NA,NA,"GEOLocate",NA,NA,NA,"President and Fellows of Harvard College","en","","","Echinodermata","",NA,NA,"63cd49df-cf9f-41dd-a42a-657371ebed01",0,NA,NA,"872733a2-67a3-4c54-aa76-862735a5f334","","GEOLocate","",NA,"159.0727d","WGS84",NA,NA,"Aspidochirotida",NA,NA,NA,"",NA,"-31.532389d","April 1932","",159.0727,"b4640710-8e03-11d8-b956-b8a03c50a862",NA,NA,"Holothuriidae",-31.532389,NA,12662,NA,NA,NA,NA,NA,NA,NA,NA,"",NA,NA,"Penny Benson",NA,NA,"PhysicalObject",NA,"Museum of Comparative Zoology, Harvard University","",NA,NA,NA,NA,NA,NA,NA,NA,"Holothuria","decimal degrees",NA,"Animalia Echinodermata Holothuroidea Aspidochirotida Holothuriidae Holothuria (Mertensiothuria) leucospilota","",NA,NA,NA,NA,NA,NA,NA,NA,NA,"",NA
"606",NA,NA,"",NA,NA,"Tanzania, Tanganyika Territory, Dar es Salaam","","",NA,"Holothuria (Mertensiothuria) leucospilota","",NA,NA,NA,NA,NA,NA,NA,NA,"2014-07-12T19:31:47.152Z",NA,NA,"Animalia",NA,NA,NA,1,"",NA,NA,NA,"PreservedSpecimen",NA,NA,NA,NA,NA,"ICZN","Indian Ocean, Indian Ocean, Western","1948-12-11",NA,NA,"(Brandt, 1835)",NA,NA,NA,"4ce1b6d6af5a29d2a2317f59740e6388e81116fe",NA,"IZ",NA,NA,NA,NA,NA,NA,"",NA,NA,"a298ec16-70e3-43f9-9513-11d62111d9b4","http://mczbase.mcz.harvard.edu/guid/MCZ:IZ:HOL-4083",NA,NA,NA,NA,"",NA,"Arthur Loveridge, MCZ Expeditions",NA,NA,NA,NA,NA,"",NA,NA,"",NA,NA,"",NA,"2014-05-02 14:02:28.0",NA,"[no agent data]","Indian Ocean","HOL-4083","Holothuroidea",NA,NA,NA,"","http://mczbase.mcz.harvard.edu/guid/MCZ:IZ:HOL-4083",NA,NA,NA,NA,"",NA,NA,"MCZ:IZ:HOL-4083",NA,"","whole animal (70% ethanol)",NA,NA,NA,NA,"MCZ",NA,NA,NA,"leucospilota",NA,NA,NA,NA,NA,"not applicable",NA,NA,"",NA,NA,NA,"President and Fellows of Harvard College","en","","","Echinodermata","",NA,NA,"a298ec16-70e3-43f9-9513-11d62111d9b4",0,NA,NA,"872733a2-67a3-4c54-aa76-862735a5f334","","","",NA,"","",NA,NA,"Aspidochirotida",NA,NA,NA,"",NA,"","December 11, 1948","",NA,"b4640710-8e03-11d8-b956-b8a03c50a862",NA,NA,"Holothuriidae",NA,NA,NA,NA,NA,NA,NA,NA,NA,NA,NA,"",NA,NA,"",NA,NA,"PhysicalObject",NA,"Museum of Comparative Zoology, Harvard University","",NA,NA,NA,NA,NA,NA,NA,NA,"Holothuria","",NA,"Animalia Echinodermata Holothuroidea Aspidochirotida Holothuriidae Holothuria (Mertensiothuria) leucospilota","",NA,NA,NA,NA,NA,NA,NA,NA,NA,"",NA
"624",NA,NA,"",NA,NA,"Australia, Northern Territory, Cape Keith, Melville Island","","",NA,"Holothuria (Mertensiothuria) leucospilota","",NA,NA,NA,NA,NA,NA,NA,NA,"2014-07-12T22:51:41.199Z",NA,NA,"Animalia",NA,NA,NA,1,"",NA,NA,NA,"PreservedSpecimen",NA,NA,NA,NA,NA,"ICZN","Pacific Ocean, Pacific, Western Central","1700-01-01/2014-05-19",NA,NA,"(Brandt, 1835)",NA,NA,NA,"56f3acc339010054fbcac38e81efe3123803af83",NA,"IZ",NA,NA,NA,NA,NA,NA,"",NA,NA,"061a2030-4a0a-4833-b897-3351327b51f9","http://mczbase.mcz.harvard.edu/guid/MCZ:IZ:HOL-2093",NA,NA,NA,NA,"",NA,"[no agent data]",NA,NA,NA,NA,NA,"",NA,NA,"",NA,NA,"",NA,"2014-05-19 11:02:25.0",NA,"[no agent data]","Pacific Ocean","HOL-2093","Holothuroidea",NA,NA,NA,"","http://mczbase.mcz.harvard.edu/guid/MCZ:IZ:HOL-2093",NA,NA,NA,NA,"",NA,NA,"MCZ:IZ:HOL-2093",NA,"","whole animal (70% ethanol)",NA,NA,NA,NA,"MCZ",NA,NA,NA,"leucospilota",NA,NA,NA,NA,NA,"not applicable",NA,NA,"",NA,NA,NA,"President and Fellows of Harvard College","en","","","Echinodermata","",NA,NA,"061a2030-4a0a-4833-b897-3351327b51f9",0,NA,NA,"872733a2-67a3-4c54-aa76-862735a5f334","","","",NA,"","",NA,NA,"Aspidochirotida",NA,NA,NA,"",NA,"","[date unknown]","",NA,"b4640710-8e03-11d8-b956-b8a03c50a862",NA,NA,"Holothuriidae",NA,NA,NA,NA,NA,NA,NA,NA,NA,NA,NA,"",NA,NA,"",NA,NA,"PhysicalObject",NA,"Museum of Comparative Zoology, Harvard University","",NA,NA,NA,NA,NA,NA,NA,NA,"Holothuria","",NA,"Animalia Echinodermata Holothuroidea Aspidochirotida Holothuriidae Holothuria (Mertensiothuria) leucospilota","",NA,NA,NA,NA,NA,NA,NA,NA,NA,"",NA
"655",NA,NA,"",NA,NA,"[no specific locality]","","",NA,"Holothuria (Mertensiothuria) leucospilota","",NA,NA,NA,NA,NA,NA,NA,NA,"2014-07-13T04:47:27.306Z",NA,NA,"Animalia",NA,NA,NA,1,"",NA,NA,NA,"PreservedSpecimen",NA,NA,NA,NA,NA,"ICZN","[no higher geography data], null","1700-01-01/2014-05-02",NA,NA,"(Brandt, 1835)",NA,NA,NA,"8036972ae81dfb087d998828adec4272bac51490",NA,"IZ",NA,NA,NA,NA,NA,NA,"",NA,NA,"08f0969d-e641-4fa2-a1f3-612addb2fbbb","http://mczbase.mcz.harvard.edu/guid/MCZ:IZ:HOL-4084",NA,NA,NA,NA,"",NA,"[no agent data]",NA,NA,NA,NA,NA,"other number=A.B.4",NA,NA,"",NA,NA,"",NA,"2014-06-10 16:59:13.0",NA,"[no agent data]","[no higher geography data]","HOL-4084","Holothuroidea",NA,NA,NA,"","http://mczbase.mcz.harvard.edu/guid/MCZ:IZ:HOL-4084",NA,NA,NA,NA,"",NA,NA,"MCZ:IZ:HOL-4084",NA,"","whole animal (70% ethanol)",NA,NA,NA,NA,"MCZ",NA,NA,NA,"leucospilota",NA,NA,NA,NA,NA,"not applicable",NA,NA,"",NA,NA,NA,"President and Fellows of Harvard College","en","","","Echinodermata","",NA,NA,"08f0969d-e641-4fa2-a1f3-612addb2fbbb",0,NA,NA,"872733a2-67a3-4c54-aa76-862735a5f334","","","",NA,"","",NA,NA,"Aspidochirotida",NA,NA,NA,"",NA,"","[date unknown]","",NA,"b4640710-8e03-11d8-b956-b8a03c50a862",NA,NA,"Holothuriidae",NA,NA,NA,NA,NA,NA,NA,NA,NA,NA,NA,"",NA,NA,"",NA,NA,"PhysicalObject",NA,"Museum of Comparative Zoology, Harvard University","",NA,NA,NA,NA,NA,NA,NA,NA,"Holothuria","",NA,"Animalia Echinodermata Holothuroidea Aspidochirotida Holothuriidae Holothuria (Mertensiothuria) leucospilota","",NA,NA,NA,NA,NA,NA,NA,NA,NA,"",NA
"889",NA,NA,"",NA,NA,"Philippines: Port Galera, Mindoro","","",NA,"Holothuria (Mertensiothuria) leucospilota","",NA,NA,NA,NA,NA,NA,NA,NA,"2014-07-12T13:49:38.565Z",NA,NA,"Animalia",NA,NA,NA,1,"",NA,NA,NA,"PreservedSpecimen",NA,NA,NA,NA,NA,"ICZN","Pacific Ocean, Pacific, Western Central","1912-01-01/1912-12-31",NA,NA,"(Brandt, 1835)",NA,NA,NA,"fd14552c38b863b7df6cd2c62873c8c72a69a6ca",NA,"IZ",NA,NA,NA,NA,NA,NA,"",NA,NA,"3535d97c-b498-4868-927f-4d850e90089b","http://mczbase.mcz.harvard.edu/guid/MCZ:IZ:HOL-1112",NA,NA,NA,NA,"",NA,"Dr. Lawrence E. Griffin, Philippine Marine Biological Station",NA,NA,NA,NA,NA,"",NA,NA,"",NA,NA,"",NA,"2014-05-02 11:02:27.0",NA,"World Register of Marine Species, [no agent data]","Pacific Ocean","HOL-1112","Holothuroidea",NA,NA,NA,"","http://mczbase.mcz.harvard.edu/guid/MCZ:IZ:HOL-1112",NA,NA,NA,NA,"",NA,NA,"MCZ:IZ:HOL-1112",NA,"","whole animal (70% ethanol)",NA,NA,NA,NA,"MCZ",NA,NA,NA,"leucospilota",NA,NA,NA,NA,NA,"not applicable",NA,NA,"",NA,NA,NA,"President and Fellows of Harvard College","en","","","Echinodermata","",NA,NA,"3535d97c-b498-4868-927f-4d850e90089b",0,NA,NA,"872733a2-67a3-4c54-aa76-862735a5f334","","","",NA,"","",NA,NA,"Aspidochirotida",NA,NA,NA,"",NA,"","1912","",NA,"b4640710-8e03-11d8-b956-b8a03c50a862",NA,NA,"Holothuriidae",NA,NA,NA,NA,NA,NA,NA,NA,NA,NA,NA,"",NA,NA,"",NA,NA,"PhysicalObject",NA,"Museum of Comparative Zoology, Harvard University","",NA,NA,NA,NA,NA,NA,NA,NA,"Holothuria","",NA,"Animalia Echinodermata Holothuroidea Aspidochirotida Holothuriidae Holothuria (Mertensiothuria) leucospilota","",NA,NA,NA,NA,NA,NA,NA,NA,NA,"",NA
"909",NA,NA,"",NA,NA,"Costa Rica, Cocos Island, Chatham Bay","","",NA,"Holothuria (Mertensiothuria) leucospilota","",NA,NA,NA,NA,NA,NA,NA,NA,"2014-07-26T00:40:17.891Z",NA,NA,"Animalia",NA,NA,NA,1,"",NA,NA,NA,"PreservedSpecimen",NA,NA,NA,NA,NA,"ICZN","Pacific Ocean, Pacific, Eastern Central","1938-01-14",NA,NA,"(Brandt, 1835)",NA,NA,NA,"e111ef7037a38eb421f1407ec4f8d670cbaaf0b4",NA,"IZ",NA,NA,NA,NA,NA,NA,"",NA,NA,"ac5be9e0-c3a6-45b0-a8fa-31e87f0843c8","http://mczbase.mcz.harvard.edu/guid/MCZ:IZ:HOL-1916",NA,NA,NA,NA,"",NA,"Hancock Pacific Expeditions, RV Velero III",NA,NA,NA,NA,NA,"station number=778-38",NA,NA,"",NA,NA,"",NA,"2014-07-18 14:25:46.0",NA,"[no agent data]","Pacific Ocean","HOL-1916","Holothuroidea",NA,NA,NA,"","http://mczbase.mcz.harvard.edu/guid/MCZ:IZ:HOL-1916",NA,NA,NA,NA,"",NA,NA,"MCZ:IZ:HOL-1916",NA,"","whole animal (70% ethanol)",NA,NA,NA,NA,"MCZ",NA,NA,NA,"leucospilota",NA,NA,NA,NA,NA,"not applicable",NA,NA,"",NA,NA,NA,"President and Fellows of Harvard College","en","","","Echinodermata","",NA,NA,"ac5be9e0-c3a6-45b0-a8fa-31e87f0843c8",0,NA,NA,"872733a2-67a3-4c54-aa76-862735a5f334","","","",NA,"","",NA,NA,"Aspidochirotida",NA,NA,NA,"",NA,"","January 14, 1938","",NA,"b4640710-8e03-11d8-b956-b8a03c50a862",NA,NA,"Holothuriidae",NA,NA,NA,NA,NA,NA,NA,NA,NA,NA,NA,"",NA,NA,"",NA,NA,"PhysicalObject",NA,"Museum of Comparative Zoology, Harvard University","",NA,NA,NA,NA,NA,NA,NA,NA,"Holothuria","",NA,"Animalia Echinodermata Holothuroidea Aspidochirotida Holothuriidae Holothuria (Mertensiothuria) leucospilota","",NA,NA,NA,NA,NA,NA,NA,NA,NA,"",NA
"912",NA,NA,"",NA,NA,"Indonesia, Bay of Batavia","","",NA,"Holothuria (Mertensiothuria) leucospilota","",NA,NA,NA,NA,NA,NA,NA,NA,"2014-07-12T20:31:02.835Z",NA,NA,"Animalia",NA,NA,NA,1,"",NA,NA,NA,"PreservedSpecimen",NA,NA,NA,NA,NA,"ICZN","Pacific Ocean, Pacific, Western Central","1700-01-01/2014-05-02",NA,NA,"(Brandt, 1835)",NA,NA,NA,"bbc1c01f754aa11aacb9358f36ef6570992fe8c4",NA,"IZ",NA,NA,NA,NA,NA,NA,"",NA,NA,"59d71718-a44d-4197-959c-589065919de9","http://mczbase.mcz.harvard.edu/guid/MCZ:IZ:HOL-1850",NA,NA,NA,NA,"",NA,"Carel Philip Sluiter",NA,NA,NA,NA,NA,"",NA,NA,"",NA,NA,"",NA,"2014-05-02 14:02:27.0",NA,"[no agent data]","Pacific Ocean","HOL-1850","Holothuroidea",NA,NA,NA,"","http://mczbase.mcz.harvard.edu/guid/MCZ:IZ:HOL-1850",NA,NA,NA,NA,"",NA,NA,"MCZ:IZ:HOL-1850",NA,"","whole animal (70% ethanol)",NA,NA,NA,NA,"MCZ",NA,NA,NA,"leucospilota",NA,NA,NA,NA,NA,"not applicable",NA,NA,"",NA,NA,NA,"President and Fellows of Harvard College","en","","","Echinodermata","",NA,NA,"59d71718-a44d-4197-959c-589065919de9",0,NA,NA,"872733a2-67a3-4c54-aa76-862735a5f334","","","",NA,"","",NA,NA,"Aspidochirotida",NA,NA,NA,"",NA,"","[date unknown]","",NA,"b4640710-8e03-11d8-b956-b8a03c50a862",NA,NA,"Holothuriidae",NA,NA,NA,NA,NA,NA,NA,NA,NA,NA,NA,"",NA,NA,"",NA,NA,"PhysicalObject",NA,"Museum of Comparative Zoology, Harvard University","",NA,NA,NA,NA,NA,NA,NA,NA,"Holothuria","",NA,"Animalia Echinodermata Holothuroidea Aspidochirotida Holothuriidae Holothuria (Mertensiothuria) leucospilota","",NA,NA,NA,NA,NA,NA,NA,NA,NA,"",NA
"914",NA,NA,"",NA,NA,"Australia, Queensland; Low Isles off Port Douglas","","",NA,"Holothuria (Mertensiothuria) leucospilota","",NA,NA,NA,NA,NA,NA,NA,NA,"2014-07-12T22:54:18.319Z",NA,NA,"Animalia",NA,NA,NA,1,"",NA,NA,NA,"PreservedSpecimen",NA,NA,NA,NA,NA,"ICZN","Pacific Ocean, Pacific, Western Central","1928-01-01/1929-12-31",NA,NA,"(Brandt, 1835)",NA,NA,NA,"6e68de50c206e636a62328b5d2c334943880d834",NA,"IZ",NA,NA,NA,NA,NA,NA,"",NA,NA,"6a109a03-60f8-4761-9c9a-67f4852a50e6","http://mczbase.mcz.harvard.edu/guid/MCZ:IZ:HOL-768",NA,NA,NA,NA,"",NA,"Great Barrier Reef Expedition - 1928-1929",NA,NA,NA,NA,NA,"station number=J.593",NA,NA,"",NA,NA,"",NA,"2014-05-13 10:40:16.0",NA,"[no agent data]","Pacific Ocean","HOL-768","Holothuroidea",NA,NA,NA,"","http://mczbase.mcz.harvard.edu/guid/MCZ:IZ:HOL-768",NA,NA,NA,NA,"",NA,NA,"MCZ:IZ:HOL-768",NA,"","whole animal (70% ethanol)",NA,NA,NA,NA,"MCZ",NA,NA,NA,"leucospilota",NA,NA,NA,NA,NA,"not applicable",NA,NA,"",NA,NA,NA,"President and Fellows of Harvard College","en","","","Echinodermata","",NA,NA,"6a109a03-60f8-4761-9c9a-67f4852a50e6",0,NA,NA,"872733a2-67a3-4c54-aa76-862735a5f334","","","",NA,"","",NA,NA,"Aspidochirotida",NA,NA,NA,"",NA,"","1928-1929","",NA,"b4640710-8e03-11d8-b956-b8a03c50a862",NA,NA,"Holothuriidae",NA,NA,NA,NA,NA,NA,NA,NA,NA,NA,NA,"",NA,NA,"",NA,NA,"PhysicalObject",NA,"Museum of Comparative Zoology, Harvard University","",NA,NA,NA,NA,NA,NA,NA,NA,"Holothuria","",NA,"Animalia Echinodermata Holothuroidea Aspidochirotida Holothuriidae Holothuria (Mertensiothuria) leucospilota","",NA,NA,NA,NA,NA,NA,NA,NA,NA,"",NA
"926",NA,NA,"",NA,NA,"Fiji Islands, Viti Levu, Suva","","",NA,"Holothuria (Mertensiothuria) leucospilota","",NA,NA,NA,NA,NA,NA,NA,NA,"2014-07-13T05:04:42.064Z",NA,NA,"Animalia",NA,NA,NA,1,"",NA,NA,NA,"PreservedSpecimen",NA,NA,NA,NA,NA,"ICZN","Pacific Ocean, Pacific, Southwest","1897-01-01/1897-12-31",NA,NA,"(Brandt, 1835)",NA,NA,NA,"65b41617ca59c83e604ca3f8086a6e5f2566a61e",NA,"IZ",NA,NA,NA,NA,NA,NA,"",NA,NA,"0bedc860-4286-4fa0-87fb-ec599225627e","http://mczbase.mcz.harvard.edu/guid/MCZ:IZ:HOL-726",NA,NA,NA,NA,"",NA,"Alexander Agassiz",NA,NA,NA,NA,NA,"",NA,NA,"",NA,NA,"",NA,"2014-04-28 12:02:26.0",NA,"[no agent data]","Pacific Ocean","HOL-726","Holothuroidea",NA,NA,NA,"","http://mczbase.mcz.harvard.edu/guid/MCZ:IZ:HOL-726",NA,NA,NA,NA,"",NA,NA,"MCZ:IZ:HOL-726",NA,"","whole animal (70% ethanol)",NA,NA,NA,NA,"MCZ",NA,NA,NA,"leucospilota",NA,NA,NA,NA,NA,"not applicable",NA,NA,"",NA,NA,NA,"President and Fellows of Harvard College","en","","","Echinodermata","",NA,NA,"0bedc860-4286-4fa0-87fb-ec599225627e",0,NA,NA,"872733a2-67a3-4c54-aa76-862735a5f334","","","",NA,"","",NA,NA,"Aspidochirotida",NA,NA,NA,"",NA,"","1897","",NA,"b4640710-8e03-11d8-b956-b8a03c50a862",NA,NA,"Holothuriidae",NA,NA,NA,NA,NA,NA,NA,NA,NA,NA,NA,"",NA,NA,"",NA,NA,"PhysicalObject",NA,"Museum of Comparative Zoology, Harvard University","",NA,NA,NA,NA,NA,NA,NA,NA,"Holothuria","",NA,"Animalia Echinodermata Holothuroidea Aspidochirotida Holothuriidae Holothuria (Mertensiothuria) leucospilota","",NA,NA,NA,NA,NA,NA,NA,NA,NA,"",NA
"1197",NA,NA,"",NA,NA,"Philippines: Port Galera, Mindoro","","",NA,"Holothuria (Mertensiothuria) leucospilota","",NA,NA,NA,NA,NA,NA,NA,NA,"2014-07-13T01:52:34.387Z",NA,NA,"Animalia",NA,NA,NA,1,"",NA,NA,NA,"PreservedSpecimen",NA,NA,NA,NA,NA,"ICZN","Pacific Ocean, Pacific, Western Central","1912-01-01/1912-12-31",NA,NA,"(Brandt, 1835)",NA,NA,NA,"af6c80b1247328ac615524970640a6c9d08772b8",NA,"IZ",NA,NA,NA,NA,NA,NA,"",NA,NA,"fe230d2f-f45d-477c-bc27-2b87d659f5af","http://mczbase.mcz.harvard.edu/guid/MCZ:IZ:HOL-1113",NA,NA,NA,NA,"",NA,"Dr. Lawrence E. Griffin, Philippine Marine Biological Station",NA,NA,NA,NA,NA,"",NA,NA,"",NA,NA,"",NA,"2014-05-02 11:02:27.0",NA,"World Register of Marine Species, [no agent data]","Pacific Ocean","HOL-1113","Holothuroidea",NA,NA,NA,"","http://mczbase.mcz.harvard.edu/guid/MCZ:IZ:HOL-1113",NA,NA,NA,NA,"",NA,NA,"MCZ:IZ:HOL-1113",NA,"","whole animal (70% ethanol)",NA,NA,NA,NA,"MCZ",NA,NA,NA,"leucospilota",NA,NA,NA,NA,NA,"not applicable",NA,NA,"",NA,NA,NA,"President and Fellows of Harvard College","en","","","Echinodermata","",NA,NA,"fe230d2f-f45d-477c-bc27-2b87d659f5af",0,NA,NA,"872733a2-67a3-4c54-aa76-862735a5f334","","","",NA,"","",NA,NA,"Aspidochirotida",NA,NA,NA,"",NA,"","1912","",NA,"b4640710-8e03-11d8-b956-b8a03c50a862",NA,NA,"Holothuriidae",NA,NA,NA,NA,NA,NA,NA,NA,NA,NA,NA,"",NA,NA,"",NA,NA,"PhysicalObject",NA,"Museum of Comparative Zoology, Harvard University","",NA,NA,NA,NA,NA,NA,NA,NA,"Holothuria","",NA,"Animalia Echinodermata Holothuroidea Aspidochirotida Holothuriidae Holothuria (Mertensiothuria) leucospilota","",NA,NA,NA,NA,NA,NA,NA,NA,NA,"",NA
"1203",NA,NA,"",NA,NA,"Philippines, Bohol","","",NA,"Holothuria (Mertensiothuria) leucospilota","",NA,NA,NA,NA,NA,NA,NA,NA,"2014-07-12T17:39:22.397Z",NA,NA,"Animalia",NA,NA,NA,1,"",NA,NA,NA,"PreservedSpecimen",NA,NA,NA,NA,NA,"ICZN","Pacific Ocean, Pacific, Western Central","1800-01-01/1899-12-31",NA,NA,"(Brandt, 1835)",NA,NA,NA,"29500bd4394ae5b58a600097dc9a22a4dcf8e4da",NA,"IZ",NA,NA,NA,NA,NA,NA,"",NA,NA,"13efa241-c52a-4e93-9ab4-971094bf645c","http://mczbase.mcz.harvard.edu/guid/MCZ:IZ:HOL-728",NA,NA,NA,NA,"unverified",NA,"Carl Semper",NA,NA,NA,NA,NA,"",NA,46433,"",NA,NA,"",NA,"2014-06-09 15:21:53.0",NA,"[no agent data]","Pacific Ocean","HOL-728","Holothuroidea",NA,NA,NA,"","http://mczbase.mcz.harvard.edu/guid/MCZ:IZ:HOL-728",NA,NA,NA,NA,"",NA,NA,"MCZ:IZ:HOL-728",NA,"","whole animal (70% ethanol)",NA,NA,NA,NA,"MCZ",NA,NA,NA,"leucospilota",NA,NA,NA,NA,NA,"not applicable",NA,NA,"Google Earth",NA,NA,NA,"President and Fellows of Harvard College","en","","","Echinodermata","",NA,NA,"13efa241-c52a-4e93-9ab4-971094bf645c",0,NA,NA,"872733a2-67a3-4c54-aa76-862735a5f334","","Google Earth","",NA,"124.43293d","WGS84",NA,NA,"Aspidochirotida",NA,NA,NA,"",NA,"9.87541d","late 1800&#39;s","",124.43293,"b4640710-8e03-11d8-b956-b8a03c50a862",NA,NA,"Holothuriidae",9.87541,NA,46433,NA,NA,NA,NA,NA,NA,NA,NA,"",NA,NA,"Penny Benson",NA,NA,"PhysicalObject",NA,"Museum of Comparative Zoology, Harvard University","",NA,NA,NA,NA,NA,NA,NA,NA,"Holothuria","decimal degrees",NA,"Animalia Echinodermata Holothuroidea Aspidochirotida Holothuriidae Holothuria (Mertensiothuria) leucospilota","",NA,NA,NA,NA,NA,NA,NA,NA,NA,"",NA
"1224",NA,NA,"",NA,NA,"Tanzania [Zanzibar]","","",NA,"Holothuria (Mertensiothuria) leucospilota","",NA,NA,NA,NA,NA,NA,NA,NA,"2014-07-13T04:41:38.961Z",NA,NA,"Animalia",NA,NA,NA,1,"",NA,NA,NA,"PreservedSpecimen",NA,NA,NA,NA,NA,"ICZN","Western Indian Ocean","1860-01-01/1865-12-31",NA,NA,"(Brandt, 1835)",NA,NA,NA,"2569cb8f015ecea7621edb0e662c22299b931058",NA,"IZ",NA,NA,NA,NA,NA,NA,"",NA,NA,"2ad221b4-8ecf-41e9-8140-fd55f13d1f1a","http://mczbase.mcz.harvard.edu/guid/MCZ:IZ:HOL-730",NA,NA,NA,NA,"",NA,"Caleb Cooke",NA,NA,NA,NA,NA,"other number=41",NA,NA,"",NA,NA,"Syntype",NA,"2014-07-02 08:28:00.0",NA,"World Register of Marine Species, E. Selenka","Western Indian Ocean","HOL-730","Holothuroidea",NA,NA,NA,"","http://mczbase.mcz.harvard.edu/guid/MCZ:IZ:HOL-730",NA,NA,NA,NA,"",NA,NA,"MCZ:IZ:HOL-730",NA,"","whole animal (70% ethanol)",NA,NA,NA,NA,"MCZ",NA,NA,NA,"leucospilota",NA,NA,NA,NA,NA,"not applicable",NA,NA,"",NA,NA,NA,"President and Fellows of Harvard College","en","","","Echinodermata","",NA,NA,"2ad221b4-8ecf-41e9-8140-fd55f13d1f1a",0,NA,NA,"872733a2-67a3-4c54-aa76-862735a5f334","","","",NA,"","",NA,NA,"Aspidochirotida",NA,NA,NA,"",NA,"","Unknown","",NA,"b4640710-8e03-11d8-b956-b8a03c50a862",NA,NA,"Holothuriidae",NA,NA,NA,NA,NA,NA,NA,NA,NA,NA,NA,"",NA,NA,"",NA,NA,"PhysicalObject",NA,"Museum of Comparative Zoology, Harvard University","",NA,NA,NA,NA,NA,NA,NA,NA,"Holothuria","",NA,"Animalia Echinodermata Holothuroidea Aspidochirotida Holothuriidae Holothuria (Mertensiothuria) leucospilota","",NA,NA,NA,NA,NA,NA,NA,NA,NA,"",NA
"1235",NA,NA,"",NA,NA,"Ecuador: Galapagos Islands","","",NA,"Holothuria (Mertensiothuria) leucospilota","",NA,NA,NA,NA,NA,NA,NA,NA,"2014-07-12T20:16:16.176Z",NA,NA,"Animalia",NA,NA,NA,1,"",NA,NA,NA,"PreservedSpecimen",NA,NA,NA,NA,NA,"ICZN","Pacific Ocean, Pacific, Eastern Central","1898-01-01/1898-12-31",NA,NA,"(Brandt, 1835)",NA,NA,NA,"57255f4362aa110957f9e95ec8cd76a09daee88e",NA,"IZ",NA,NA,NA,NA,NA,NA,"",NA,NA,"8bbb6b70-d711-49b4-8ded-bf80f060188f","http://mczbase.mcz.harvard.edu/guid/MCZ:IZ:HOL-603",NA,NA,NA,NA,"",NA,"Hubert Lyman Clark, Hopkins-Stanford Galapagos Expedition 1898-99",NA,NA,NA,NA,NA,"",NA,NA,"",NA,NA,"",NA,"2014-04-28 12:02:26.0",NA,"[no agent data]","Pacific Ocean","HOL-603","Holothuroidea",NA,NA,NA,"","http://mczbase.mcz.harvard.edu/guid/MCZ:IZ:HOL-603",NA,NA,NA,NA,"",NA,NA,"MCZ:IZ:HOL-603",NA,"","whole animal (70% ethanol)",NA,NA,NA,NA,"MCZ",NA,NA,NA,"leucospilota",NA,NA,NA,NA,NA,"not applicable",NA,NA,"",NA,NA,NA,"President and Fellows of Harvard College","en","","","Echinodermata","",NA,NA,"8bbb6b70-d711-49b4-8ded-bf80f060188f",0,NA,NA,"872733a2-67a3-4c54-aa76-862735a5f334","","","",NA,"","",NA,NA,"Aspidochirotida",NA,NA,NA,"",NA,"","1898","",NA,"b4640710-8e03-11d8-b956-b8a03c50a862",NA,NA,"Holothuriidae",NA,NA,NA,NA,NA,NA,NA,NA,NA,NA,NA,"",NA,NA,"",NA,NA,"PhysicalObject",NA,"Museum of Comparative Zoology, Harvard University","",NA,NA,NA,NA,NA,NA,NA,NA,"Holothuria","",NA,"Animalia Echinodermata Holothuroidea Aspidochirotida Holothuriidae Holothuria (Mertensiothuria) leucospilota","",NA,NA,NA,NA,NA,NA,NA,NA,NA,"",NA
"1492",NA,NA,"",NA,NA,"Republic of Fiji, Suva, Viti Levu","","",NA,"Holothuria (Mertensiothuria) leucospilota","",NA,NA,NA,NA,NA,NA,NA,NA,"2014-07-12T14:25:31.627Z",NA,NA,"Animalia",NA,NA,NA,1,"",NA,NA,NA,"PreservedSpecimen",NA,NA,NA,NA,NA,"ICZN","Pacific Ocean, Pacific, Western Central","1917-01-01/1917-12-31",NA,NA,"(Brandt, 1835)",NA,NA,NA,"c82bb06d05c455ac84355137bf85cfa67eff8fb1",NA,"IZ",NA,NA,NA,NA,NA,NA,"",NA,NA,"fdcb6cf8-2cfb-4029-a663-dc5f6811edf3","http://mczbase.mcz.harvard.edu/guid/MCZ:IZ:HOL-1262",NA,NA,NA,NA,"unverified",NA,"John W. Mills",NA,NA,NA,NA,NA,"",NA,5578,"",NA,NA,"",NA,"2014-06-04 11:10:08.0",NA,"[no agent data]","Pacific Ocean","HOL-1262","Holothuroidea",NA,NA,NA,"","http://mczbase.mcz.harvard.edu/guid/MCZ:IZ:HOL-1262",NA,NA,NA,NA,"",NA,NA,"MCZ:IZ:HOL-1262",NA,"","whole animal (70% ethanol)",NA,NA,NA,NA,"MCZ",NA,NA,NA,"leucospilota",NA,NA,NA,NA,NA,"not applicable",NA,NA,"GEOLocate",NA,NA,NA,"President and Fellows of Harvard College","en","","","Echinodermata","",NA,NA,"fdcb6cf8-2cfb-4029-a663-dc5f6811edf3",0,NA,NA,"872733a2-67a3-4c54-aa76-862735a5f334","","GEOLocate","",NA,"178.462672d","WGS84",NA,NA,"Aspidochirotida",NA,NA,NA,"",NA,"-18.152256d","1917","",178.462672,"b4640710-8e03-11d8-b956-b8a03c50a862",NA,NA,"Holothuriidae",-18.152256,NA,5578,NA,NA,NA,NA,NA,NA,NA,NA,"",NA,NA,"Jessica Anne Mullen",NA,NA,"PhysicalObject",NA,"Museum of Comparative Zoology, Harvard University","",NA,NA,NA,NA,NA,NA,NA,NA,"Holothuria","decimal degrees",NA,"Animalia Echinodermata Holothuroidea Aspidochirotida Holothuriidae Holothuria (Mertensiothuria) leucospilota","",NA,NA,NA,NA,NA,NA,NA,NA,NA,"",NA
"1825",NA,NA,"",NA,NA,"off Mozambique","","",NA,"Holothuria (Mertensiothuria) leucospilota","",NA,NA,NA,NA,NA,NA,NA,NA,"2014-07-13T04:35:36.284Z",NA,NA,"Animalia",NA,NA,NA,1,"",NA,NA,NA,"PreservedSpecimen",NA,NA,NA,NA,NA,"ICZN","Indian Ocean, Indian Ocean, Western","1836-02-05/1880-06-05",NA,NA,"(Brandt, 1835)",NA,NA,NA,"4f966dda78a01566809d0e080b0f5503ef349913",NA,"IZ",NA,NA,NA,NA,NA,NA,"",NA,NA,"55173227-ba92-4d2d-b222-0cc981d91832","http://mczbase.mcz.harvard.edu/guid/MCZ:IZ:HOL-729",NA,NA,NA,NA,"",NA,"Caleb Cooke",NA,NA,NA,NA,NA,"",NA,NA,"",NA,NA,"",NA,"2014-07-02 08:21:49.0",NA,"[no agent data]","Indian Ocean","HOL-729","Holothuroidea",NA,NA,NA,"","http://mczbase.mcz.harvard.edu/guid/MCZ:IZ:HOL-729",NA,NA,NA,NA,"",NA,NA,"MCZ:IZ:HOL-729",NA,"","whole animal (70% ethanol)",NA,NA,NA,NA,"MCZ",NA,NA,NA,"leucospilota",NA,NA,NA,NA,NA,"not applicable",NA,NA,"",NA,NA,NA,"President and Fellows of Harvard College","en","","","Echinodermata","",NA,NA,"55173227-ba92-4d2d-b222-0cc981d91832",0,NA,NA,"872733a2-67a3-4c54-aa76-862735a5f334","","","",NA,"","",NA,NA,"Aspidochirotida",NA,NA,NA,"",NA,"","[date unknown]","",NA,"b4640710-8e03-11d8-b956-b8a03c50a862",NA,NA,"Holothuriidae",NA,NA,NA,NA,NA,NA,NA,NA,NA,NA,NA,"",NA,NA,"",NA,NA,"PhysicalObject",NA,"Museum of Comparative Zoology, Harvard University","",NA,NA,NA,NA,NA,NA,NA,NA,"Holothuria","",NA,"Animalia Echinodermata Holothuroidea Aspidochirotida Holothuriidae Holothuria (Mertensiothuria) leucospilota","",NA,NA,NA,NA,NA,NA,NA,NA,NA,"",NA
"2045",NA,NA,"",NA,NA,"South Africa: Natal, off Durban","","",NA,"Holothuria (Mertensiothuria) leucospilota","",NA,NA,NA,NA,NA,NA,NA,NA,"2014-05-28T20:30:31.281Z",NA,NA,"Animalia",329.184,NA,NA,1,"",NA,NA,NA,"PreservedSpecimen",NA,NA,NA,NA,NA,"ICZN","Indian Ocean, Indian Ocean, Western","1920-06-16",NA,NA,"(Brandt, 1835)",NA,NA,NA,"b453722cb68e08da1dbb7731d220aa4ca39e9dbb",NA,"IZ",NA,NA,NA,NA,NA,NA,"",NA,NA,"9548d9c1-cd52-499e-8402-c78498f980a4","http://mczbase.mcz.harvard.edu/guid/MCZ:IZ:HOL-1245",NA,NA,NA,NA,"",NA,"South African Museum",NA,NA,NA,NA,NA,"",NA,NA,"",NA,NA,"",NA,"2014-05-02 12:02:26.0",NA,"[no agent data]","Indian Ocean","HOL-1245","Holothuroidea",NA,NA,NA,"","http://mczbase.mcz.harvard.edu/guid/MCZ:IZ:HOL-1245",NA,NA,NA,NA,"",NA,NA,"MCZ:IZ:HOL-1245",NA,"","whole animal (70% ethanol)",NA,NA,NA,NA,"MCZ",NA,NA,NA,"leucospilota",NA,NA,NA,NA,NA,"not applicable",NA,NA,"",NA,NA,NA,"President and Fellows of Harvard College","en","","","Echinodermata","",NA,NA,"9548d9c1-cd52-499e-8402-c78498f980a4",0,NA,NA,"872733a2-67a3-4c54-aa76-862735a5f334","","","",NA,"","",NA,NA,"Aspidochirotida",NA,NA,NA,"",NA,"","June 16, 1920","",NA,"b4640710-8e03-11d8-b956-b8a03c50a862",NA,NA,"Holothuriidae",NA,NA,NA,NA,NA,NA,NA,NA,NA,NA,NA,"",NA,NA,"",NA,NA,"PhysicalObject",NA,"Museum of Comparative Zoology, Harvard University","",NA,NA,NA,NA,NA,NA,NA,NA,"Holothuria","",NA,"Animalia Echinodermata Holothuroidea Aspidochirotida Holothuriidae Holothuria (Mertensiothuria) leucospilota","",NA,NA,329.184,NA,NA,NA,NA,NA,NA,"",NA
"2061",NA,NA,"",NA,NA,"Tanzania, Zanzibar","","",NA,"Holothuria (Mertensiothuria) leucospilota","",NA,NA,NA,NA,NA,NA,NA,NA,"2014-07-13T00:04:51.017Z",NA,NA,"Animalia",NA,NA,NA,1,"",NA,NA,NA,"PreservedSpecimen",NA,NA,NA,NA,NA,"ICZN","Indian Ocean, Indian Ocean, Western","1700-01-01/2014-05-02",NA,NA,"(Brandt, 1835)",NA,NA,NA,"b334945d3819c76843154d479eb6a675ca696298",NA,"IZ",NA,NA,NA,NA,NA,NA,"",NA,NA,"b0c02da6-60b2-46b6-9803-fda62bb05290","http://mczbase.mcz.harvard.edu/guid/MCZ:IZ:HOL-732",NA,NA,NA,NA,"unverified",NA,"[no agent data]",NA,NA,NA,NA,NA,"other number=42",NA,67127,"",NA,NA,"",NA,"2014-05-02 11:08:28.0",NA,"World Register of Marine Species, [no agent data]","Indian Ocean","HOL-732","Holothuroidea",NA,NA,NA,"","http://mczbase.mcz.harvard.edu/guid/MCZ:IZ:HOL-732",NA,NA,NA,NA,"",NA,NA,"MCZ:IZ:HOL-732",NA,"","whole animal (70% ethanol)",NA,NA,NA,NA,"MCZ",NA,NA,NA,"leucospilota",NA,NA,NA,NA,NA,"not applicable",NA,NA,"GEOLocate",NA,NA,NA,"President and Fellows of Harvard College","en","","","Echinodermata","",NA,NA,"b0c02da6-60b2-46b6-9803-fda62bb05290",0,NA,NA,"872733a2-67a3-4c54-aa76-862735a5f334","","GEOLocate","",NA,"39.473784d","WGS84",NA,NA,"Aspidochirotida",NA,NA,NA,"",NA,"-6.028749d","[date unknown]","",39.473784,"b4640710-8e03-11d8-b956-b8a03c50a862",NA,NA,"Holothuriidae",-6.028749,NA,67127,NA,NA,NA,NA,NA,NA,NA,NA,"",NA,NA,"Jessica Anne Mullen",NA,NA,"PhysicalObject",NA,"Museum of Comparative Zoology, Harvard University","",NA,NA,NA,NA,NA,NA,NA,NA,"Holothuria","decimal degrees",NA,"Animalia Echinodermata Holothuroidea Aspidochirotida Holothuriidae Holothuria (Mertensiothuria) leucospilota","",NA,NA,NA,NA,NA,NA,NA,NA,NA,"",NA
"2086",NA,NA,"",NA,NA,"United States, Hawaii","","",NA,"Holothuria (Mertensiothuria) leucospilota","",NA,NA,NA,NA,NA,NA,NA,NA,"2014-07-12T14:30:18.095Z",NA,NA,"Animalia",NA,NA,NA,1,"",NA,NA,NA,"PreservedSpecimen",NA,NA,NA,NA,NA,"ICZN","Pacific Ocean, Pacific, Eastern Central","1700-01-01/1867-12-31",NA,NA,"(Brandt, 1835)",NA,NA,NA,"7a449e95d44419c8e123239dcd167998889edbb6",NA,"IZ",NA,NA,NA,NA,NA,NA,"",NA,NA,"644fb8fe-191b-4fe6-a993-3f61378a585a","http://mczbase.mcz.harvard.edu/guid/MCZ:IZ:HOL-722",NA,NA,NA,NA,"",NA,"[no agent data]",NA,NA,NA,NA,NA,"",NA,NA,"",NA,NA,"Syntype",NA,"2013-06-18 15:17:42.0",NA,"World Register of Marine Species, E. Selenka","Pacific Ocean","HOL-722","Holothuroidea",NA,NA,NA,"","http://mczbase.mcz.harvard.edu/guid/MCZ:IZ:HOL-722",NA,NA,NA,NA,"",NA,NA,"MCZ:IZ:HOL-722",NA,"","whole animal (70% ethanol)",NA,NA,NA,NA,"MCZ",NA,NA,NA,"leucospilota",NA,NA,NA,NA,NA,"not applicable",NA,NA,"",NA,NA,NA,"President and Fellows of Harvard College","en","","","Echinodermata","",NA,NA,"644fb8fe-191b-4fe6-a993-3f61378a585a",0,NA,NA,"872733a2-67a3-4c54-aa76-862735a5f334","","","",NA,"","",NA,NA,"Aspidochirotida",NA,NA,NA,"",NA,"","Unknown","",NA,"b4640710-8e03-11d8-b956-b8a03c50a862",NA,NA,"Holothuriidae",NA,NA,NA,NA,NA,NA,NA,NA,NA,NA,NA,"",NA,NA,"",NA,NA,"PhysicalObject",NA,"Museum of Comparative Zoology, Harvard University","",NA,NA,NA,NA,NA,NA,NA,NA,"Holothuria","",NA,"Animalia Echinodermata Holothuroidea Aspidochirotida Holothuriidae Holothuria (Mertensiothuria) leucospilota","",NA,NA,NA,NA,NA,NA,NA,NA,NA,"",NA
"2102",NA,NA,"",NA,NA,"Australia, off New South Wales, Lord Howe Island; far out at Neds Beach","","",NA,"Holothuria (Mertensiothuria) leucospilota","",NA,NA,NA,NA,NA,NA,NA,NA,"2014-07-12T21:03:21.824Z",NA,NA,"Animalia",18.288,NA,NA,1,"",NA,NA,NA,"PreservedSpecimen",NA,NA,NA,NA,NA,"ICZN","Pacific Ocean, Pacific, Southwest","1932-04-21",NA,NA,"(Brandt, 1835)",NA,NA,NA,"df81f275b1d58d0109a643620f1817ed7c265939",NA,"IZ",NA,NA,NA,NA,NA,NA,"",NA,NA,"75786012-3600-4333-94a4-78c3cb528eab","http://mczbase.mcz.harvard.edu/guid/MCZ:IZ:HOL-1549",NA,NA,NA,NA,"unverified",NA,"Harvard Australia Expedition 1931-1932",NA,NA,NA,NA,NA,"",NA,1074,"",NA,NA,"Holotype",NA,"2014-06-18 09:07:24.0",NA,"World Register of Marine Species, Hubert Lyman Clark","Pacific Ocean","HOL-1549","Holothuroidea",NA,NA,NA,"","http://mczbase.mcz.harvard.edu/guid/MCZ:IZ:HOL-1549",NA,NA,NA,NA,"",NA,NA,"MCZ:IZ:HOL-1549",NA,"","whole animal (70% ethanol)",NA,NA,NA,NA,"MCZ",NA,NA,NA,"leucospilota",NA,NA,NA,NA,NA,"not applicable",NA,NA,"GEOLocate",NA,NA,NA,"President and Fellows of Harvard College","en","","","Echinodermata","",NA,NA,"75786012-3600-4333-94a4-78c3cb528eab",0,NA,NA,"872733a2-67a3-4c54-aa76-862735a5f334","","GEOLocate","",NA,"159.083d","WGS84",NA,NA,"Aspidochirotida",NA,NA,NA,"",NA,"31.516d","April 21, 1932","",159.083,"b4640710-8e03-11d8-b956-b8a03c50a862",NA,NA,"Holothuriidae",31.516,NA,1074,NA,NA,NA,NA,NA,NA,NA,NA,"",NA,NA,"Penny Benson",NA,NA,"PhysicalObject",NA,"Museum of Comparative Zoology, Harvard University","",NA,NA,NA,NA,NA,NA,NA,NA,"Holothuria","decimal degrees",NA,"Animalia Echinodermata Holothuroidea Aspidochirotida Holothuriidae Holothuria (Mertensiothuria) leucospilota","",NA,NA,21.9456,NA,NA,NA,NA,NA,NA,"",NA
"2345",NA,NA,"",NA,NA,"Fiji Islands, Komo Island","","",NA,"Holothuria (Mertensiothuria) leucospilota","",NA,NA,NA,NA,NA,NA,NA,NA,"2014-05-04T10:13:42.437Z",NA,NA,"Animalia",NA,NA,NA,1,"",NA,NA,NA,"PreservedSpecimen",NA,NA,NA,NA,NA,"ICZN","Pacific Ocean, Pacific, Western Central","1897-11-27",NA,NA,"(Brandt, 1835)",NA,NA,NA,"1d807732150d315142c2ab72c5c29f29792ea4a8",NA,"IZ",NA,NA,NA,NA,NA,NA,"",NA,NA,"8e9fc9ae-777d-4286-980f-82a1462d7a75","http://mczbase.mcz.harvard.edu/guid/MCZ:IZ:HOL-723",NA,NA,NA,NA,"",NA,"Alexander Agassiz",NA,NA,NA,NA,NA,"",NA,NA,"",NA,NA,"",NA,"2014-04-28 12:02:26.0",NA,"[no agent data]","Pacific Ocean","HOL-723","Holothuroidea",NA,NA,NA,"","http://mczbase.mcz.harvard.edu/guid/MCZ:IZ:HOL-723",NA,NA,NA,NA,"",NA,NA,"MCZ:IZ:HOL-723",NA,"","whole animal (70% ethanol)",NA,NA,NA,NA,"MCZ",NA,NA,NA,"leucospilota",NA,NA,NA,NA,NA,"not applicable",NA,NA,"",NA,NA,NA,"President and Fellows of Harvard College","en","","","Echinodermata","",NA,NA,"8e9fc9ae-777d-4286-980f-82a1462d7a75",0,NA,NA,"872733a2-67a3-4c54-aa76-862735a5f334","","","",NA,"","",NA,NA,"Aspidochirotida",NA,NA,NA,"",NA,"","November 27, 1897","",NA,"b4640710-8e03-11d8-b956-b8a03c50a862",NA,NA,"Holothuriidae",NA,NA,NA,NA,NA,NA,NA,NA,NA,NA,NA,"",NA,NA,"",NA,NA,"PhysicalObject",NA,"Museum of Comparative Zoology, Harvard University","",NA,NA,NA,NA,NA,NA,NA,NA,"Holothuria","",NA,"Animalia Echinodermata Holothuroidea Aspidochirotida Holothuriidae Holothuria (Mertensiothuria) leucospilota","",NA,NA,NA,NA,NA,NA,NA,NA,NA,"",NA
"2380",NA,NA,"",NA,NA,"Tanzania, Zanzibar","","",NA,"Holothuria (Mertensiothuria) leucospilota","",NA,NA,NA,NA,NA,NA,NA,NA,"2014-07-12T13:16:35.944Z",NA,NA,"Animalia",NA,NA,NA,1,"",NA,NA,NA,"PreservedSpecimen",NA,NA,NA,NA,NA,"ICZN","Indian Ocean, Indian Ocean, Western","1836-02-05/1867-12-31",NA,NA,"(Brandt, 1835)",NA,NA,NA,"fdd518a8dbf4440ba21798cc115177eb4324b10c",NA,"IZ",NA,NA,NA,NA,NA,NA,"",NA,NA,"f0bed4ec-9996-4289-ad03-e5a252564822","http://mczbase.mcz.harvard.edu/guid/MCZ:IZ:HOL-731",NA,NA,NA,NA,"unverified",NA,"Caleb Cooke",NA,NA,NA,NA,NA,"other number=638",NA,67127,"",NA,NA,"Syntype",NA,"2014-05-28 10:22:29.0",NA,"World Register of Marine Species, E. Selenka","Indian Ocean","HOL-731","Holothuroidea",NA,NA,NA,"","http://mczbase.mcz.harvard.edu/guid/MCZ:IZ:HOL-731",NA,NA,NA,NA,"",NA,NA,"MCZ:IZ:HOL-731",NA,"","whole animal (70% ethanol)",NA,NA,NA,NA,"MCZ",NA,NA,NA,"leucospilota",NA,NA,NA,NA,NA,"not applicable",NA,NA,"GEOLocate",NA,NA,NA,"President and Fellows of Harvard College","en","","","Echinodermata","",NA,NA,"f0bed4ec-9996-4289-ad03-e5a252564822",0,NA,NA,"872733a2-67a3-4c54-aa76-862735a5f334","","GEOLocate","",NA,"39.473784d","WGS84",NA,NA,"Aspidochirotida",NA,NA,NA,"",NA,"-6.028749d","[date unknown]","",39.473784,"b4640710-8e03-11d8-b956-b8a03c50a862",NA,NA,"Holothuriidae",-6.028749,NA,67127,NA,NA,NA,NA,NA,NA,NA,NA,"",NA,NA,"Jessica Anne Mullen",NA,NA,"PhysicalObject",NA,"Museum of Comparative Zoology, Harvard University","",NA,NA,NA,NA,NA,NA,NA,NA,"Holothuria","decimal degrees",NA,"Animalia Echinodermata Holothuroidea Aspidochirotida Holothuriidae Holothuria (Mertensiothuria) leucospilota","",NA,NA,NA,NA,NA,NA,NA,NA,NA,"",NA
"2398",NA,NA,"",NA,NA,"Paumotus: Rangiroa","","",NA,"Holothuria (Mertensiothuria) leucospilota","",NA,NA,NA,NA,NA,NA,NA,NA,"2014-07-12T14:53:15.882Z",NA,NA,"Animalia",NA,NA,NA,1,"",NA,NA,NA,"PreservedSpecimen",NA,NA,NA,NA,NA,"ICZN","Pacific Ocean, Pacific, Eastern Central","1882-01-01/1921-01-01",NA,NA,"(Brandt, 1835)",NA,NA,NA,"3586c660d826201a16bbc676b7c27c5ba567e3ae",NA,"IZ",NA,NA,NA,NA,NA,NA,"",NA,NA,"7ab4d433-abc5-4fc7-b7fa-d11f9b75fd62","http://mczbase.mcz.harvard.edu/guid/MCZ:IZ:HOL-1323",NA,NA,NA,NA,"",NA,"USFC Steamer Albatross",NA,NA,NA,NA,NA,"",NA,NA,"",NA,NA,"",NA,"2013-10-15 15:02:31.0",NA,"[no agent data]","Pacific Ocean","HOL-1323","Holothuroidea",NA,NA,NA,"","http://mczbase.mcz.harvard.edu/guid/MCZ:IZ:HOL-1323",NA,NA,NA,NA,"",NA,NA,"MCZ:IZ:HOL-1323",NA,"","whole animal (70% ethanol)",NA,NA,NA,NA,"MCZ",NA,NA,NA,"leucospilota",NA,NA,NA,NA,NA,"not applicable",NA,NA,"",NA,NA,NA,"President and Fellows of Harvard College","en","","","Echinodermata","",NA,NA,"7ab4d433-abc5-4fc7-b7fa-d11f9b75fd62",0,NA,NA,"872733a2-67a3-4c54-aa76-862735a5f334","","","",NA,"","",NA,NA,"Aspidochirotida",NA,NA,NA,"",NA,"","unknown","",NA,"b4640710-8e03-11d8-b956-b8a03c50a862",NA,NA,"Holothuriidae",NA,NA,NA,NA,NA,NA,NA,NA,NA,NA,NA,"",NA,NA,"",NA,NA,"PhysicalObject",NA,"Museum of Comparative Zoology, Harvard University","",NA,NA,NA,NA,NA,NA,NA,NA,"Holothuria","",NA,"Animalia Echinodermata Holothuroidea Aspidochirotida Holothuriidae Holothuria (Mertensiothuria) leucospilota","",NA,NA,NA,NA,NA,NA,NA,NA,NA,"",NA
"2400",NA,NA,"",NA,NA,"United States, Hawaii","","",NA,"Holothuria (Mertensiothuria) leucospilota","",NA,NA,NA,NA,NA,NA,NA,NA,"2014-07-13T01:47:03.386Z",NA,NA,"Animalia",NA,NA,NA,1,"",NA,NA,NA,"PreservedSpecimen",NA,NA,NA,NA,NA,"ICZN","Pacific Ocean, Pacific, Eastern Central","1874-04-01/1874-04-30",NA,NA,"(Brandt, 1835)",NA,NA,NA,"0eac0057e14637da57fbac7ab3a37315e9bb740a",NA,"IZ",NA,NA,NA,NA,NA,NA,"",NA,NA,"69b31517-0a18-4611-96ad-0944ac4d3e67","http://mczbase.mcz.harvard.edu/guid/MCZ:IZ:HOL-727",NA,NA,NA,NA,"",NA,"Dr. W. H. Jones",NA,NA,NA,NA,NA,"",NA,NA,"",NA,NA,"",NA,"2014-06-04 10:59:19.0",NA,"[no agent data]","Pacific Ocean","HOL-727","Holothuroidea",NA,NA,NA,"","http://mczbase.mcz.harvard.edu/guid/MCZ:IZ:HOL-727",NA,NA,NA,NA,"",NA,NA,"MCZ:IZ:HOL-727",NA,"","whole animal (70% ethanol)",NA,NA,NA,NA,"MCZ",NA,NA,NA,"leucospilota",NA,NA,NA,NA,NA,"not applicable",NA,NA,"",NA,NA,NA,"President and Fellows of Harvard College","en","","","Echinodermata","",NA,NA,"69b31517-0a18-4611-96ad-0944ac4d3e67",0,NA,NA,"872733a2-67a3-4c54-aa76-862735a5f334","","","",NA,"","",NA,NA,"Aspidochirotida",NA,NA,NA,"",NA,"","April 1874","",NA,"b4640710-8e03-11d8-b956-b8a03c50a862",NA,NA,"Holothuriidae",NA,NA,NA,NA,NA,NA,NA,NA,NA,NA,NA,"",NA,NA,"",NA,NA,"PhysicalObject",NA,"Museum of Comparative Zoology, Harvard University","",NA,NA,NA,NA,NA,NA,NA,NA,"Holothuria","",NA,"Animalia Echinodermata Holothuroidea Aspidochirotida Holothuriidae Holothuria (Mertensiothuria) leucospilota","",NA,NA,NA,NA,NA,NA,NA,NA,NA,"",NA
"2407",NA,NA,"",NA,NA,"Guam","","",NA,"Holothuria (Mertensiothuria) leucospilota","",NA,NA,NA,NA,NA,NA,NA,NA,"2014-07-12T15:32:27.616Z",NA,NA,"Animalia",NA,NA,NA,1,"",NA,NA,NA,"PreservedSpecimen",NA,NA,NA,NA,NA,"ICZN","Pacific Ocean, Pacific, Western Central","1945-01-01/1945-12-31",NA,NA,"(Brandt, 1835)",NA,NA,NA,"f3672d003bb4d8a4a8b95fc382b33a73e57bfe7c",NA,"IZ",NA,NA,NA,NA,NA,NA,"",NA,NA,"ce35caa7-27be-4be7-87ce-c4b5552387fc","http://mczbase.mcz.harvard.edu/guid/MCZ:IZ:HOL-2157",NA,NA,NA,NA,"",NA,"Fred C. Ziesenhenne",NA,NA,NA,NA,NA,"",NA,NA,"",NA,NA,"",NA,"2014-05-02 14:02:28.0",NA,"[no agent data]","Pacific Ocean","HOL-2157","Holothuroidea",NA,NA,NA,"","http://mczbase.mcz.harvard.edu/guid/MCZ:IZ:HOL-2157",NA,NA,NA,NA,"",NA,NA,"MCZ:IZ:HOL-2157",NA,"","whole animal (70% ethanol)",NA,NA,NA,NA,"MCZ",NA,NA,NA,"leucospilota",NA,NA,NA,NA,NA,"not applicable",NA,NA,"",NA,NA,NA,"President and Fellows of Harvard College","en","","","Echinodermata","",NA,NA,"ce35caa7-27be-4be7-87ce-c4b5552387fc",0,NA,NA,"872733a2-67a3-4c54-aa76-862735a5f334","","","",NA,"","",NA,NA,"Aspidochirotida",NA,NA,NA,"",NA,"","1945","",NA,"b4640710-8e03-11d8-b956-b8a03c50a862",NA,NA,"Holothuriidae",NA,NA,NA,NA,NA,NA,NA,NA,NA,NA,NA,"",NA,NA,"",NA,NA,"PhysicalObject",NA,"Museum of Comparative Zoology, Harvard University","",NA,NA,NA,NA,NA,NA,NA,NA,"Holothuria","",NA,"Animalia Echinodermata Holothuroidea Aspidochirotida Holothuriidae Holothuria (Mertensiothuria) leucospilota","",NA,NA,NA,NA,NA,NA,NA,NA,NA,"",NA
"2635",NA,NA,"",NA,NA,"off Mexico: Socorro Island, Grayson Cove","","",NA,"Holothuria (Mertensiothuria) leucospilota","",NA,NA,NA,NA,NA,NA,NA,NA,"2014-05-28T21:46:50.086Z",NA,NA,"Animalia",NA,NA,NA,1,"",NA,NA,NA,"PreservedSpecimen",NA,NA,NA,NA,NA,"ICZN","Pacific Ocean, Pacific, Eastern Central","1940-03-07",NA,NA,"(Brandt, 1835)",NA,NA,NA,"0e8dcbd79cb60d7ecb90f0b5d505b3c926a607cb",NA,"IZ",NA,NA,NA,NA,NA,NA,"",NA,NA,"3ead23f8-8823-475f-9bf0-23951ae0059e","http://mczbase.mcz.harvard.edu/guid/MCZ:IZ:HOL-1983",NA,NA,NA,NA,"",NA,"Yacht Stranger, Milo Woodbridge Williams",NA,NA,NA,NA,NA,"",NA,NA,"",NA,NA,"",NA,"2014-05-02 14:02:27.0",NA,"[no agent data]","Pacific Ocean","HOL-1983","Holothuroidea",NA,NA,NA,"","http://mczbase.mcz.harvard.edu/guid/MCZ:IZ:HOL-1983",NA,NA,NA,NA,"",NA,NA,"MCZ:IZ:HOL-1983",NA,"","whole animal (70% ethanol)",NA,NA,NA,NA,"MCZ",NA,NA,NA,"leucospilota",NA,NA,NA,NA,NA,"not applicable",NA,NA,"",NA,NA,NA,"President and Fellows of Harvard College","en","","","Echinodermata","",NA,NA,"3ead23f8-8823-475f-9bf0-23951ae0059e",0,NA,NA,"872733a2-67a3-4c54-aa76-862735a5f334","","","",NA,"","",NA,NA,"Aspidochirotida",NA,NA,NA,"",NA,"","March 7, 1940","",NA,"b4640710-8e03-11d8-b956-b8a03c50a862",NA,NA,"Holothuriidae",NA,NA,NA,NA,NA,NA,NA,NA,NA,NA,NA,"",NA,NA,"",NA,NA,"PhysicalObject",NA,"Museum of Comparative Zoology, Harvard University","",NA,NA,NA,NA,NA,NA,NA,NA,"Holothuria","",NA,"Animalia Echinodermata Holothuroidea Aspidochirotida Holothuriidae Holothuria (Mertensiothuria) leucospilota","",NA,NA,NA,NA,NA,NA,NA,NA,NA,"",NA
"2650",NA,NA,"",NA,NA,"Australia, off Northern Territory, Cobourg Peninsula","","",NA,"Holothuria (Mertensiothuria) leucospilota","",NA,NA,NA,NA,NA,NA,NA,NA,"2014-05-28T20:28:26.013Z",NA,NA,"Animalia",NA,NA,NA,1,"",NA,NA,NA,"PreservedSpecimen",NA,NA,NA,NA,NA,"ICZN","Indian Ocean, Indian Ocean, Eastern","1932-05-21",NA,NA,"(Brandt, 1835)",NA,NA,NA,"fb2d419651e10c16d6e2653233ae2bebbe304b90",NA,"IZ",NA,NA,NA,NA,NA,NA,"",NA,NA,"4f126227-c519-46bf-a247-46a6325cf50b","http://mczbase.mcz.harvard.edu/guid/MCZ:IZ:HOL-1522",NA,NA,NA,NA,"",NA,"Harvard Australian Expedition 1931-1932",NA,NA,NA,NA,NA,"",NA,NA,"",NA,NA,"",NA,"2014-05-02 14:02:27.0",NA,"[no agent data]","Indian Ocean","HOL-1522","Holothuroidea",NA,NA,NA,"","http://mczbase.mcz.harvard.edu/guid/MCZ:IZ:HOL-1522",NA,NA,NA,NA,"",NA,NA,"MCZ:IZ:HOL-1522",NA,"","whole animal (70% ethanol)",NA,NA,NA,NA,"MCZ",NA,NA,NA,"leucospilota",NA,NA,NA,NA,NA,"not applicable",NA,NA,"",NA,NA,NA,"President and Fellows of Harvard College","en","","","Echinodermata","",NA,NA,"4f126227-c519-46bf-a247-46a6325cf50b",0,NA,NA,"872733a2-67a3-4c54-aa76-862735a5f334","","","",NA,"","",NA,NA,"Aspidochirotida",NA,NA,NA,"",NA,"","May 21, 1932","",NA,"b4640710-8e03-11d8-b956-b8a03c50a862",NA,NA,"Holothuriidae",NA,NA,NA,NA,NA,NA,NA,NA,NA,NA,NA,"",NA,NA,"",NA,NA,"PhysicalObject",NA,"Museum of Comparative Zoology, Harvard University","",NA,NA,NA,NA,NA,NA,NA,NA,"Holothuria","",NA,"Animalia Echinodermata Holothuroidea Aspidochirotida Holothuriidae Holothuria (Mertensiothuria) leucospilota","",NA,NA,NA,NA,NA,NA,NA,NA,NA,"",NA
"2719",NA,NA,"",NA,NA,"Ecuador, Galapagos Islands, Clipperton Island","","",NA,"Holothuria (Mertensiothuria) leucospilota","",NA,NA,NA,NA,NA,NA,NA,NA,"2014-07-12T17:31:42.578Z",NA,NA,"Animalia",NA,NA,NA,1,"",NA,NA,NA,"PreservedSpecimen",NA,NA,NA,NA,NA,"ICZN","Pacific Ocean, Pacific, Eastern Central","1700-01-01/2014-05-02",NA,NA,"(Brandt, 1835)",NA,NA,NA,"ab36590231b06bbdb8ba5bc7df2fbb7165eee44b",NA,"IZ",NA,NA,NA,NA,NA,NA,"",NA,NA,"f0d77fde-18ec-449e-9b5b-5468a7b46303","http://mczbase.mcz.harvard.edu/guid/MCZ:IZ:HOL-4085",NA,NA,NA,NA,"",NA,"Clip",NA,NA,NA,NA,NA,"other number=A-588-6; other number=A-588-8",NA,NA,"",NA,NA,"",NA,"2014-05-02 14:02:26.0",NA,"[no agent data]","Pacific Ocean","HOL-4085","Holothuroidea",NA,NA,NA,"","http://mczbase.mcz.harvard.edu/guid/MCZ:IZ:HOL-4085",NA,NA,NA,NA,"",NA,NA,"MCZ:IZ:HOL-4085",NA,"","whole animal (70% ethanol)",NA,NA,NA,NA,"MCZ",NA,NA,NA,"leucospilota",NA,NA,NA,NA,NA,"not applicable",NA,NA,"",NA,NA,NA,"President and Fellows of Harvard College","en","","","Echinodermata","",NA,NA,"f0d77fde-18ec-449e-9b5b-5468a7b46303",0,NA,NA,"872733a2-67a3-4c54-aa76-862735a5f334","","","",NA,"","",NA,NA,"Aspidochirotida",NA,NA,NA,"",NA,"","[date unknown]","",NA,"b4640710-8e03-11d8-b956-b8a03c50a862",NA,NA,"Holothuriidae",NA,NA,NA,NA,NA,NA,NA,NA,NA,NA,NA,"",NA,NA,"",NA,NA,"PhysicalObject",NA,"Museum of Comparative Zoology, Harvard University","",NA,NA,NA,NA,NA,NA,NA,NA,"Holothuria","",NA,"Animalia Echinodermata Holothuroidea Aspidochirotida Holothuriidae Holothuria (Mertensiothuria) leucospilota","",NA,NA,NA,NA,NA,NA,NA,NA,NA,"",NA
