"","idigbio.subgenus","dwc.nomenclaturalStatus","dwc.datasetID","inhs.relic","dwc.decimalLatitude","idigbio.tribe","dcterms.type","dwc.island","dwc.collectionID","dcterms.language","dwc.verbatimCoordinateSystem","dwc.kingdom","inhs.dead","dwc.endDayOfYear","dwc.fieldNumber","dwc.country","dwc.originalNameUsage","dwc.reproductiveCondition","dwc.verbatimTaxonRank","dwc.recordNumber","dcterms.rights","dwc.identificationReferences","dwc.latestPeriodOrHighestSystem","dwc.occurrenceRemarks","dwc.otherCatalogNumbers","dwc.individualID","inhs.instars_Female","dwc.earliestPeriodOrLowestSystem","dwc.georeferenceVerificationStatus","dwc.behavior","inhs.formII_males","fcc.subfamily","dwc.scientificNameAuthorship","dwc.typeStatus","inhs.total_Males","http...symbiota.org.terms.verbatimScientificName","idigbio.preservative","idigbio.recordIds","dwc.verbatimLongitude","dwc.taxonRank","dwc.namePublishedIn","inhs.location_Stream","dwc.infraspecificEpithet","dwc.geodeticDatum","dwc.georeferenceRemarks","dwc.VerbatimEventDate","idigbio.hostFamily","inhs.juv_males","dwc.month","dwc.continent","dwc.relatedResourceID","dwc.georeferenceSources","dwc.stateProvince","idigbio.determinationHistory","dwc.eventID","inhs.vouchered","dwc.individualCount","dwc.maximumDepthInMeters","dwc.identificationVerificationStatus","dwc.scientificName","dwc.earliestAgeOrLowestStage","dwc.dataGeneralizations","dwc.countryCode","dwc.class","idigbio.preparationCount","dwc.footprintWKT","dwc.occurrenceID","symbiotaverbatimScientificName","dwc.recordedBy","inhs.location_RiverMile","dwc.verbatimDepth","dwc.previousIdentifications","dwc.waterBody","inhs.instars_Male","dwc.order","symbiota.verbatimScientificName","dwc.preparation","dwc.occurrenceStatus","dwc.dynamicProperties","dwc.namePublishedInID","dwc.associatedMedia","dwc.phylum","dwc.subgenus","idigbio.associateAuthor","dwc.habitat","dcterms.references","dwc.vernacularName","dwc.dateIdentified","inhs.juv_undetermined","inhs.locationTrs","dwc.lowestBiostratigraphicZone","dwc.eventDate","dwc.sex","dwc.disposition","inhs.live","idigbio.etag","idigbio.associateCondition","dwc.nomenclaturalCode","fcc.datePicked","dwc.georeferenceProtocol","dwc.nameAccordingTo","dwc.day","idigbio.associatedFamily","dwc.locality","dwc.formation","dcterms.rightsHolder","dwc.informationWithheld","inhs.total_females","dcterms.accessRights","dwc.latestEraOrHighestErathem","dwc.basisOfRecord","dcterms.bibliographicCitation","idigbio.barcodeValue","dwc.associatedSequences","dwc.family","dwc.ownerInstitutionCode","idigbio.recordID","dwc.identificationQualifier","dwc.associatedTaxa","dwc.earliestEraOrLowestErathem","dwc.verbatimLatitude","idigbio.substrate","dwc.scientificNameID","idigbio.associatedRelationship","dwc.minimumElevationInMeters","dwc.identificationID","dwc.verbatimLocality","inhs.juv_females","dwc.identificationRemarks","inhs.formI_males","dwc.identifiedBy","dwc.taxonRemarks","dwc.datasetName","dwc.fieldNotes","inhs.location_Basin","dwc.maximumElevationInMeters","dwc.samplingEffort","dcterms.source","id","dwc.rights","dwc.higherClassification","idigbio.createdBy","dwc.lithostratigraphicTerms","dwc.eventTime","idigbio.associateDeterminedBy","dwc.samplingProtocol","idigbio.associateNotes","idigbio.dateModified","dwc.collectionCode","dwc.institutionID","idigbio.associateCommonName","dwc.startDayOfYear","dwc.decimalLongitude","dwc.islandGroup","dwc.verbatimCoordinates","dwc.coordinatePrecision","dwc.georeferencedBy","dwc.genus","dwc.verbatimElevation","dwc.higherGeography","dwc.locationID","dcterms.reference","fcc.superfamily","dwc.eventRemarks","idigbio.uuid","fcc.pickedBy","dwc.georeferencedDate","dwc.member","dwc.group","dwc.establishmentMeans","inhs.formII_females","dcterms.modified","idigbio.associateRelationship","idigbio.associateIdentifier","dwc.verbatimSRS","dwc.verbatimEventDate","dwc.institutionCode","dwc.locationRemarks","dwc.preparations","dwc.bed","row.number","dwc.latestEpochOrHighestSeries","dwc.accessRights","dwc.rightsHolder","idigbio.recordId","dwc.taxonID","dwc.year","inhs.superfamily","dwc.lifeStage","dwc.specificEpithet","dwc.latestAgeOrHighestStage","idigbio.subfamily","dwc.municipality","dwc.associatedReferences","dwc.minimumDepthInMeters","dwc.locationAccordingTo","dwc.catalogNumber","dwc.associatedOccurrences","dwc.county","dwc.earliestEpochOrLowestSeries","dwc.coordinateUncertaintyInMeters","idigbio.version","idigbio.endangeredStatus"
"142",NA,NA,NA,NA,-17.5,NA,"",NA,NA,"","","",NA,NA,"","French Polynesia",NA,NA,NA,"",NA,NA,NA,NA,"",NA,NA,NA,NA,NA,NA,NA,"Semper","",NA,NA,NA,NA,"",NA,NA,NA,"","","",NA,NA,NA,10,"",NA,"","Society Islands",NA,NA,NA,NA,NA,"","Holothuria difficilis",NA,NA,NA,"Holothuroidea",NA,NA,"31550748-539C-4C82-9BAB-DF43E1EAA5DA",NA,"Paulay, G.",NA,"",NA,"",NA,"Aspidochirotida",NA,NA,NA,"",NA,"","",NA,NA,"","",NA,"",NA,NA,NA,"","","",NA,"9f7893538dc5cc855b8c0a5fd57bf371364cd865",NA,"",NA,"",NA,25,NA,"",NA,"",NA,NA,NA,NA,"PreservedSpecimen",NA,NA,NA,"Holothuriidae","",NA,NA,NA,NA,"",NA,NA,NA,NA,NA,NA,NA,"",NA,"",NA,NA,NA,NA,NA,NA,NA,"d9fd307b-c799-44c4-ba8b-f9f3a0707fb8",NA,"","872733a2-67a3-4c54-aa76-862735a5f334",NA,NA,NA,"",NA,"2014-09-12T11:47:35.708Z","Invertebrate Zoology","",NA,NA,-149.8,NA,"",NA,"","Holothuria",NA,"","BMOO-033",NA,NA,"","d9fd307b-c799-44c4-ba8b-f9f3a0707fb8",NA,NA,NA,NA,NA,NA,"09/08/2014",NA,NA,NA,"","FLMNH","","",NA,NA,NA,NA,NA,NA,NA,2001,NA,NA,"difficilis",NA,NA,NA,"",NA,NA,"462-Echinodermata","","Moorea Island",NA,NA,NA,NA
"158",NA,NA,NA,NA,19.3,NA,"",NA,NA,"","","",NA,NA,"","USA",NA,NA,NA,"",NA,NA,NA,NA,"",NA,NA,NA,NA,NA,NA,NA,"Semper","",NA,NA,NA,NA,"",NA,NA,NA,"","","",NA,NA,NA,3,"",NA,"","Wake Island",NA,NA,NA,NA,NA,"","Holothuria difficilis",NA,NA,NA,"Holothuroidea",NA,NA,"3A8E9DB7-BE4E-4C2B-A8F0-73A7805B36FE",NA,"Sun Kim",NA,"",NA,"",NA,"Aspidochirotida",NA,NA,NA,"",NA,"","",NA,NA,"","",NA,"",NA,NA,NA,"","","",NA,"811778218462102107fc3bcb57d0a691a281a67b",NA,"",NA,"",NA,25,NA,"",NA,"",NA,NA,NA,NA,"PreservedSpecimen",NA,NA,NA,"Holothuriidae","",NA,NA,NA,NA,"",NA,NA,NA,NA,NA,NA,NA,"",NA,"",NA,NA,NA,NA,NA,NA,NA,"ee27623c-23db-4430-a3ba-5463a0fd0715",NA,"","872733a2-67a3-4c54-aa76-862735a5f334",NA,NA,NA,"",NA,"2014-09-12T11:03:08.548Z","Invertebrate Zoology","",NA,NA,166.7,NA,"",NA,"","Holothuria",NA,"","Kim-WAK-St-10",NA,NA,"","ee27623c-23db-4430-a3ba-5463a0fd0715",NA,NA,NA,NA,NA,NA,"09/08/2014",NA,NA,NA,"","FLMNH","","",NA,NA,NA,NA,NA,NA,NA,2009,NA,NA,"difficilis",NA,NA,NA,"",NA,NA,"11512-Echinodermata","","",NA,NA,NA,NA
"159",NA,NA,NA,NA,NA,NA,"",NA,NA,"","","",NA,NA,"","USA",NA,NA,NA,"",NA,NA,NA,NA,"",NA,NA,NA,NA,NA,NA,NA,"Semper","",NA,NA,NA,NA,"",NA,NA,NA,"","","",NA,NA,NA,11,"",NA,"","Hawaiian Islands",NA,NA,NA,NA,NA,"","Holothuria difficilis",NA,NA,NA,"Holothuroidea",NA,NA,"069F7D2F-283F-4A92-A0BC-125C4DFA9850",NA,"Pittman, C.",NA,"",NA,"",NA,"Aspidochirotida",NA,NA,NA,"",NA,"","",NA,NA,"","",NA,"",NA,NA,NA,"","","",NA,"4e197a723fa8c52e48134711380c06148c8cc5d1",NA,"",NA,"",NA,11,NA,"",NA,"",NA,NA,NA,NA,"PreservedSpecimen",NA,NA,NA,"Holothuriidae","",NA,NA,NA,NA,"",NA,NA,NA,NA,NA,NA,NA,"",NA,"",NA,NA,NA,NA,NA,NA,NA,"db1eeb29-fb2f-46f0-a691-0fe00d18cdf4",NA,"","872733a2-67a3-4c54-aa76-862735a5f334",NA,NA,NA,"",NA,"2014-09-12T11:05:22.999Z","Invertebrate Zoology","",NA,NA,NA,NA,"",NA,"","Holothuria",NA,"","ZZZ-087854",NA,NA,"","db1eeb29-fb2f-46f0-a691-0fe00d18cdf4",NA,NA,NA,NA,NA,NA,"09/08/2014",NA,NA,NA,"","FLMNH","","",NA,NA,NA,NA,NA,NA,NA,2002,NA,NA,"difficilis",NA,NA,NA,"",NA,NA,"1276-Echinodermata","","Maui Island",NA,NA,NA,NA
"160",NA,NA,NA,NA,-11.51576667,NA,"",NA,NA,"","","",NA,NA,"","France",NA,NA,NA,"",NA,NA,NA,NA,"",NA,NA,NA,NA,NA,NA,NA,"Semper","",NA,NA,NA,NA,"",NA,NA,NA,"","","",NA,NA,NA,5,"",NA,"","Scattered Islands",NA,NA,NA,NA,NA,"","Holothuria difficilis",NA,NA,NA,"Holothuroidea",NA,NA,"2D65D2F0-3D88-43CD-9178-49A3C8807A89",NA,"M. Guillaume, H. Bruggemann, M. Malay, V. Denis, A. Chauvin, D. Ringler, K. Coustaut",NA,"",NA,"",NA,"Aspidochirotida",NA,NA,NA,"",NA,"","",NA,NA,"","",NA,"",NA,NA,NA,"","","",NA,"6a7b557d444b030b0ff9e88dd01f049c9ae35f16",NA,"",NA,"",NA,7,NA,"",NA,"",NA,NA,NA,NA,"PreservedSpecimen",NA,NA,NA,"Holothuriidae","",NA,NA,NA,NA,"",NA,NA,NA,NA,NA,NA,NA,"",NA,"",NA,NA,NA,NA,NA,NA,NA,"2d3b5bfa-4d51-4705-a7d9-b60c93698220",NA,"","872733a2-67a3-4c54-aa76-862735a5f334",NA,NA,NA,"",NA,"2014-09-12T11:11:41.431Z","Invertebrate Zoology","",NA,NA,47.37331667,NA,"",NA,"","Holothuria",NA,"","GLOR-12",NA,NA,"","2d3b5bfa-4d51-4705-a7d9-b60c93698220",NA,NA,NA,NA,NA,NA,"09/08/2014",NA,NA,NA,"","FLMNH","","",NA,NA,NA,NA,NA,NA,NA,2009,NA,NA,"difficilis",NA,NA,NA,"",NA,NA,"9334-Echinodermata","","Ile du Lys",NA,NA,NA,NA
"180",NA,NA,NA,NA,-18.9,NA,"",NA,NA,"","","",NA,NA,"","Cook Islands",NA,NA,NA,"",NA,NA,NA,NA,"",NA,NA,NA,NA,NA,NA,NA,"Semper","",NA,NA,NA,NA,"",NA,NA,NA,"","","",NA,NA,NA,10,"",NA,"","Cook Islands",NA,NA,NA,NA,NA,"","Holothuria difficilis",NA,NA,NA,"Holothuroidea",NA,NA,"39DBF940-F0CC-4B34-B176-6B32A97F1FA4",NA,"Paulay, G.",NA,"",NA,"",NA,"Aspidochirotida",NA,NA,NA,"",NA,"","",NA,NA,"","",NA,"",NA,NA,NA,"","","",NA,"351893a18a5d76b92c2f5015d24d1bf599dd92b2",NA,"",NA,"",NA,18,NA,"",NA,"",NA,NA,NA,NA,"PreservedSpecimen",NA,NA,NA,"Holothuriidae","",NA,NA,NA,NA,"",NA,NA,NA,NA,NA,NA,NA,"",NA,"",NA,NA,NA,NA,NA,NA,NA,"e1cda894-0245-4452-a0b1-7e6447c799e1",NA,"","872733a2-67a3-4c54-aa76-862735a5f334",NA,NA,NA,"",NA,"2014-09-12T10:25:10.644Z","Invertebrate Zoology","",NA,NA,-159.8,NA,"",NA,"","Holothuria",NA,"","HAIU-015-1",NA,NA,"","e1cda894-0245-4452-a0b1-7e6447c799e1",NA,NA,NA,NA,NA,NA,"09/08/2014",NA,NA,NA,"","FLMNH","","",NA,NA,NA,NA,NA,NA,NA,1986,NA,NA,"difficilis",NA,NA,NA,"",NA,NA,"1349-Echinodermata","","Aitutaki Island",NA,NA,NA,NA
"197",NA,NA,NA,NA,13.5,NA,"",NA,NA,"","","",NA,NA,"","USA",NA,NA,NA,"",NA,NA,NA,NA,"",NA,NA,NA,NA,NA,NA,NA,"Semper","",NA,NA,NA,NA,"",NA,NA,NA,"","","",NA,NA,NA,3,"",NA,"","Mariana Islands",NA,NA,NA,NA,NA,"","Holothuria difficilis",NA,NA,NA,"Holothuroidea",NA,NA,"731DC897-7807-4DD1-BBDA-B6515CAC1A5F",NA,"Kirkendale, L.",NA,"",NA,"",NA,"Aspidochirotida",NA,NA,NA,"",NA,"","",NA,NA,"","",NA,"",NA,NA,NA,"","","",NA,"b5b7f51aa6db1419e067419d307f8dcafda3be4d",NA,"",NA,"",NA,9,NA,"",NA,"",NA,NA,NA,NA,"PreservedSpecimen",NA,NA,NA,"Holothuriidae","",NA,NA,NA,NA,"",NA,NA,NA,NA,NA,NA,NA,"",NA,"",NA,NA,NA,NA,NA,NA,NA,"7e61e23e-8397-4da1-91ab-8240f050a09a",NA,"","872733a2-67a3-4c54-aa76-862735a5f334",NA,NA,NA,"",NA,"2014-09-12T12:13:30.238Z","Invertebrate Zoology","",NA,NA,144.8,NA,"",NA,"","Holothuria",NA,"","OROTE-14",NA,NA,"","7e61e23e-8397-4da1-91ab-8240f050a09a",NA,NA,NA,NA,NA,NA,"09/08/2014",NA,NA,NA,"","FLMNH","","",NA,NA,NA,NA,NA,NA,NA,2000,NA,NA,"difficilis",NA,NA,NA,"",NA,NA,"213-Echinodermata","","Guam Island",NA,NA,NA,NA
"215",NA,NA,NA,NA,23.626,NA,"",NA,NA,"","","",NA,NA,"","Oman",NA,NA,NA,"",NA,NA,NA,NA,"",NA,NA,NA,NA,NA,NA,NA,"Semper","",NA,NA,NA,NA,"",NA,NA,NA,"","","",NA,NA,NA,1,"",NA,"","",NA,NA,NA,NA,NA,"","Holothuria difficilis",NA,NA,NA,"Holothuroidea",NA,NA,"2750D733-5AD0-471D-9BD3-458C2B4E4984",NA,"V. Bonito, M. Claereboudt, G. Paulay",NA,"",NA,"",NA,"Aspidochirotida",NA,NA,NA,"",NA,"","",NA,NA,"","",NA,"",NA,NA,NA,"","","",NA,"f69b107156edb0dc02faca054f1bf2e22808c7e0",NA,"",NA,"",NA,26,NA,"",NA,"",NA,NA,NA,NA,"PreservedSpecimen",NA,NA,NA,"Holothuriidae","",NA,NA,NA,NA,"",NA,NA,NA,NA,NA,NA,NA,"",NA,"",NA,NA,NA,NA,NA,NA,NA,"1232d7df-e239-48dd-9133-6bb397cf1ac9",NA,"","872733a2-67a3-4c54-aa76-862735a5f334",NA,NA,NA,"",NA,"2014-09-12T12:50:04.944Z","Invertebrate Zoology","",NA,NA,58.481,NA,"",NA,"","Holothuria",NA,"","GP-Loc-819",NA,NA,"","1232d7df-e239-48dd-9133-6bb397cf1ac9",NA,NA,NA,NA,NA,NA,"09/08/2014",NA,NA,NA,"","FLMNH","","",NA,NA,NA,NA,NA,NA,NA,2005,NA,NA,"difficilis",NA,NA,NA,"",NA,NA,"4253-Echinodermata","","",NA,NA,NA,NA
"228",NA,NA,NA,NA,-8.93692,NA,"",NA,NA,"","","",NA,NA,"","French Polynesia",NA,NA,NA,"",NA,NA,NA,NA,"",NA,NA,NA,NA,NA,NA,NA,"Semper","",NA,NA,NA,NA,"",NA,NA,NA,"","","",NA,NA,NA,1,"",NA,"","Marquesas Islands",NA,NA,NA,NA,NA,"","Holothuria difficilis",NA,NA,NA,"Holothuroidea",NA,NA,"08210247-6D9E-44E4-AEA3-BF2F249C453C",NA,"Laurent Albegna",NA,"",NA,"",NA,"Aspidochirotida",NA,NA,NA,"",NA,"","",NA,NA,"","",NA,"",NA,NA,NA,"","","",NA,"c7589a1eedae2786e4cd486c6b69142b2a7baf40",NA,"",NA,"",NA,NA,NA,"",NA,"",NA,NA,NA,NA,"PreservedSpecimen",NA,NA,NA,"Holothuriidae","",NA,NA,NA,NA,"",NA,NA,NA,NA,NA,NA,NA,"",NA,"",NA,NA,NA,NA,NA,NA,NA,"a72bfa19-11ce-478f-9fbd-a0bd51d805f5",NA,"","872733a2-67a3-4c54-aa76-862735a5f334",NA,NA,NA,"",NA,"2014-09-12T17:31:55.804Z","Invertebrate Zoology","",NA,NA,-140.09083,NA,"",NA,"","Holothuria",NA,"","MQ-01",NA,NA,"","a72bfa19-11ce-478f-9fbd-a0bd51d805f5",NA,NA,NA,NA,NA,NA,"09/08/2014",NA,NA,NA,"","FLMNH","","",NA,NA,NA,NA,NA,NA,NA,2012,NA,NA,"difficilis",NA,NA,NA,"",NA,NA,"14023-Echinodermata","","",NA,NA,NA,NA
"248",NA,NA,NA,NA,-22.01802,NA,"",NA,NA,"","","",NA,NA,"","French Polynesia",NA,NA,NA,"",NA,NA,NA,NA,"",NA,NA,NA,NA,NA,NA,NA,"Semper","",NA,NA,NA,NA,"",NA,NA,NA,"","","",NA,NA,NA,1,"",NA,"","Tuamotu Archipelago",NA,NA,NA,NA,NA,"","Holothuria difficilis",NA,NA,NA,"Holothuroidea",NA,NA,"949D9485-D43A-40E8-B67D-52A198A262AE",NA,"Jenna Moore",NA,"",NA,"",NA,"Aspidochirotida",NA,NA,NA,"",NA,"","",NA,NA,"","",NA,"",NA,NA,NA,"","","",NA,"eb388fb9168fb92475ea7da12153fa7941d2bc48",NA,"",NA,"",NA,27,NA,"",NA,"",NA,NA,NA,NA,"PreservedSpecimen",NA,NA,NA,"Holothuriidae","",NA,NA,NA,NA,"",NA,NA,NA,NA,NA,NA,NA,"",NA,"",NA,NA,NA,NA,NA,NA,NA,"ffe4a0d0-6a3d-4df8-88f7-0c1bdc81b28a",NA,"","872733a2-67a3-4c54-aa76-862735a5f334",NA,NA,NA,"",NA,"2014-09-12T17:56:54.766Z","Invertebrate Zoology","",NA,NA,-136.20067,NA,"",NA,"","Holothuria",NA,"","MAREST-1",NA,NA,"","ffe4a0d0-6a3d-4df8-88f7-0c1bdc81b28a",NA,NA,NA,NA,NA,NA,"09/08/2014",NA,NA,NA,"","FLMNH","","",NA,NA,NA,NA,NA,NA,NA,2013,NA,NA,"difficilis",NA,NA,NA,"",NA,NA,"13190-Echinodermata","","",NA,NA,NA,NA
"259",NA,NA,NA,NA,-19.9858333333333,NA,"",NA,NA,"","","",NA,NA,"","Mauritius",NA,NA,NA,"",NA,NA,NA,NA,"",NA,NA,NA,NA,NA,NA,NA,"Semper","",NA,NA,NA,NA,"",NA,NA,NA,"","","",NA,NA,NA,NA,"",NA,"","Mascarene Islands",NA,NA,NA,NA,NA,"","Holothuria difficilis",NA,NA,NA,"Holothuroidea",NA,NA,"728DD5C8-59F4-4AFE-9E6E-5D9E8E790C0B",NA,"John Starmer",NA,"",NA,"",NA,"Aspidochirotida",NA,NA,NA,"",NA,"","",NA,NA,"","",NA,"",NA,NA,NA,"","","",NA,"3cc03b2f34a35960ebd49b8a3188dd987153cdfb",NA,"",NA,"",NA,NA,NA,"",NA,"",NA,NA,NA,NA,"PreservedSpecimen",NA,NA,NA,"Holothuriidae","",NA,NA,NA,NA,"",NA,NA,NA,NA,NA,NA,NA,"",NA,"",NA,NA,NA,NA,NA,NA,NA,"95facd20-d6e1-45f4-aee1-57de27fa1054",NA,"","872733a2-67a3-4c54-aa76-862735a5f334",NA,NA,NA,"",NA,"2014-09-12T18:06:28.348Z","Invertebrate Zoology","",NA,NA,57.6301666666667,NA,"",NA,"","Holothuria",NA,"","JAS-MAU-Loc-10",NA,NA,"","95facd20-d6e1-45f4-aee1-57de27fa1054",NA,NA,NA,NA,NA,NA,"09/08/2014",NA,NA,NA,"","FLMNH","","",NA,NA,NA,NA,NA,NA,NA,1999,NA,NA,"difficilis",NA,NA,NA,"",NA,NA,"3278-Echinodermata","","Mauritius Island",NA,NA,NA,NA
"265",NA,NA,NA,NA,-25.066667,NA,"",NA,NA,"","","",NA,NA,"","Pitcairn Islands",NA,NA,NA,"",NA,NA,NA,NA,"",NA,NA,NA,NA,NA,NA,NA,"Semper","",NA,NA,NA,NA,"",NA,NA,NA,"","","",NA,NA,NA,7,"",NA,"","Pitcairn Islands",NA,NA,NA,NA,NA,"","Holothuria difficilis",NA,NA,NA,"Holothuroidea",NA,NA,"A603B044-030A-4E28-8A8E-0DF1D3483BE4",NA,"Starmer, J.",NA,"",NA,"",NA,"Aspidochirotida",NA,NA,NA,"",NA,"","",NA,NA,"","",NA,"",NA,NA,NA,"","","",NA,"b0a02040c8f3836d1d5bd0f429feafaa056e9b71",NA,"",NA,"",NA,20,NA,"",NA,"",NA,NA,NA,NA,"PreservedSpecimen",NA,NA,NA,"Holothuriidae","",NA,NA,NA,NA,"",NA,NA,NA,NA,NA,NA,NA,"",NA,"",NA,NA,NA,NA,NA,NA,NA,"d6c1c0bf-2b39-4f32-8dd4-39c238333292",NA,"","872733a2-67a3-4c54-aa76-862735a5f334",NA,NA,NA,"",NA,"2014-09-12T15:45:45.436Z","Invertebrate Zoology","",NA,NA,-130.083333,NA,"",NA,"","Holothuria",NA,"","JAS-PIT-177",NA,NA,"","d6c1c0bf-2b39-4f32-8dd4-39c238333292",NA,NA,NA,NA,NA,NA,"09/08/2014",NA,NA,NA,"","FLMNH","","",NA,NA,NA,NA,NA,NA,NA,1997,NA,NA,"difficilis",NA,NA,NA,"",NA,NA,"3276-Echinodermata","","Pitcairn Island",NA,NA,NA,NA
"276",NA,NA,NA,NA,-8.93692,NA,"",NA,NA,"","","",NA,NA,"","French Polynesia",NA,NA,NA,"",NA,NA,NA,NA,"",NA,NA,NA,NA,NA,NA,NA,"Semper","",NA,NA,NA,NA,"",NA,NA,NA,"","","",NA,NA,NA,1,"",NA,"","Marquesas Islands",NA,NA,NA,NA,NA,"","Holothuria difficilis",NA,NA,NA,"Holothuroidea",NA,NA,"BAD3AC43-E24F-4471-AB92-B8DD7CE0326F",NA,"",NA,"",NA,"",NA,"Aspidochirotida",NA,NA,NA,"",NA,"","",NA,NA,"","",NA,"",NA,NA,NA,"","","",NA,"1a2655c3be75007206ea85ea8e734a8a04844866",NA,"",NA,"",NA,7,NA,"",NA,"",NA,NA,NA,NA,"PreservedSpecimen",NA,NA,NA,"Holothuriidae","",NA,NA,NA,NA,"",NA,NA,NA,NA,NA,NA,NA,"",NA,"",NA,NA,NA,NA,NA,NA,NA,"26497855-acc4-4bcf-b6eb-916ec603916d",NA,"","872733a2-67a3-4c54-aa76-862735a5f334",NA,NA,NA,"",NA,"2014-09-12T18:04:20.810Z","Invertebrate Zoology","",NA,NA,-140.09083,NA,"",NA,"","Holothuria",NA,"","MQ-01",NA,NA,"","26497855-acc4-4bcf-b6eb-916ec603916d",NA,NA,NA,NA,NA,NA,"09/08/2014",NA,NA,NA,"","FLMNH","","",NA,NA,NA,NA,NA,NA,NA,2012,NA,NA,"difficilis",NA,NA,NA,"",NA,NA,"15737-Echinodermata","","",NA,NA,NA,NA
"292",NA,NA,NA,NA,-19.1,NA,"",NA,NA,"","","",NA,NA,"","Niue Island",NA,NA,NA,"",NA,NA,NA,NA,"",NA,NA,NA,NA,NA,NA,NA,"Semper","",NA,NA,NA,NA,"",NA,NA,NA,"","","",NA,NA,NA,5,"",NA,"","Niue Island",NA,NA,NA,NA,NA,"","Holothuria difficilis",NA,NA,NA,"Holothuroidea",NA,NA,"56B9CA15-2CDD-44A8-9495-5D0F1F9A1946",NA,"Paulay, G.",NA,"",NA,"",NA,"Aspidochirotida",NA,NA,NA,"",NA,"","",NA,NA,"","",NA,"",NA,NA,NA,"","","",NA,"f448452f75bd5688d3fc74cb1bd34fec7beef92f",NA,"",NA,"",NA,26,NA,"",NA,"",NA,NA,NA,NA,"PreservedSpecimen",NA,NA,NA,"Holothuriidae","",NA,NA,NA,NA,"",NA,NA,NA,NA,NA,NA,NA,"",NA,"",NA,NA,NA,NA,NA,NA,NA,"040acaf2-8c08-47ed-8af2-c7b10df851f2",NA,"","872733a2-67a3-4c54-aa76-862735a5f334",NA,NA,NA,"",NA,"2014-09-12T14:32:56.971Z","Invertebrate Zoology","",NA,NA,-169.9,NA,"",NA,"","Holothuria",NA,"","HNIUE-015",NA,NA,"","040acaf2-8c08-47ed-8af2-c7b10df851f2",NA,NA,NA,NA,NA,NA,"09/08/2014",NA,NA,NA,"","FLMNH","","",NA,NA,NA,NA,NA,NA,NA,1986,NA,NA,"difficilis",NA,NA,NA,"",NA,NA,"1411-Echinodermata","","Niue Island",NA,NA,NA,NA
"455",NA,NA,NA,NA,-20.9225,NA,"",NA,NA,"","","",NA,NA,"","France",NA,NA,NA,"",NA,NA,NA,NA,"",NA,NA,NA,NA,NA,NA,NA,"Semper","",NA,NA,NA,NA,"",NA,NA,NA,"","","",NA,NA,NA,8,"",NA,"","Mascarene Islands",NA,NA,NA,NA,NA,"","Holothuria difficilis",NA,NA,NA,"Holothuroidea",NA,NA,"088A58CF-D81B-4CAA-884F-95BEB331D429",NA,"Henrich Bruggemann, Nicolas Hubert, Francois Michonneau & Gustav Paulay",NA,"",NA,"",NA,"Aspidochirotida",NA,NA,NA,"",NA,"","",NA,NA,"","",NA,"",NA,NA,NA,"","","",NA,"181649b7c2c5bc4b3b51a916c9794658e6e187d2",NA,"",NA,"",NA,7,NA,"",NA,"",NA,NA,NA,NA,"PreservedSpecimen",NA,NA,NA,"Holothuriidae","",NA,NA,NA,NA,"",NA,NA,NA,NA,NA,NA,NA,"",NA,"",NA,NA,NA,NA,NA,NA,NA,"42520752-2450-4411-aa19-5b07b084a0db",NA,"","872733a2-67a3-4c54-aa76-862735a5f334",NA,NA,NA,"",NA,"2014-09-12T11:01:47.697Z","Invertebrate Zoology","",NA,NA,55.341389,NA,"",NA,"","Holothuria",NA,"","SWIO-5",NA,NA,"","42520752-2450-4411-aa19-5b07b084a0db",NA,NA,NA,NA,NA,NA,"09/08/2014",NA,NA,NA,"","FLMNH","","",NA,NA,NA,NA,NA,NA,NA,2007,NA,NA,"difficilis",NA,NA,NA,"",NA,NA,"7415-Echinodermata","","Reunion Island",NA,NA,NA,NA
"476",NA,NA,NA,NA,8.6317,NA,"",NA,NA,"","","",NA,NA,"","Panama",NA,NA,NA,"",NA,NA,NA,NA,"",NA,NA,NA,NA,NA,NA,NA,"Semper","",NA,NA,NA,NA,"",NA,NA,NA,"","","",NA,NA,NA,NA,"",NA,"","",NA,NA,NA,NA,NA,"","Holothuria difficilis",NA,NA,NA,"Holothuroidea",NA,NA,"C62174DF-D40C-4600-B077-FBA780663C16",NA,"I. C. Enochs",NA,"",NA,"",NA,"Aspidochirotida",NA,NA,NA,"",NA,"","",NA,NA,"","",NA,"",NA,NA,NA,"","","",NA,"c19a0b3bb3bbbcc239526295f595bc416d778cb4",NA,"",NA,"",NA,NA,NA,"",NA,"",NA,NA,NA,NA,"PreservedSpecimen",NA,NA,NA,"Holothuriidae","",NA,NA,NA,NA,"",NA,NA,NA,NA,NA,NA,NA,"",NA,"",NA,NA,NA,NA,NA,NA,NA,"34f99d8e-e626-4d47-99d4-cadb2cf9c941",NA,"","872733a2-67a3-4c54-aa76-862735a5f334",NA,NA,NA,"",NA,"2014-09-12T16:13:34.562Z","Invertebrate Zoology","",NA,NA,-79.0299,NA,"",NA,"","Holothuria",NA,"","Enochs-2008",NA,NA,"","34f99d8e-e626-4d47-99d4-cadb2cf9c941",NA,NA,NA,NA,NA,NA,"09/08/2014",NA,NA,NA,"","FLMNH","","",NA,NA,NA,NA,NA,NA,NA,2008,NA,NA,"difficilis",NA,NA,NA,"",NA,NA,"9038-Echinodermata","","",NA,NA,NA,NA
"477",NA,NA,NA,NA,-11.51576667,NA,"",NA,NA,"","","",NA,NA,"","France",NA,NA,NA,"",NA,NA,NA,NA,"",NA,NA,NA,NA,NA,NA,NA,"Semper","",NA,NA,NA,NA,"",NA,NA,NA,"","","",NA,NA,NA,5,"",NA,"","Scattered Islands",NA,NA,NA,NA,NA,"","Holothuria difficilis",NA,NA,NA,"Holothuroidea",NA,NA,"6A06652F-9D14-404C-A2D4-8AEB75102451",NA,"M. Guillaume, H. Bruggemann, M. Malay, V. Denis, A. Chauvin, D. Ringler, K. Coustaut",NA,"",NA,"",NA,"Aspidochirotida",NA,NA,NA,"",NA,"","",NA,NA,"","",NA,"",NA,NA,NA,"","","",NA,"12cdbbb05e409c50b31da3fbb0e9904fd1b50baa",NA,"",NA,"",NA,7,NA,"",NA,"",NA,NA,NA,NA,"PreservedSpecimen",NA,NA,NA,"Holothuriidae","",NA,NA,NA,NA,"",NA,NA,NA,NA,NA,NA,NA,"",NA,"",NA,NA,NA,NA,NA,NA,NA,"b8891ef0-2403-49ea-97ea-5db069501d7e",NA,"","872733a2-67a3-4c54-aa76-862735a5f334",NA,NA,NA,"",NA,"2014-09-12T15:46:45.054Z","Invertebrate Zoology","",NA,NA,47.37331667,NA,"",NA,"","Holothuria",NA,"","GLOR-12",NA,NA,"","b8891ef0-2403-49ea-97ea-5db069501d7e",NA,NA,NA,NA,NA,NA,"09/08/2014",NA,NA,NA,"","FLMNH","","",NA,NA,NA,NA,NA,NA,NA,2009,NA,NA,"difficilis",NA,NA,NA,"",NA,NA,"9339-Echinodermata","","Ile du Lys",NA,NA,NA,NA
"537",NA,NA,NA,NA,-17.597753,NA,"",NA,NA,"","","",NA,NA,"","French Polynesia",NA,NA,NA,"",NA,NA,NA,NA,"",NA,NA,NA,NA,NA,NA,NA,"Semper","",NA,NA,NA,NA,"",NA,NA,NA,"","","",NA,NA,NA,12,"",NA,"","Society Islands",NA,NA,NA,NA,NA,"","Holothuria difficilis",NA,NA,NA,"Holothuroidea",NA,NA,"9C926CD1-5A9E-47FA-8BCE-5930053C30E6",NA,"Sarah McPherson, Gustav Paulay, Seabird McKeon, Phillippe Bacchet, Jean Letournaux",NA,"",NA,"",NA,"Aspidochirotida",NA,NA,NA,"",NA,"","",NA,NA,"","",NA,"",NA,NA,NA,"","","",NA,"5c5a566c0fda3f00ac002d4ebbde7f7c2ac658e8",NA,"",NA,"",NA,10,NA,"",NA,"",NA,NA,NA,NA,"PreservedSpecimen",NA,NA,NA,"Holothuriidae","",NA,NA,NA,NA,"",NA,NA,NA,NA,NA,NA,NA,"",NA,"",NA,NA,NA,NA,NA,NA,NA,"5a6a177a-87cd-49e0-b8e5-779ac3c491d1",NA,"","872733a2-67a3-4c54-aa76-862735a5f334",NA,NA,NA,"",NA,"2014-09-12T15:27:43.095Z","Invertebrate Zoology","",NA,NA,-149.842083,NA,"",NA,"","Holothuria",NA,"","BIZ-276",NA,NA,"","5a6a177a-87cd-49e0-b8e5-779ac3c491d1",NA,NA,NA,NA,NA,NA,"09/08/2014",NA,NA,NA,"","FLMNH","","",NA,NA,NA,NA,NA,NA,NA,2009,NA,NA,"difficilis",NA,NA,NA,"",NA,NA,"9880-Echinodermata","","Moorea Island",NA,NA,NA,NA
"548",NA,NA,NA,NA,-8.93695,NA,"",NA,NA,"","","",NA,NA,"","French Polynesia",NA,NA,NA,"",NA,NA,NA,NA,"",NA,NA,NA,NA,NA,NA,NA,"Semper","",NA,NA,NA,NA,"",NA,NA,NA,"","","",NA,NA,NA,11,"",NA,"","Marquesas Islands",NA,NA,NA,NA,NA,"","Holothuria difficilis",NA,NA,NA,"Holothuroidea",NA,NA,"E16749B4-AF39-44D6-A313-AB3A7E97F641",NA,"Nathaniel Evans, Serge Andrefouet, Francesca Benzoni, Jean-Louis Menou, Marco Olivirio, Claude Payri",NA,"",NA,"",NA,"Aspidochirotida",NA,NA,NA,"",NA,"","",NA,NA,"","",NA,"",NA,NA,NA,"","","",NA,"7aec032740a172d0e5b4dce398af7e049dbd534c",NA,"",NA,"",NA,30,NA,"",NA,"",NA,NA,NA,NA,"PreservedSpecimen",NA,NA,NA,"Holothuriidae","",NA,NA,NA,NA,"",NA,NA,NA,NA,NA,NA,NA,"",NA,"",NA,NA,NA,NA,NA,NA,NA,"099c040f-e939-4b42-9339-69605c973095",NA,"","872733a2-67a3-4c54-aa76-862735a5f334",NA,NA,NA,"",NA,"2014-09-12T16:10:42.272Z","Invertebrate Zoology","",NA,NA,-139.5556,NA,"",NA,"","Holothuria",NA,"","MQ020",NA,NA,"","099c040f-e939-4b42-9339-69605c973095",NA,NA,NA,NA,NA,NA,"09/08/2014",NA,NA,NA,"","FLMNH","","",NA,NA,NA,NA,NA,NA,NA,2011,NA,NA,"difficilis",NA,NA,NA,"",NA,NA,"11237-Echinodermata","","Ua Huka",NA,NA,NA,NA
"668",NA,NA,NA,NA,NA,NA,"",NA,NA,"","","",NA,NA,"","Micronesia",NA,NA,NA,"",NA,NA,NA,NA,"",NA,NA,NA,NA,NA,NA,NA,"Semper","",NA,NA,NA,NA,"",NA,NA,NA,"","","",NA,NA,NA,7,"",NA,"","Caroline Islands",NA,NA,NA,NA,NA,"","Holothuria difficilis",NA,NA,NA,"Holothuroidea",NA,NA,"26CDAA76-7C62-4FF9-9F62-AA48D5BD4CB9",NA,"Alex Kerr",NA,"",NA,"",NA,"Aspidochirotida",NA,NA,NA,"",NA,"","",NA,NA,"","",NA,"",NA,NA,NA,"","","",NA,"8176f6b9dceaa6ab5006776ef80a33a13866b92f",NA,"",NA,"",NA,1,NA,"",NA,"",NA,NA,NA,NA,"PreservedSpecimen",NA,NA,NA,"Holothuriidae","",NA,NA,NA,NA,"",NA,NA,NA,NA,NA,NA,NA,"",NA,"",NA,NA,NA,NA,NA,NA,NA,"7c0e00e5-a6e5-43be-98be-bf851f3272fd",NA,"","872733a2-67a3-4c54-aa76-862735a5f334",NA,NA,NA,"",NA,"2014-09-12T12:05:53.416Z","Invertebrate Zoology","",NA,NA,NA,NA,"",NA,"","Holothuria",NA,"","UGI-Station-411",NA,NA,"","7c0e00e5-a6e5-43be-98be-bf851f3272fd",NA,NA,NA,NA,NA,NA,"09/08/2014",NA,NA,NA,"","FLMNH","","",NA,NA,NA,NA,NA,NA,NA,1992,NA,NA,"difficilis",NA,NA,NA,"",NA,NA,"12361-Echinodermata","","Kosrae State",NA,NA,NA,NA
"719",NA,NA,NA,NA,NA,NA,"",NA,NA,"","","",NA,NA,"","Northern Mariana Islands",NA,NA,NA,"",NA,NA,NA,NA,"",NA,NA,NA,NA,NA,NA,NA,"Semper","",NA,NA,NA,NA,"",NA,NA,NA,"","","",NA,NA,NA,7,"",NA,"","Mariana Islands",NA,NA,NA,NA,NA,"","Holothuria difficilis",NA,NA,NA,"Holothuroidea",NA,NA,"B09C350F-09AD-4A92-8EB7-F6552A6EB5DF",NA,"J. Doty",NA,"",NA,"",NA,"Aspidochirotida",NA,NA,NA,"",NA,"","",NA,NA,"","",NA,"",NA,NA,NA,"","","",NA,"c9937ef0ebd39b653e0e753609edf66726429c2b",NA,"",NA,"",NA,10,NA,"",NA,"",NA,NA,NA,NA,"PreservedSpecimen",NA,NA,NA,"Holothuriidae","",NA,NA,NA,NA,"",NA,NA,NA,NA,NA,NA,NA,"",NA,"",NA,NA,NA,NA,NA,NA,NA,"a11deb0c-6118-46fc-bbf9-be1bc80a1992",NA,"","872733a2-67a3-4c54-aa76-862735a5f334",NA,NA,NA,"",NA,"2014-09-12T11:29:22.707Z","Invertebrate Zoology","",NA,NA,NA,NA,"",NA,"","Holothuria",NA,"","UGI-Station-344",NA,NA,"","a11deb0c-6118-46fc-bbf9-be1bc80a1992",NA,NA,NA,NA,NA,NA,"09/08/2014",NA,NA,NA,"","FLMNH","","",NA,NA,NA,NA,NA,NA,NA,1975,NA,NA,"difficilis",NA,NA,NA,"",NA,NA,"12282-Echinodermata","","Maug Island",NA,NA,NA,NA
"816",NA,NA,NA,NA,-13.4806,NA,"",NA,NA,"","","",NA,NA,"","Madagascar",NA,NA,NA,"",NA,NA,NA,NA,"",NA,NA,NA,NA,NA,NA,NA,"Semper","",NA,NA,NA,NA,"",NA,NA,NA,"","","",NA,NA,NA,5,"",NA,"","",NA,NA,NA,NA,NA,"","Holothuria difficilis",NA,NA,NA,"Holothuroidea",NA,NA,"C75F456C-428B-4F5C-AD82-E408AF95817C",NA,"F. Michonneau, G. Paulay, T. Werner",NA,"",NA,"",NA,"Aspidochirotida",NA,NA,NA,"",NA,"","",NA,NA,"","",NA,"",NA,NA,NA,"","","",NA,"ecf11dcec7d6e8ea00a8ac41cd14db8911e9706a",NA,"",NA,"",NA,14,NA,"",NA,"",NA,NA,NA,NA,"PreservedSpecimen",NA,NA,NA,"Holothuriidae","",NA,NA,NA,NA,"",NA,NA,NA,NA,NA,NA,NA,"",NA,"",NA,NA,NA,NA,NA,NA,NA,"91f7a43b-209d-403c-8e17-4f642e7708e3",NA,"","872733a2-67a3-4c54-aa76-862735a5f334",NA,NA,NA,"",NA,"2014-09-12T17:52:37.242Z","Invertebrate Zoology","",NA,NA,48.2333,NA,"",NA,"","Holothuria",NA,"","MGNW-19",NA,NA,"","91f7a43b-209d-403c-8e17-4f642e7708e3",NA,NA,NA,NA,NA,NA,"09/08/2014",NA,NA,NA,"","FLMNH","","",NA,NA,NA,NA,NA,NA,NA,2008,NA,NA,"difficilis",NA,NA,NA,"",NA,NA,"7467-Echinodermata","","",NA,NA,NA,NA
"866",NA,NA,NA,NA,5.36916,NA,"",NA,NA,"","","",NA,NA,"","Federated States of Micronesia",NA,NA,NA,"",NA,NA,NA,NA,"",NA,NA,NA,NA,NA,NA,NA,"Semper","",NA,NA,NA,NA,"",NA,NA,NA,"","","",NA,NA,NA,3,"",NA,"","Caroline Islands",NA,NA,NA,NA,NA,"","Holothuria difficilis",NA,NA,NA,"Holothuroidea",NA,NA,"E58E1B15-7318-41D2-8A39-BE58F5B7B034",NA,"François Michonneau, Alexander M. Kerr, Sun Kim",NA,"",NA,"",NA,"Aspidochirotida",NA,NA,NA,"",NA,"","",NA,NA,"","",NA,"",NA,NA,NA,"","","",NA,"7fe8da038188b6f67e2c3e24fed57405e1b98305",NA,"",NA,"",NA,4,NA,"",NA,"",NA,NA,NA,NA,"PreservedSpecimen",NA,NA,NA,"Holothuriidae","",NA,NA,NA,NA,"",NA,NA,NA,NA,NA,NA,NA,"",NA,"",NA,NA,NA,NA,NA,NA,NA,"7ff7ff1a-c30e-445d-9de7-ae61514a5448",NA,"","872733a2-67a3-4c54-aa76-862735a5f334",NA,NA,NA,"",NA,"2014-09-12T16:16:22.336Z","Invertebrate Zoology","",NA,NA,163.01382,NA,"",NA,"","Holothuria",NA,"","KOSR-17",NA,NA,"","7ff7ff1a-c30e-445d-9de7-ae61514a5448",NA,NA,NA,NA,NA,NA,"09/08/2014",NA,NA,NA,"","FLMNH","","",NA,NA,NA,NA,NA,NA,NA,2008,NA,NA,"difficilis",NA,NA,NA,"",NA,NA,"6812-Echinodermata","","Kosrae Island",NA,NA,NA,NA
"972",NA,NA,NA,NA,23.626,NA,"",NA,NA,"","","",NA,NA,"","Oman",NA,NA,NA,"",NA,NA,NA,NA,"",NA,NA,NA,NA,NA,NA,NA,"Semper","",NA,NA,NA,NA,"",NA,NA,NA,"","","",NA,NA,NA,1,"",NA,"","",NA,NA,NA,NA,NA,"","Holothuria difficilis",NA,NA,NA,"Holothuroidea",NA,NA,"D3FC7CC4-9C52-4D29-AE95-A516F7A78FB2",NA,"V. Bonito, M. Claereboudt, G. Paulay",NA,"",NA,"",NA,"Aspidochirotida",NA,NA,NA,"",NA,"","",NA,NA,"","",NA,"",NA,NA,NA,"","","",NA,"8754f0baafd67075da8b5e80ca7681099676872a",NA,"",NA,"",NA,26,NA,"",NA,"",NA,NA,NA,NA,"PreservedSpecimen",NA,NA,NA,"Holothuriidae","",NA,NA,NA,NA,"",NA,NA,NA,NA,NA,NA,NA,"",NA,"",NA,NA,NA,NA,NA,NA,NA,"9d2198ec-ff40-4b8a-8499-a6f1a88bd52f",NA,"","872733a2-67a3-4c54-aa76-862735a5f334",NA,NA,NA,"",NA,"2014-09-12T11:05:23.030Z","Invertebrate Zoology","",NA,NA,58.481,NA,"",NA,"","Holothuria",NA,"","GP-Loc-819",NA,NA,"","9d2198ec-ff40-4b8a-8499-a6f1a88bd52f",NA,NA,NA,NA,NA,NA,"09/08/2014",NA,NA,NA,"","FLMNH","","",NA,NA,NA,NA,NA,NA,NA,2005,NA,NA,"difficilis",NA,NA,NA,"",NA,NA,"4261-Echinodermata","","",NA,NA,NA,NA
"978",NA,NA,NA,NA,NA,NA,"",NA,NA,"","","",NA,NA,"","Marshall Islands",NA,NA,NA,"",NA,NA,NA,NA,"",NA,NA,NA,NA,NA,NA,NA,"Semper","",NA,NA,NA,NA,"",NA,NA,NA,"","","",NA,NA,NA,12,"",NA,"","",NA,NA,NA,NA,NA,"","Holothuria difficilis",NA,NA,NA,"Holothuroidea",NA,NA,"539D00E9-2AB4-4DF0-A71E-E3ADF4583DD2",NA,"R. H. Randall",NA,"",NA,"",NA,"Aspidochirotida",NA,NA,NA,"",NA,"","",NA,NA,"","",NA,"",NA,NA,NA,"","","",NA,"1bed93e49c00e1d3165d5a315d49f1301df525a6",NA,"",NA,"",NA,6,NA,"",NA,"",NA,NA,NA,NA,"PreservedSpecimen",NA,NA,NA,"Holothuriidae","",NA,NA,NA,NA,"",NA,NA,NA,NA,NA,NA,NA,"",NA,"",NA,NA,NA,NA,NA,NA,NA,"a6af0f9d-925c-4151-9ac5-e7377bb217db",NA,"","872733a2-67a3-4c54-aa76-862735a5f334",NA,NA,NA,"",NA,"2014-09-12T11:17:32.527Z","Invertebrate Zoology","",NA,NA,NA,NA,"",NA,"","Holothuria",NA,"","UGI-Station-33",NA,NA,"","a6af0f9d-925c-4151-9ac5-e7377bb217db",NA,NA,NA,NA,NA,NA,"09/08/2014",NA,NA,NA,"","FLMNH","","",NA,NA,NA,NA,NA,NA,NA,1976,NA,NA,"difficilis",NA,NA,NA,"",NA,NA,"12285-Echinodermata","","",NA,NA,NA,NA
"1011",NA,NA,NA,NA,19.3,NA,"",NA,NA,"","","",NA,NA,"","USA",NA,NA,NA,"",NA,NA,NA,NA,"",NA,NA,NA,NA,NA,NA,NA,"Semper","",NA,NA,NA,NA,"",NA,NA,NA,"","","",NA,NA,NA,3,"",NA,"","Wake Island",NA,NA,NA,NA,NA,"","Holothuria difficilis",NA,NA,NA,"Holothuroidea",NA,NA,"646D0ED9-4065-495F-B23C-4022BD238C07",NA,"Sun Kim",NA,"",NA,"",NA,"Aspidochirotida",NA,NA,NA,"",NA,"","",NA,NA,"","",NA,"",NA,NA,NA,"","","",NA,"9355d3866d8d15849e5a0c3ea7a87043ca45a4d4",NA,"",NA,"",NA,25,NA,"",NA,"",NA,NA,NA,NA,"PreservedSpecimen",NA,NA,NA,"Holothuriidae","",NA,NA,NA,NA,"",NA,NA,NA,NA,NA,NA,NA,"",NA,"",NA,NA,NA,NA,NA,NA,NA,"a1138dc2-2d5b-497f-b2f7-268dcad89b8b",NA,"","872733a2-67a3-4c54-aa76-862735a5f334",NA,NA,NA,"",NA,"2014-09-12T09:29:07.376Z","Invertebrate Zoology","",NA,NA,166.7,NA,"",NA,"","Holothuria",NA,"","Kim-WAK-St-10",NA,NA,"","a1138dc2-2d5b-497f-b2f7-268dcad89b8b",NA,NA,NA,NA,NA,NA,"09/08/2014",NA,NA,NA,"","FLMNH","","",NA,NA,NA,NA,NA,NA,NA,2009,NA,NA,"difficilis",NA,NA,NA,"",NA,NA,"11522-Echinodermata","","",NA,NA,NA,NA
"1073",NA,NA,NA,NA,NA,NA,"",NA,NA,"","","",NA,NA,"","Ecuador",NA,NA,NA,"",NA,NA,NA,NA,"",NA,NA,NA,NA,NA,NA,NA,"Semper","",NA,NA,NA,NA,"",NA,NA,NA,"","","",NA,NA,NA,4,"",NA,"","Galapagos Islands",NA,NA,NA,NA,NA,"","Holothuria difficilis",NA,NA,NA,"Holothuroidea",NA,NA,"A5DEA2AE-709B-4A50-A6DA-140309E7C0AB",NA,"Cleveland P. Hickman, Jr.",NA,"",NA,"",NA,"Aspidochirotida",NA,NA,NA,"",NA,"","",NA,NA,"","",NA,"",NA,NA,NA,"","","",NA,"545adb55cf16c6b53832344480f990ee40c96290",NA,"",NA,"",NA,29,NA,"",NA,"",NA,NA,NA,NA,"PreservedSpecimen",NA,NA,NA,"Holothuriidae","",NA,NA,NA,NA,"",NA,NA,NA,NA,NA,NA,NA,"",NA,"",NA,NA,NA,NA,NA,NA,NA,"877c6326-1d5d-46df-866e-fef8c42cd851",NA,"","872733a2-67a3-4c54-aa76-862735a5f334",NA,NA,NA,"",NA,"2014-09-12T17:12:50.628Z","Invertebrate Zoology","",NA,NA,NA,NA,"",NA,"","Holothuria",NA,"","Hickman-018",NA,NA,"","877c6326-1d5d-46df-866e-fef8c42cd851",NA,NA,NA,NA,NA,NA,"09/08/2014",NA,NA,NA,"","FLMNH","","",NA,NA,NA,NA,NA,NA,NA,1996,NA,NA,"difficilis",NA,NA,NA,"",NA,NA,"9649-Echinodermata","","",NA,NA,NA,NA
"1078",NA,NA,NA,NA,-0.504066666666667,NA,"",NA,NA,"","","",NA,NA,"","Nauru",NA,NA,NA,"",NA,NA,NA,NA,"",NA,NA,NA,NA,NA,NA,NA,"Semper","",NA,NA,NA,NA,"",NA,NA,NA,"","","",NA,NA,NA,7,"",NA,"","Nauru",NA,NA,NA,NA,NA,"","Holothuria difficilis",NA,NA,NA,"Holothuroidea",NA,NA,"C853D0A0-00A7-432A-9236-7ED01CD600B7",NA,"Kirkendale, L.",NA,"",NA,"",NA,"Aspidochirotida",NA,NA,NA,"",NA,"","",NA,NA,"","",NA,"",NA,NA,NA,"","","",NA,"86774a618ebb679b217b5ff9b8579949301afa9c",NA,"",NA,"",NA,2,NA,"",NA,"",NA,NA,NA,NA,"PreservedSpecimen",NA,NA,NA,"Holothuriidae","",NA,NA,NA,NA,"",NA,NA,NA,NA,NA,NA,NA,"",NA,"",NA,NA,NA,NA,NA,NA,NA,"95ce1e43-b2a4-455b-891d-4aa4ba7ad6de",NA,"","872733a2-67a3-4c54-aa76-862735a5f334",NA,NA,NA,"",NA,"2014-09-12T14:54:47.065Z","Invertebrate Zoology","",NA,NA,166.946633333333,NA,"",NA,"","Holothuria",NA,"","LAK-254",NA,NA,"","95ce1e43-b2a4-455b-891d-4aa4ba7ad6de",NA,NA,NA,NA,NA,NA,"09/08/2014",NA,NA,NA,"","FLMNH","","",NA,NA,NA,NA,NA,NA,NA,2004,NA,NA,"difficilis",NA,NA,NA,"",NA,NA,"3152-Echinodermata","","Nauru Island",NA,NA,NA,NA
"1093",NA,NA,NA,NA,NA,NA,"",NA,NA,"","","",NA,NA,"","Northern Mariana Islands",NA,NA,NA,"",NA,NA,NA,NA,"",NA,NA,NA,NA,NA,NA,NA,"Semper","",NA,NA,NA,NA,"",NA,NA,NA,"","","",NA,NA,NA,6,"",NA,"","",NA,NA,NA,NA,NA,"","Holothuria difficilis",NA,NA,NA,"Holothuroidea",NA,NA,"E9C56701-9711-4031-B50B-069D2C93BA4B",NA,"Starmer, J.",NA,"",NA,"",NA,"Aspidochirotida",NA,NA,NA,"",NA,"","",NA,NA,"","",NA,"",NA,NA,NA,"","","",NA,"31f97a3d3a549f8029213e568a231080beb46f9b",NA,"",NA,"",NA,11,NA,"",NA,"",NA,NA,NA,NA,"PreservedSpecimen",NA,NA,NA,"Holothuriidae","",NA,NA,NA,NA,"",NA,NA,NA,NA,NA,NA,NA,"",NA,"",NA,NA,NA,NA,NA,NA,NA,"fbb4d347-d6b6-4a7e-ac90-039c626290c3",NA,"","872733a2-67a3-4c54-aa76-862735a5f334",NA,NA,NA,"",NA,"2014-09-12T16:28:46.397Z","Invertebrate Zoology","",NA,NA,NA,NA,"",NA,"","Holothuria",NA,"","JAS-SAI-288",NA,NA,"","fbb4d347-d6b6-4a7e-ac90-039c626290c3",NA,NA,NA,NA,NA,NA,"09/08/2014",NA,NA,NA,"","FLMNH","","",NA,NA,NA,NA,NA,NA,NA,2004,NA,NA,"difficilis",NA,NA,NA,"",NA,NA,"3230-Echinodermata","","Saipan Island",NA,NA,NA,NA
"1098",NA,NA,NA,NA,NA,NA,"",NA,NA,"","","",NA,NA,"","Northern Mariana Islands",NA,NA,NA,"",NA,NA,NA,NA,"",NA,NA,NA,NA,NA,NA,NA,"Semper","",NA,NA,NA,NA,"",NA,NA,NA,"","","",NA,NA,NA,NA,"",NA,"","",NA,NA,NA,NA,NA,"","Holothuria difficilis",NA,NA,NA,"Holothuroidea",NA,NA,"A6555828-3407-4BB1-B0FC-031CF82F97EE",NA,"Starmer, J.",NA,"",NA,"",NA,"Aspidochirotida",NA,NA,NA,"",NA,"","",NA,NA,"","",NA,"",NA,NA,NA,"","","",NA,"4f242b289edf6697b0e152ac4b1245ac907a9a12",NA,"",NA,"",NA,NA,NA,"",NA,"",NA,NA,NA,NA,"PreservedSpecimen",NA,NA,NA,"Holothuriidae","",NA,NA,NA,NA,"",NA,NA,NA,NA,NA,NA,NA,"",NA,"",NA,NA,NA,NA,NA,NA,NA,"1a2f54a2-a566-4c83-904b-6cd208b262ca",NA,"","872733a2-67a3-4c54-aa76-862735a5f334",NA,NA,NA,"",NA,"2014-09-12T13:34:32.059Z","Invertebrate Zoology","",NA,NA,NA,NA,"",NA,"","Holothuria",NA,"","JAS-SAI-297",NA,NA,"","1a2f54a2-a566-4c83-904b-6cd208b262ca",NA,NA,NA,NA,NA,NA,"09/08/2014",NA,NA,NA,"","FLMNH","","",NA,NA,NA,NA,NA,NA,NA,2000,NA,NA,"difficilis",NA,NA,NA,"",NA,NA,"3232-Echinodermata","","Saipan Island",NA,NA,NA,NA
"1108",NA,NA,NA,NA,-5.019131,NA,"",NA,NA,"","","",NA,NA,"","Papua New Guinea",NA,NA,NA,"",NA,NA,NA,NA,"",NA,NA,NA,NA,NA,NA,NA,"Semper","",NA,NA,NA,NA,"",NA,NA,NA,"","","",NA,NA,NA,11,"",NA,"","Madang Province",NA,NA,NA,NA,NA,"","Holothuria difficilis",NA,NA,NA,"Holothuroidea",NA,NA,"C1840E7E-A777-4292-AEF0-AD68E2F3B564",NA,"Yasunori Kano, Pierre Lozouet, John Slapcinsky, Timea Neusser, Bastian Brenzinger, Audrey Espalieu, Ken Ganzik, Dave Anan, Graham Kaina, Mande Holford",NA,"",NA,"",NA,"Aspidochirotida",NA,NA,NA,"",NA,"","",NA,NA,"","",NA,"",NA,NA,NA,"","","",NA,"d62b7a72bcaaf9ae4a02243700602758cd77589c",NA,"",NA,"",NA,15,NA,"",NA,"",NA,NA,NA,NA,"PreservedSpecimen",NA,NA,NA,"Holothuriidae","",NA,NA,NA,NA,"",NA,NA,NA,NA,NA,NA,NA,"",NA,"",NA,NA,NA,NA,NA,NA,NA,"db457fca-2f6b-4b79-9b7c-2ca0b016c69f",NA,"","872733a2-67a3-4c54-aa76-862735a5f334",NA,NA,NA,"",NA,"2014-09-12T13:09:30.491Z","Invertebrate Zoology","",NA,NA,145.798438,NA,"",NA,"","Holothuria",NA,"","PM25",NA,NA,"","db457fca-2f6b-4b79-9b7c-2ca0b016c69f",NA,NA,NA,NA,NA,NA,"09/08/2014",NA,NA,NA,"","FLMNH","","",NA,NA,NA,NA,NA,NA,NA,2012,NA,NA,"difficilis",NA,NA,NA,"",NA,NA,"14802-Echinodermata","","",NA,NA,NA,NA
"1155",NA,NA,NA,NA,13.5,NA,"",NA,NA,"","","",NA,NA,"","USA",NA,NA,NA,"",NA,NA,NA,NA,"",NA,NA,NA,NA,NA,NA,NA,"Semper","",NA,NA,NA,NA,"",NA,NA,NA,"","","",NA,NA,NA,4,"",NA,"","Mariana Islands",NA,NA,NA,NA,NA,"","Holothuria difficilis",NA,NA,NA,"Holothuroidea",NA,NA,"418FD365-0805-4855-9E7F-29E1FE869644",NA,"R. Dickinson",NA,"",NA,"",NA,"Aspidochirotida",NA,NA,NA,"",NA,"","",NA,NA,"","",NA,"",NA,NA,NA,"","","",NA,"b2d9de2e6539e603f5461a7478836dbf2eb56df8",NA,"",NA,"",NA,19,NA,"",NA,"",NA,NA,NA,NA,"PreservedSpecimen",NA,NA,NA,"Holothuriidae","",NA,NA,NA,NA,"",NA,NA,NA,NA,NA,NA,NA,"",NA,"",NA,NA,NA,NA,NA,NA,NA,"71b89642-1e48-4fab-b49e-ed36a0d983cf",NA,"","872733a2-67a3-4c54-aa76-862735a5f334",NA,NA,NA,"",NA,"2014-09-12T14:05:23.908Z","Invertebrate Zoology","",NA,NA,144.8,NA,"",NA,"","Holothuria",NA,"","UGI-Station-52",NA,NA,"","71b89642-1e48-4fab-b49e-ed36a0d983cf",NA,NA,NA,NA,NA,NA,"09/08/2014",NA,NA,NA,"","FLMNH","","",NA,NA,NA,NA,NA,NA,NA,1975,NA,NA,"difficilis",NA,NA,NA,"",NA,NA,"12278-Echinodermata","","Guam Island",NA,NA,NA,NA
"1281",NA,NA,NA,NA,NA,NA,"",NA,NA,"","","",NA,NA,"","USA",NA,NA,NA,"",NA,NA,NA,NA,"",NA,NA,NA,NA,NA,NA,NA,"Semper","",NA,NA,NA,NA,"",NA,NA,NA,"","","",NA,NA,NA,11,"",NA,"","Hawaiian Islands",NA,NA,NA,NA,NA,"","Holothuria difficilis",NA,NA,NA,"Holothuroidea",NA,NA,"B9AFEE9D-15E8-4DD2-996A-0B813FE73510",NA,"Pittman, C.",NA,"",NA,"",NA,"Aspidochirotida",NA,NA,NA,"",NA,"","",NA,NA,"","",NA,"",NA,NA,NA,"","","",NA,"d9c10297d447267d57ed25826b0cc9d97721bc77",NA,"",NA,"",NA,14,NA,"",NA,"",NA,NA,NA,NA,"PreservedSpecimen",NA,NA,NA,"Holothuriidae","",NA,NA,NA,NA,"",NA,NA,NA,NA,NA,NA,NA,"",NA,"",NA,NA,NA,NA,NA,NA,NA,"e0e8bef1-ec8c-4014-a360-ba8dab38a742",NA,"","872733a2-67a3-4c54-aa76-862735a5f334",NA,NA,NA,"",NA,"2014-09-12T15:54:20.399Z","Invertebrate Zoology","",NA,NA,NA,NA,"",NA,"","Holothuria",NA,"","ZZZ-087865",NA,NA,"","e0e8bef1-ec8c-4014-a360-ba8dab38a742",NA,NA,NA,NA,NA,NA,"09/08/2014",NA,NA,NA,"","FLMNH","","",NA,NA,NA,NA,NA,NA,NA,2002,NA,NA,"difficilis",NA,NA,NA,"",NA,NA,"1274-Echinodermata","","Maui Island",NA,NA,NA,NA
"1340",NA,NA,NA,NA,NA,NA,"",NA,NA,"","","",NA,NA,"","Cook Islands",NA,NA,NA,"",NA,NA,NA,NA,"",NA,NA,NA,NA,NA,NA,NA,"Semper","",NA,NA,NA,NA,"",NA,NA,NA,"","","",NA,NA,NA,12,"",NA,"","Cook Islands",NA,NA,NA,NA,NA,"","Holothuria difficilis",NA,NA,NA,"Holothuroidea",NA,NA,"3255BC72-DA50-4E1C-A181-F5F59446F3DA",NA,"Paulay, G.",NA,"",NA,"",NA,"Aspidochirotida",NA,NA,NA,"",NA,"","",NA,NA,"","",NA,"",NA,NA,NA,"","","",NA,"7c838b3570f6f24aa2389c19a420455669098e28",NA,"",NA,"",NA,7,NA,"",NA,"",NA,NA,NA,NA,"PreservedSpecimen",NA,NA,NA,"Holothuriidae","",NA,NA,NA,NA,"",NA,NA,NA,NA,NA,NA,NA,"",NA,"",NA,NA,NA,NA,NA,NA,NA,"e2b2f48b-e802-4af9-961f-b980d9fbf7ca",NA,"","872733a2-67a3-4c54-aa76-862735a5f334",NA,NA,NA,"",NA,"2014-09-12T10:03:06.297Z","Invertebrate Zoology","",NA,NA,NA,NA,"",NA,"","Holothuria",NA,"","ZZZ-089018",NA,NA,"","e2b2f48b-e802-4af9-961f-b980d9fbf7ca",NA,NA,NA,NA,NA,NA,"09/08/2014",NA,NA,NA,"","FLMNH","","",NA,NA,NA,NA,NA,NA,NA,1982,NA,NA,"difficilis",NA,NA,NA,"",NA,NA,"1851-Echinodermata","","Mauke island",NA,NA,NA,NA
"1383",NA,NA,NA,NA,5.36916,NA,"",NA,NA,"","","",NA,NA,"","Federated States of Micronesia",NA,NA,NA,"",NA,NA,NA,NA,"",NA,NA,NA,NA,NA,NA,NA,"Semper","",NA,NA,NA,NA,"",NA,NA,NA,"","","",NA,NA,NA,3,"",NA,"","Caroline Islands",NA,NA,NA,NA,NA,"","Holothuria difficilis",NA,NA,NA,"Holothuroidea",NA,NA,"0316FD28-39A5-4590-99D8-30A781B9A756",NA,"Sun Kim, Alex Kerr, François Michonneau",NA,"",NA,"",NA,"Aspidochirotida",NA,NA,NA,"",NA,"","",NA,NA,"","",NA,"",NA,NA,NA,"","","",NA,"0c2a7887e0d7702b777c614a873edda101187d2f",NA,"",NA,"",NA,4,NA,"",NA,"",NA,NA,NA,NA,"PreservedSpecimen",NA,NA,NA,"Holothuriidae","",NA,NA,NA,NA,"",NA,NA,NA,NA,NA,NA,NA,"",NA,"",NA,NA,NA,NA,NA,NA,NA,"e43cfa61-82ee-4ec3-be0e-6625030d273c",NA,"","872733a2-67a3-4c54-aa76-862735a5f334",NA,NA,NA,"",NA,"2014-09-12T11:04:52.561Z","Invertebrate Zoology","",NA,NA,163.01382,NA,"",NA,"","Holothuria",NA,"","KOSR-17",NA,NA,"","e43cfa61-82ee-4ec3-be0e-6625030d273c",NA,NA,NA,NA,NA,NA,"09/08/2014",NA,NA,NA,"","FLMNH","","",NA,NA,NA,NA,NA,NA,NA,2008,NA,NA,"difficilis",NA,NA,NA,"",NA,NA,"6968-Echinodermata","","Kosrae Island",NA,NA,NA,NA
"1426",NA,NA,NA,NA,NA,NA,"",NA,NA,"","","",NA,NA,"","Pitcairn Islands",NA,NA,NA,"",NA,NA,NA,NA,"",NA,NA,NA,NA,NA,NA,NA,"Semper","",NA,NA,NA,NA,"",NA,NA,NA,"","","",NA,NA,NA,NA,"",NA,"","Henderson Island",NA,NA,NA,NA,NA,"","Holothuria difficilis",NA,NA,NA,"Holothuroidea",NA,NA,"FBC70423-A353-4CB8-B3B8-ABE920D1EEC3",NA,"Starmer, J.",NA,"",NA,"",NA,"Aspidochirotida",NA,NA,NA,"",NA,"","",NA,NA,"","",NA,"",NA,NA,NA,"","","",NA,"4c8627d3dfcb0c03ed6abe73b853fd7f6604c5f3",NA,"",NA,"",NA,NA,NA,"",NA,"",NA,NA,NA,NA,"PreservedSpecimen",NA,NA,NA,"Holothuriidae","",NA,NA,NA,NA,"",NA,NA,NA,NA,NA,NA,NA,"",NA,"",NA,NA,NA,NA,NA,NA,NA,"4f110781-38c1-4355-8f22-2c43837471be",NA,"","872733a2-67a3-4c54-aa76-862735a5f334",NA,NA,NA,"",NA,"2014-09-12T13:05:56.951Z","Invertebrate Zoology","",NA,NA,NA,NA,"",NA,"","Holothuria",NA,"","JAS-HEN-Beach",NA,NA,"","4f110781-38c1-4355-8f22-2c43837471be",NA,NA,NA,NA,NA,NA,"09/08/2014",NA,NA,NA,"","FLMNH","","",NA,NA,NA,NA,NA,NA,NA,NA,NA,NA,"difficilis",NA,NA,NA,"",NA,NA,"3277-Echinodermata","","",NA,NA,NA,NA
"1439",NA,NA,NA,NA,-21.107222,NA,"",NA,NA,"","","",NA,NA,"","France",NA,NA,NA,"",NA,NA,NA,NA,"",NA,NA,NA,NA,NA,NA,NA,"Semper","",NA,NA,NA,NA,"",NA,NA,NA,"","","",NA,NA,NA,8,"",NA,"","Mascarene Islands",NA,NA,NA,NA,NA,"","Holothuria difficilis",NA,NA,NA,"Holothuroidea",NA,NA,"3C239575-31F7-47CB-BC82-D38C78E7A901",NA,"Henrich Bruggemann, Nicolas Hubert, Francois Michonneau, Gustav Paulay & John Slapcinsky",NA,"",NA,"",NA,"Aspidochirotida",NA,NA,NA,"",NA,"","",NA,NA,"","",NA,"",NA,NA,NA,"","","",NA,"5a715a59de8757110c686a63bca5e6bb71f381e4",NA,"",NA,"",NA,6,NA,"",NA,"",NA,NA,NA,NA,"PreservedSpecimen",NA,NA,NA,"Holothuriidae","",NA,NA,NA,NA,"",NA,NA,NA,NA,NA,NA,NA,"",NA,"",NA,NA,NA,NA,NA,NA,NA,"643a7fd6-80ee-43b5-ac61-44862cecb2c3",NA,"","872733a2-67a3-4c54-aa76-862735a5f334",NA,NA,NA,"",NA,"2014-09-12T18:30:00.138Z","Invertebrate Zoology","",NA,NA,55.248889,NA,"",NA,"","Holothuria",NA,"","SWIO-2",NA,NA,"","643a7fd6-80ee-43b5-ac61-44862cecb2c3",NA,NA,NA,NA,NA,NA,"09/08/2014",NA,NA,NA,"","FLMNH","","",NA,NA,NA,NA,NA,NA,NA,2007,NA,NA,"difficilis",NA,NA,NA,"",NA,NA,"6402-Echinodermata","","Reunion Island",NA,NA,NA,NA
"1451",NA,NA,NA,NA,7.285022,NA,"",NA,NA,"","","",NA,NA,"","Federated States of Micronesia",NA,NA,NA,"",NA,NA,NA,NA,"",NA,NA,NA,NA,NA,NA,NA,"Semper","",NA,NA,NA,NA,"",NA,NA,NA,"","","",NA,NA,NA,7,"",NA,"","Caroline Islands",NA,NA,NA,NA,NA,"","Holothuria difficilis",NA,NA,NA,"Holothuroidea",NA,NA,"06A82BB2-B47C-4365-A364-6F4958FC4833",NA,"Sun Kim",NA,"",NA,"",NA,"Aspidochirotida",NA,NA,NA,"",NA,"","",NA,NA,"","",NA,"",NA,NA,NA,"","","",NA,"ea0353f5afa343550f4f49520c8da78188c4c35a",NA,"",NA,"",NA,4,NA,"",NA,"",NA,NA,NA,NA,"PreservedSpecimen",NA,NA,NA,"Holothuriidae","",NA,NA,NA,NA,"",NA,NA,NA,NA,NA,NA,NA,"",NA,"",NA,NA,NA,NA,NA,NA,NA,"023a7b80-c09f-4d32-a608-5d9365bf1533",NA,"","872733a2-67a3-4c54-aa76-862735a5f334",NA,NA,NA,"",NA,"2014-09-12T18:41:02.007Z","Invertebrate Zoology","",NA,NA,151.541051,NA,"",NA,"","Holothuria",NA,"","Kim-CHK-St-01",NA,NA,"","023a7b80-c09f-4d32-a608-5d9365bf1533",NA,NA,NA,NA,NA,NA,"09/08/2014",NA,NA,NA,"","FLMNH","","",NA,NA,NA,NA,NA,NA,NA,2011,NA,NA,"difficilis",NA,NA,NA,"",NA,NA,"11387-Echinodermata","","Chuuk Island",NA,NA,NA,NA
"1534",NA,NA,NA,NA,-19.1,NA,"",NA,NA,"","","",NA,NA,"","Niue Island",NA,NA,NA,"",NA,NA,NA,NA,"",NA,NA,NA,NA,NA,NA,NA,"Semper","",NA,NA,NA,NA,"",NA,NA,NA,"","","",NA,NA,NA,9,"",NA,"","Niue Island",NA,NA,NA,NA,NA,"","Holothuria difficilis",NA,NA,NA,"Holothuroidea",NA,NA,"E25B812C-115D-4FC2-A683-F0EECA8AFFD5",NA,"Paulay, G.",NA,"",NA,"",NA,"Aspidochirotida",NA,NA,NA,"",NA,"","",NA,NA,"","",NA,"",NA,NA,NA,"","","",NA,"91465825cbdf1a95505abd022f8abc130a1c1671",NA,"",NA,"",NA,30,NA,"",NA,"",NA,NA,NA,NA,"PreservedSpecimen",NA,NA,NA,"Holothuriidae","",NA,NA,NA,NA,"",NA,NA,NA,NA,NA,NA,NA,"",NA,"",NA,NA,NA,NA,NA,NA,NA,"4c05482c-222e-4199-a8e2-fb3d88522d38",NA,"","872733a2-67a3-4c54-aa76-862735a5f334",NA,NA,NA,"",NA,"2014-09-12T09:45:29.834Z","Invertebrate Zoology","",NA,NA,-169.9,NA,"",NA,"","Holothuria",NA,"","HNIUE-094B",NA,NA,"","4c05482c-222e-4199-a8e2-fb3d88522d38",NA,NA,NA,NA,NA,NA,"09/08/2014",NA,NA,NA,"","FLMNH","","",NA,NA,NA,NA,NA,NA,NA,1991,NA,NA,"difficilis",NA,NA,NA,"",NA,NA,"1661-Echinodermata","","Niue Island",NA,NA,NA,NA
"1543",NA,NA,NA,NA,-14.9833333333333,NA,"",NA,NA,"","","",NA,NA,"","French Polynesia",NA,NA,NA,"",NA,NA,NA,NA,"",NA,NA,NA,NA,NA,NA,NA,"Semper","",NA,NA,NA,NA,"",NA,NA,NA,"","","",NA,NA,NA,10,"",NA,"","Tuamotu Islands",NA,NA,NA,NA,NA,"","Holothuria difficilis",NA,NA,NA,"Holothuroidea",NA,NA,"D650BAD0-34FB-42F9-9CAF-81461BAAF03E",NA,"Paulay, G.",NA,"",NA,"",NA,"Aspidochirotida",NA,NA,NA,"",NA,"","",NA,NA,"","",NA,"",NA,NA,NA,"","","",NA,"2a041dc31b97b76806cbad78fef9bb3adae79f56",NA,"",NA,"",NA,26,NA,"",NA,"",NA,NA,NA,NA,"PreservedSpecimen",NA,NA,NA,"Holothuriidae","",NA,NA,NA,NA,"",NA,NA,NA,NA,NA,NA,NA,"",NA,"",NA,NA,NA,NA,NA,NA,NA,"bbc6e445-aae0-4e93-88c9-5cabda1f132d",NA,"","872733a2-67a3-4c54-aa76-862735a5f334",NA,NA,NA,"",NA,"2014-09-12T10:10:53.328Z","Invertebrate Zoology","",NA,NA,-147.616666666667,NA,"",NA,"","Holothuria",NA,"","BRNG-034",NA,NA,"","bbc6e445-aae0-4e93-88c9-5cabda1f132d",NA,NA,NA,NA,NA,NA,"09/08/2014",NA,NA,NA,"","FLMNH","","",NA,NA,NA,NA,NA,NA,NA,2001,NA,NA,"difficilis",NA,NA,NA,"",NA,NA,"294-Echinodermata","","Rangiroa Atoll",NA,NA,NA,NA
"1546",NA,NA,NA,NA,7.12419,NA,"",NA,NA,"","","",NA,NA,"","Republic of the Marshall Islands",NA,NA,NA,"",NA,NA,NA,NA,"",NA,NA,NA,NA,NA,NA,NA,"Semper","",NA,NA,NA,NA,"",NA,NA,NA,"","","",NA,NA,NA,4,"",NA,"","Marshall Islands",NA,NA,NA,NA,NA,"","Holothuria difficilis",NA,NA,NA,"Holothuroidea",NA,NA,"612B92DF-46C2-4953-B956-414A2F0B7D43",NA,"François Michonneau & Sun Kim",NA,"",NA,"",NA,"Aspidochirotida",NA,NA,NA,"",NA,"","",NA,NA,"","",NA,"",NA,NA,NA,"","","",NA,"2c06878d1e52901bdb243cc973d43176906ea1e2",NA,"",NA,"",NA,7,NA,"",NA,"",NA,NA,NA,NA,"PreservedSpecimen",NA,NA,NA,"Holothuriidae","",NA,NA,NA,NA,"",NA,NA,NA,NA,NA,NA,NA,"",NA,"",NA,NA,NA,NA,NA,NA,NA,"d87a0c32-d40b-4eff-9795-ea8b92079a38",NA,"","872733a2-67a3-4c54-aa76-862735a5f334",NA,NA,NA,"",NA,"2014-09-12T10:17:41.853Z","Invertebrate Zoology","",NA,NA,171.35625,NA,"",NA,"","Holothuria",NA,"","FM-St-MAJ08-08",NA,NA,"","d87a0c32-d40b-4eff-9795-ea8b92079a38",NA,NA,NA,NA,NA,NA,"09/08/2014",NA,NA,NA,"","FLMNH","","",NA,NA,NA,NA,NA,NA,NA,2008,NA,NA,"difficilis",NA,NA,NA,"",NA,NA,"6766-Echinodermata","","Majuro Atoll",NA,NA,NA,NA
"1549",NA,NA,NA,NA,NA,NA,"",NA,NA,"","","",NA,NA,"","Pitcairn Islands",NA,NA,NA,"",NA,NA,NA,NA,"",NA,NA,NA,NA,NA,NA,NA,"Semper","",NA,NA,NA,NA,"",NA,NA,NA,"","","",NA,NA,NA,11,"",NA,"","Pitcairn Islands",NA,NA,NA,NA,NA,"","Holothuria difficilis",NA,NA,NA,"Holothuroidea",NA,NA,"85404E84-151C-468F-B038-5F55DC8F8C4D",NA,"Wragg, G.",NA,"",NA,"",NA,"Aspidochirotida",NA,NA,NA,"",NA,"","",NA,NA,"","",NA,"",NA,NA,NA,"","","",NA,"3e12d1058f274c336dfa0840a02867ffd3429e73",NA,"",NA,"",NA,9,NA,"",NA,"",NA,NA,NA,NA,"PreservedSpecimen",NA,NA,NA,"Holothuriidae","",NA,NA,NA,NA,"",NA,NA,NA,NA,NA,NA,NA,"",NA,"",NA,NA,NA,NA,NA,NA,NA,"688ae270-8784-4683-839c-d53e8d772beb",NA,"","872733a2-67a3-4c54-aa76-862735a5f334",NA,NA,NA,"",NA,"2014-09-12T12:02:48.194Z","Invertebrate Zoology","",NA,NA,NA,NA,"",NA,"","Holothuria",NA,"","ZZZ-088955",NA,NA,"","688ae270-8784-4683-839c-d53e8d772beb",NA,NA,NA,NA,NA,NA,"09/08/2014",NA,NA,NA,"","FLMNH","","",NA,NA,NA,NA,NA,NA,NA,1997,NA,NA,"difficilis",NA,NA,NA,"",NA,NA,"1918-Echinodermata","","Ducie Atoll",NA,NA,NA,NA
"1569",NA,NA,NA,NA,8.6317,NA,"",NA,NA,"","","",NA,NA,"","Panama",NA,NA,NA,"",NA,NA,NA,NA,"",NA,NA,NA,NA,NA,NA,NA,"Semper","",NA,NA,NA,NA,"",NA,NA,NA,"","","",NA,NA,NA,NA,"",NA,"","",NA,NA,NA,NA,NA,"","Holothuria difficilis",NA,NA,NA,"Holothuroidea",NA,NA,"3B56FDF3-83F3-45B5-B50A-66449B2809C0",NA,"I. C. Enochs",NA,"",NA,"",NA,"Aspidochirotida",NA,NA,NA,"",NA,"","",NA,NA,"","",NA,"",NA,NA,NA,"","","",NA,"1847732bef50eaa75a3e80b989f3a373bfb1b372",NA,"",NA,"",NA,NA,NA,"",NA,"",NA,NA,NA,NA,"PreservedSpecimen",NA,NA,NA,"Holothuriidae","",NA,NA,NA,NA,"",NA,NA,NA,NA,NA,NA,NA,"",NA,"",NA,NA,NA,NA,NA,NA,NA,"a0b01721-8337-4662-9d91-dd1eae9c5cee",NA,"","872733a2-67a3-4c54-aa76-862735a5f334",NA,NA,NA,"",NA,"2014-09-12T11:14:21.700Z","Invertebrate Zoology","",NA,NA,-79.0299,NA,"",NA,"","Holothuria",NA,"","Enochs-2008",NA,NA,"","a0b01721-8337-4662-9d91-dd1eae9c5cee",NA,NA,NA,NA,NA,NA,"09/08/2014",NA,NA,NA,"","FLMNH","","",NA,NA,NA,NA,NA,NA,NA,2008,NA,NA,"difficilis",NA,NA,NA,"",NA,NA,"9037-Echinodermata","","",NA,NA,NA,NA
"1625",NA,NA,NA,NA,13.5,NA,"",NA,NA,"","","",NA,NA,"","USA",NA,NA,NA,"",NA,NA,NA,NA,"",NA,NA,NA,NA,NA,NA,NA,"Semper","",NA,NA,NA,NA,"",NA,NA,NA,"","","",NA,NA,NA,7,"",NA,"","Mariana Islands",NA,NA,NA,NA,NA,"","Holothuria difficilis",NA,NA,NA,"Holothuroidea",NA,NA,"19795316-7B72-4AB4-A393-14CC311160E4",NA,"Alex Kerr",NA,"",NA,"",NA,"Aspidochirotida",NA,NA,NA,"",NA,"","",NA,NA,"","",NA,"",NA,NA,NA,"","","",NA,"d33ba43394d986591d1467bfcd4e19bc03d25287",NA,"",NA,"",NA,21,NA,"",NA,"",NA,NA,NA,NA,"PreservedSpecimen",NA,NA,NA,"Holothuriidae","",NA,NA,NA,NA,"",NA,NA,NA,NA,NA,NA,NA,"",NA,"",NA,NA,NA,NA,NA,NA,NA,"723caaa0-c9a4-4200-8dc9-7e4c04d9ad6b",NA,"","872733a2-67a3-4c54-aa76-862735a5f334",NA,NA,NA,"",NA,"2014-09-12T16:40:18.777Z","Invertebrate Zoology","",NA,NA,144.8,NA,"",NA,"","Holothuria",NA,"","Kerr-1992-07-21",NA,NA,"","723caaa0-c9a4-4200-8dc9-7e4c04d9ad6b",NA,NA,NA,NA,NA,NA,"09/08/2014",NA,NA,NA,"","FLMNH","","",NA,NA,NA,NA,NA,NA,NA,1992,NA,NA,"difficilis",NA,NA,NA,"",NA,NA,"12650-Echinodermata","","Guam Island",NA,NA,NA,NA
"1654",NA,NA,NA,NA,26.406339,NA,"",NA,NA,"","","",NA,NA,"","Japan",NA,NA,NA,"",NA,NA,NA,NA,"",NA,NA,NA,NA,NA,NA,NA,"Semper","",NA,NA,NA,NA,"",NA,NA,NA,"","","",NA,NA,NA,6,"",NA,"","Okinawa Prefecture",NA,NA,NA,NA,NA,"","Holothuria difficilis",NA,NA,NA,"Holothuroidea",NA,NA,"F67A19CC-9184-406B-B27E-2425E70462A4",NA,"Nat Evans, Francois Michonneau, Tom Schils, Amanda Devilliers, Daisuke Uyeno",NA,"",NA,"",NA,"Aspidochirotida",NA,NA,NA,"",NA,"","",NA,NA,"","",NA,"",NA,NA,NA,"","","",NA,"df96d16a23af7d153a04a4bf15e2f7aa344da8c7",NA,"",NA,"",NA,29,NA,"",NA,"",NA,NA,NA,NA,"PreservedSpecimen",NA,NA,NA,"Holothuriidae","",NA,NA,NA,NA,"",NA,NA,NA,NA,NA,NA,NA,"",NA,"",NA,NA,NA,NA,NA,NA,NA,"864224af-8925-498a-a35c-471774409091",NA,"","872733a2-67a3-4c54-aa76-862735a5f334",NA,NA,NA,"",NA,"2014-09-12T14:39:48.091Z","Invertebrate Zoology","",NA,NA,127.844547,NA,"",NA,"","Holothuria",NA,"","GUOK10-St-051",NA,NA,"","864224af-8925-498a-a35c-471774409091",NA,NA,NA,NA,NA,NA,"09/08/2014",NA,NA,NA,"","FLMNH","","",NA,NA,NA,NA,NA,NA,NA,2010,NA,NA,"difficilis",NA,NA,NA,"",NA,NA,"10377-Echinodermata","","Okinawa Island",NA,NA,NA,NA
"1722",NA,NA,NA,NA,NA,NA,"",NA,NA,"","","",NA,NA,"","Ecuador",NA,NA,NA,"",NA,NA,NA,NA,"",NA,NA,NA,NA,NA,NA,NA,"Semper","",NA,NA,NA,NA,"",NA,NA,NA,"","","",NA,NA,NA,5,"",NA,"","Galapagos Islands",NA,NA,NA,NA,NA,"","Holothuria difficilis",NA,NA,NA,"Holothuroidea",NA,NA,"E41FDA37-2790-4A31-AD23-44368211E972",NA,"Cleveland P. Hickman, Jr.",NA,"",NA,"",NA,"Aspidochirotida",NA,NA,NA,"",NA,"","",NA,NA,"","",NA,"",NA,NA,NA,"","","",NA,"b4b9002aeca839d759d48d219b3203295519cf3b",NA,"",NA,"",NA,22,NA,"",NA,"",NA,NA,NA,NA,"PreservedSpecimen",NA,NA,NA,"Holothuriidae","",NA,NA,NA,NA,"",NA,NA,NA,NA,NA,NA,NA,"",NA,"",NA,NA,NA,NA,NA,NA,NA,"c506a450-667d-4bcf-8e0b-af3f5367400d",NA,"","872733a2-67a3-4c54-aa76-862735a5f334",NA,NA,NA,"",NA,"2014-09-12T16:47:22.492Z","Invertebrate Zoology","",NA,NA,NA,NA,"",NA,"","Holothuria",NA,"","Hickman-017",NA,NA,"","c506a450-667d-4bcf-8e0b-af3f5367400d",NA,NA,NA,NA,NA,NA,"09/08/2014",NA,NA,NA,"","FLMNH","","",NA,NA,NA,NA,NA,NA,NA,1995,NA,NA,"difficilis",NA,NA,NA,"",NA,NA,"9642-Echinodermata","","",NA,NA,NA,NA
"1751",NA,NA,NA,NA,NA,NA,"",NA,NA,"","","",NA,NA,"","Northern Mariana Islands",NA,NA,NA,"",NA,NA,NA,NA,"",NA,NA,NA,NA,NA,NA,NA,"Semper","",NA,NA,NA,NA,"",NA,NA,NA,"","","",NA,NA,NA,9,"",NA,"","Mariana Islands",NA,NA,NA,NA,NA,"","Holothuria difficilis",NA,NA,NA,"Holothuroidea",NA,NA,"EF4C821E-2BE4-4711-80FA-2A8DE5077C4F",NA,"",NA,"",NA,"",NA,"Aspidochirotida",NA,NA,NA,"",NA,"","",NA,NA,"","",NA,"",NA,NA,NA,"","","",NA,"30875496ec7518e17b52440e2a12e1625cd71b58",NA,"",NA,"",NA,17,NA,"",NA,"",NA,NA,NA,NA,"PreservedSpecimen",NA,NA,NA,"Holothuriidae","",NA,NA,NA,NA,"",NA,NA,NA,NA,NA,NA,NA,"",NA,"",NA,NA,NA,NA,NA,NA,NA,"7b637a02-7d70-4eee-a7bc-e40c7a6c915f",NA,"","872733a2-67a3-4c54-aa76-862735a5f334",NA,NA,NA,"",NA,"2014-09-12T15:53:49.210Z","Invertebrate Zoology","",NA,NA,NA,NA,"",NA,"","Holothuria",NA,"","ZZZ-091406",NA,NA,"","7b637a02-7d70-4eee-a7bc-e40c7a6c915f",NA,NA,NA,NA,NA,NA,"09/08/2014",NA,NA,NA,"","FLMNH","","",NA,NA,NA,NA,NA,NA,NA,2002,NA,NA,"difficilis",NA,NA,NA,"",NA,NA,"3618-Echinodermata","","Saipan Island",NA,NA,NA,NA
"1768",NA,NA,NA,NA,-13.44624,NA,"",NA,NA,"","","",NA,NA,"","Madagascar",NA,NA,NA,"",NA,NA,NA,NA,"",NA,NA,NA,NA,NA,NA,NA,"Semper","",NA,NA,NA,NA,"",NA,NA,NA,"","","",NA,NA,NA,5,"",NA,"","",NA,NA,NA,NA,NA,"","Holothuria difficilis",NA,NA,NA,"Holothuroidea",NA,NA,"B21FC1AA-895C-45F6-993C-EB77E924D214",NA,"Gustav Paulay",NA,"",NA,"",NA,"Aspidochirotida",NA,NA,NA,"",NA,"","",NA,NA,"","",NA,"",NA,NA,NA,"","","",NA,"c7f854db864cc28b82d687d6fdd77507302695b3",NA,"",NA,"",NA,26,NA,"",NA,"",NA,NA,NA,NA,"PreservedSpecimen",NA,NA,NA,"Holothuriidae","",NA,NA,NA,NA,"",NA,NA,NA,NA,NA,NA,NA,"",NA,"",NA,NA,NA,NA,NA,NA,NA,"836b6651-5449-4005-94da-1c93c50c3015",NA,"","872733a2-67a3-4c54-aa76-862735a5f334",NA,NA,NA,"",NA,"2014-09-12T15:15:37.505Z","Invertebrate Zoology","",NA,NA,48.33157,NA,"",NA,"","Holothuria",NA,"","MGNW-51",NA,NA,"","836b6651-5449-4005-94da-1c93c50c3015",NA,NA,NA,NA,NA,NA,"09/08/2014",NA,NA,NA,"","FLMNH","","",NA,NA,NA,NA,NA,NA,NA,2008,NA,NA,"difficilis",NA,NA,NA,"",NA,NA,"7233-Echinodermata","","",NA,NA,NA,NA
"1769",NA,NA,NA,NA,9.4158,NA,"",NA,NA,"","","",NA,NA,"","Philippines",NA,NA,NA,"",NA,NA,NA,NA,"",NA,NA,NA,NA,NA,NA,NA,"Semper","",NA,NA,NA,NA,"",NA,NA,NA,"","","",NA,NA,NA,4,"",NA,"","Negros Province",NA,NA,NA,NA,NA,"","Holothuria difficilis",NA,NA,NA,"Holothuroidea",NA,NA,"B6C620D3-D68E-4B42-B486-DDC29969D540",NA,"Netchy, K. & Lasley, R.",NA,"",NA,"",NA,"Aspidochirotida",NA,NA,NA,"",NA,"","",NA,NA,"","",NA,"",NA,NA,NA,"","","",NA,"a38c52ff475acca843661cd8c232387060ca5b7b",NA,"",NA,"",NA,28,NA,"",NA,"",NA,NA,NA,NA,"PreservedSpecimen",NA,NA,NA,"Holothuriidae","",NA,NA,NA,NA,"",NA,NA,NA,NA,NA,NA,NA,"",NA,"",NA,NA,NA,NA,NA,NA,NA,"918dee95-730d-45f0-883b-81055f2bdd54",NA,"","872733a2-67a3-4c54-aa76-862735a5f334",NA,NA,NA,"",NA,"2014-09-12T18:11:31.714Z","Invertebrate Zoology","",NA,NA,123.2449,NA,"",NA,"","Holothuria",NA,"","KNRL-011",NA,NA,"","918dee95-730d-45f0-883b-81055f2bdd54",NA,NA,NA,NA,NA,NA,"09/08/2014",NA,NA,NA,"","FLMNH","","",NA,NA,NA,NA,NA,NA,NA,2005,NA,NA,"difficilis",NA,NA,NA,"",NA,NA,"4085-Echinodermata","","",NA,NA,NA,NA
"1974",NA,NA,NA,NA,13.52459,NA,"",NA,NA,"","","",NA,NA,"","USA",NA,NA,NA,"",NA,NA,NA,NA,"",NA,NA,NA,NA,NA,NA,NA,"Semper","",NA,NA,NA,NA,"",NA,NA,NA,"","","",NA,NA,NA,6,"",NA,"","Mariana Islands",NA,NA,NA,NA,NA,"","Holothuria difficilis",NA,NA,NA,"Holothuroidea",NA,NA,"27BEA81E-800F-48EC-9ADB-4BBE830B74BA",NA,"Nat Evans, Francois Michonneau, Gustav Paulay, Arthur Anker",NA,"",NA,"",NA,"Aspidochirotida",NA,NA,NA,"",NA,"","",NA,NA,"","",NA,"",NA,NA,NA,"","","",NA,"44214e5a84d80f9ed9e97e99c0f6d460eeb3fe61",NA,"",NA,"",NA,12,NA,"",NA,"",NA,NA,NA,NA,"PreservedSpecimen",NA,NA,NA,"Holothuriidae","",NA,NA,NA,NA,"",NA,NA,NA,NA,NA,NA,NA,"",NA,"",NA,NA,NA,NA,NA,NA,NA,"81fbd69a-870f-4ac5-8be0-e04376f150ae",NA,"","872733a2-67a3-4c54-aa76-862735a5f334",NA,NA,NA,"",NA,"2014-09-12T17:09:34.814Z","Invertebrate Zoology","",NA,NA,144.80318,NA,"",NA,"","Holothuria",NA,"","GUOK10-St-013",NA,NA,"","81fbd69a-870f-4ac5-8be0-e04376f150ae",NA,NA,NA,NA,NA,NA,"09/08/2014",NA,NA,NA,"","FLMNH","","",NA,NA,NA,NA,NA,NA,NA,2010,NA,NA,"difficilis",NA,NA,NA,"",NA,NA,"10334-Echinodermata","","Guam Island",NA,NA,NA,NA
"1993",NA,NA,NA,NA,NA,NA,"",NA,NA,"","","",NA,NA,"","USA",NA,NA,NA,"",NA,NA,NA,NA,"",NA,NA,NA,NA,NA,NA,NA,"Semper","",NA,NA,NA,NA,"",NA,NA,NA,"","","",NA,NA,NA,11,"",NA,"","Hawaiian Islands",NA,NA,NA,NA,NA,"","Holothuria difficilis",NA,NA,NA,"Holothuroidea",NA,NA,"3B2F89DC-03C0-479B-B84E-B423CE7848EE",NA,"Pittman, C.",NA,"",NA,"",NA,"Aspidochirotida",NA,NA,NA,"",NA,"","",NA,NA,"","",NA,"",NA,NA,NA,"","","",NA,"6eabc1ff77dec467ebff4a3bc7faa788fa425603",NA,"",NA,"",NA,21,NA,"",NA,"",NA,NA,NA,NA,"PreservedSpecimen",NA,NA,NA,"Holothuriidae","",NA,NA,NA,NA,"",NA,NA,NA,NA,NA,NA,NA,"",NA,"",NA,NA,NA,NA,NA,NA,NA,"a7fa723b-595f-471e-af53-17f3178ad9d0",NA,"","872733a2-67a3-4c54-aa76-862735a5f334",NA,NA,NA,"",NA,"2014-09-12T13:35:10.545Z","Invertebrate Zoology","",NA,NA,NA,NA,"",NA,"","Holothuria",NA,"","ZZZ-087865",NA,NA,"","a7fa723b-595f-471e-af53-17f3178ad9d0",NA,NA,NA,NA,NA,NA,"09/08/2014",NA,NA,NA,"","FLMNH","","",NA,NA,NA,NA,NA,NA,NA,2002,NA,NA,"difficilis",NA,NA,NA,"",NA,NA,"1271-Echinodermata","","Maui Island",NA,NA,NA,NA
"1999",NA,NA,NA,NA,26.406339,NA,"",NA,NA,"","","",NA,NA,"","Japan",NA,NA,NA,"",NA,NA,NA,NA,"",NA,NA,NA,NA,NA,NA,NA,"Semper","",NA,NA,NA,NA,"",NA,NA,NA,"","","",NA,NA,NA,6,"",NA,"","Okinawa Prefecture",NA,NA,NA,NA,NA,"","Holothuria difficilis",NA,NA,NA,"Holothuroidea",NA,NA,"FFED7097-5566-48D3-8039-4AE49C7439C1",NA,"Nat Evans, Francois Michonneau, Tom Schils, Amanda Devilliers, Daisuke Uyeno",NA,"",NA,"",NA,"Aspidochirotida",NA,NA,NA,"",NA,"","",NA,NA,"","",NA,"",NA,NA,NA,"","","",NA,"c37db0775b80e965543d260c29786dc49e0d3b3b",NA,"",NA,"",NA,29,NA,"",NA,"",NA,NA,NA,NA,"PreservedSpecimen",NA,NA,NA,"Holothuriidae","",NA,NA,NA,NA,"",NA,NA,NA,NA,NA,NA,NA,"",NA,"",NA,NA,NA,NA,NA,NA,NA,"705d1ee9-2522-469a-a9fc-cb595cf5107a",NA,"","872733a2-67a3-4c54-aa76-862735a5f334",NA,NA,NA,"",NA,"2014-09-12T17:48:04.281Z","Invertebrate Zoology","",NA,NA,127.844547,NA,"",NA,"","Holothuria",NA,"","GUOK10-St-051",NA,NA,"","705d1ee9-2522-469a-a9fc-cb595cf5107a",NA,NA,NA,NA,NA,NA,"09/08/2014",NA,NA,NA,"","FLMNH","","",NA,NA,NA,NA,NA,NA,NA,2010,NA,NA,"difficilis",NA,NA,NA,"",NA,NA,"10393-Echinodermata","","Okinawa Island",NA,NA,NA,NA
"2122",NA,NA,NA,NA,-5.002631,NA,"",NA,NA,"","","",NA,NA,"","Papua New Guinea",NA,NA,NA,"",NA,NA,NA,NA,"",NA,NA,NA,NA,NA,NA,NA,"Semper","",NA,NA,NA,NA,"",NA,NA,NA,"","","",NA,NA,NA,11,"",NA,"","Madang Province",NA,NA,NA,NA,NA,"","Holothuria difficilis",NA,NA,NA,"Holothuroidea",NA,NA,"722FEC64-904A-4496-88BC-5BF7E6104B13",NA,"Yasunori Kano, Pierre Lozouet, Timea Neusser, Thomas Warr, John Slapcinsky, Cyndie Dupoux, Thelma Hungito, Ken Ganzik",NA,"",NA,"",NA,"Aspidochirotida",NA,NA,NA,"",NA,"","",NA,NA,"","",NA,"",NA,NA,NA,"","","",NA,"2c7b6c5c1a3c8dae3a7cb446fc9b93fd21305bf1",NA,"",NA,"",NA,9,NA,"",NA,"",NA,NA,NA,NA,"PreservedSpecimen",NA,NA,NA,"Holothuriidae","",NA,NA,NA,NA,"",NA,NA,NA,NA,NA,NA,NA,"",NA,"",NA,NA,NA,NA,NA,NA,NA,"3fb050dc-b184-42c9-ab95-f35bc2e54368",NA,"","872733a2-67a3-4c54-aa76-862735a5f334",NA,NA,NA,"",NA,"2014-09-12T12:11:12.940Z","Invertebrate Zoology","",NA,NA,145.794118,NA,"",NA,"","Holothuria",NA,"","PM12",NA,NA,"","3fb050dc-b184-42c9-ab95-f35bc2e54368",NA,NA,NA,NA,NA,NA,"09/08/2014",NA,NA,NA,"","FLMNH","","",NA,NA,NA,NA,NA,NA,NA,2012,NA,NA,"difficilis",NA,NA,NA,"",NA,NA,"15370-Echinodermata","","",NA,NA,NA,NA
"2128",NA,NA,NA,NA,11.55875,NA,"",NA,NA,"","","",NA,NA,"","Djibouti",NA,NA,NA,"",NA,NA,NA,NA,"",NA,NA,NA,NA,NA,NA,NA,"Semper","",NA,NA,NA,NA,"",NA,NA,NA,"","","",NA,NA,NA,10,"",NA,"","",NA,NA,NA,NA,NA,"","Holothuria difficilis",NA,NA,NA,"Holothuroidea",NA,NA,"8911BEDF-39CE-4172-84D5-E89DA55E687F",NA,"Gustav Paulay",NA,"",NA,"",NA,"Aspidochirotida",NA,NA,NA,"",NA,"","",NA,NA,"","",NA,"",NA,NA,NA,"","","",NA,"c4dbf855574664bffbd9da2a4d9b9d18619b7578",NA,"",NA,"",NA,2,NA,"",NA,"",NA,NA,NA,NA,"PreservedSpecimen",NA,NA,NA,"Holothuriidae","",NA,NA,NA,NA,"",NA,NA,NA,NA,NA,NA,NA,"",NA,"",NA,NA,NA,NA,NA,NA,NA,"38022ca6-8f5c-4f3f-9e06-89c52108f041",NA,"","872733a2-67a3-4c54-aa76-862735a5f334",NA,NA,NA,"",NA,"2014-09-12T12:21:14.935Z","Invertebrate Zoology","",NA,NA,42.74083,NA,"",NA,"","Holothuria",NA,"","DJRS-019",NA,NA,"","38022ca6-8f5c-4f3f-9e06-89c52108f041",NA,NA,NA,NA,NA,NA,"09/08/2014",NA,NA,NA,"","FLMNH","","",NA,NA,NA,NA,NA,NA,NA,2012,NA,NA,"difficilis",NA,NA,NA,"",NA,NA,"12069-Echinodermata","","",NA,NA,NA,NA
"2187",NA,NA,NA,NA,-13.4244,NA,"",NA,NA,"","","",NA,NA,"","Madagascar",NA,NA,NA,"",NA,NA,NA,NA,"",NA,NA,NA,NA,NA,NA,NA,"Semper","",NA,NA,NA,NA,"",NA,NA,NA,"","","",NA,NA,NA,5,"",NA,"","",NA,NA,NA,NA,NA,"","Holothuria difficilis",NA,NA,NA,"Holothuroidea",NA,NA,"C1A5ACEC-380D-4EEC-8B61-5DE591270418",NA,"G. Bakary, H. Bruggemann, F. Michonneau, G. Paulay, T. Werner",NA,"",NA,"",NA,"Aspidochirotida",NA,NA,NA,"",NA,"","",NA,NA,"","",NA,"",NA,NA,NA,"","","",NA,"cb7018067b5068c14beeb67821c389a6b790c9cb",NA,"",NA,"",NA,15,NA,"",NA,"",NA,NA,NA,NA,"PreservedSpecimen",NA,NA,NA,"Holothuriidae","",NA,NA,NA,NA,"",NA,NA,NA,NA,NA,NA,NA,"",NA,"",NA,NA,NA,NA,NA,NA,NA,"c1a47e99-c484-4e52-8393-b6cf4eaa2a4e",NA,"","872733a2-67a3-4c54-aa76-862735a5f334",NA,NA,NA,"",NA,"2014-09-12T13:36:32.294Z","Invertebrate Zoology","",NA,NA,48.3642,NA,"",NA,"","Holothuria",NA,"","MGNW-20",NA,NA,"","c1a47e99-c484-4e52-8393-b6cf4eaa2a4e",NA,NA,NA,NA,NA,NA,"09/08/2014",NA,NA,NA,"","FLMNH","","",NA,NA,NA,NA,NA,NA,NA,2008,NA,NA,"difficilis",NA,NA,NA,"",NA,NA,"7399-Echinodermata","","",NA,NA,NA,NA
"2195",NA,NA,NA,NA,NA,NA,"",NA,NA,"","","",NA,NA,"","Tuvalu",NA,NA,NA,"",NA,NA,NA,NA,"",NA,NA,NA,NA,NA,NA,NA,"Semper","",NA,NA,NA,NA,"",NA,NA,NA,"","","",NA,NA,NA,6,"",NA,"","Tuvalu Islands",NA,NA,NA,NA,NA,"","Holothuria difficilis",NA,NA,NA,"Holothuroidea",NA,NA,"AFB54A76-798A-49CF-9512-FBAF35DD0C6A",NA,"Lisa Kirkendale",NA,"",NA,"",NA,"Aspidochirotida",NA,NA,NA,"",NA,"","",NA,NA,"","",NA,"",NA,NA,NA,"","","",NA,"487aa0279cd0d6498fa90337fc97bcd0003338fc",NA,"",NA,"",NA,19,NA,"",NA,"",NA,NA,NA,NA,"PreservedSpecimen",NA,NA,NA,"Holothuriidae","",NA,NA,NA,NA,"",NA,NA,NA,NA,NA,NA,NA,"",NA,"",NA,NA,NA,NA,NA,NA,NA,"9c16c882-2167-4325-b06b-0f337fca36fe",NA,"","872733a2-67a3-4c54-aa76-862735a5f334",NA,NA,NA,"",NA,"2014-09-12T17:50:40.518Z","Invertebrate Zoology","",NA,NA,NA,NA,"",NA,"","Holothuria",NA,"","LAK-240",NA,NA,"","9c16c882-2167-4325-b06b-0f337fca36fe",NA,NA,NA,NA,NA,NA,"09/08/2014",NA,NA,NA,"","FLMNH","","",NA,NA,NA,NA,NA,NA,NA,2004,NA,NA,"difficilis",NA,NA,NA,"",NA,NA,"5946-Echinodermata","","Funafuti Atoll",NA,NA,NA,NA
"2269",NA,NA,NA,NA,23.3827,NA,"",NA,NA,"","","",NA,NA,"","Mexico",NA,NA,NA,"",NA,NA,NA,NA,"",NA,NA,NA,NA,NA,NA,NA,"Semper","",NA,NA,NA,NA,"",NA,NA,NA,"","","",NA,NA,NA,1,"",NA,"","Baja California Sur",NA,NA,NA,NA,NA,"","Holothuria difficilis",NA,NA,NA,"Holothuroidea",NA,NA,"DEFAF78D-ACB3-4DFD-BE79-523C6D177CB1",NA,"T. A. Ebert, D. M. Dexter",NA,"",NA,"",NA,"Aspidochirotida",NA,NA,NA,"",NA,"","",NA,NA,"","",NA,"",NA,NA,NA,"","","",NA,"be83f88387183ab4ffd7b6f6f710541760cf822e",NA,"",NA,"",NA,28,NA,"",NA,"",NA,NA,NA,NA,"PreservedSpecimen",NA,NA,NA,"Holothuriidae","",NA,NA,NA,NA,"",NA,NA,NA,NA,NA,NA,NA,"",NA,"",NA,NA,NA,NA,NA,NA,NA,"f54dd1e2-8249-41cf-8a1d-87b87a3ef00b",NA,"","872733a2-67a3-4c54-aa76-862735a5f334",NA,NA,NA,"",NA,"2014-09-12T14:46:26.884Z","Invertebrate Zoology","",NA,NA,-109.4253,NA,"",NA,"","Holothuria",NA,"","Ebert-Los Frailes",NA,NA,"","f54dd1e2-8249-41cf-8a1d-87b87a3ef00b",NA,NA,NA,NA,NA,NA,"09/08/2014",NA,NA,NA,"","FLMNH","","",NA,NA,NA,NA,NA,NA,NA,1972,NA,NA,"difficilis",NA,NA,NA,"",NA,NA,"16144-Echinodermata","","",NA,NA,NA,NA
"2271",NA,NA,NA,NA,-21.2566666666667,NA,"",NA,NA,"","","",NA,NA,"","Cook Islands",NA,NA,NA,"",NA,NA,NA,NA,"",NA,NA,NA,NA,NA,NA,NA,"Semper","",NA,NA,NA,NA,"",NA,NA,NA,"","","",NA,NA,NA,6,"",NA,"","Cook Islands",NA,NA,NA,NA,NA,"","Holothuria difficilis",NA,NA,NA,"Holothuroidea",NA,NA,"D5317BAE-14DA-46A8-BBC2-46B591407934",NA,"Machel Malay",NA,"",NA,"",NA,"Aspidochirotida",NA,NA,NA,"",NA,"","",NA,NA,"","",NA,"",NA,NA,NA,"","","",NA,"6db223c005b469c7bfc1d9bd49a1b37a78648691",NA,"",NA,"",NA,18,NA,"",NA,"",NA,NA,NA,NA,"PreservedSpecimen",NA,NA,NA,"Holothuriidae","",NA,NA,NA,NA,"",NA,NA,NA,NA,NA,NA,NA,"",NA,"",NA,NA,NA,NA,NA,NA,NA,"39cd2078-02f8-4703-b5d2-7f1e4e30b7c5",NA,"","872733a2-67a3-4c54-aa76-862735a5f334",NA,NA,NA,"",NA,"2014-09-12T14:49:45.857Z","Invertebrate Zoology","",NA,NA,-159.816833333333,NA,"",NA,"","Holothuria",NA,"","MRARO-002",NA,NA,"","39cd2078-02f8-4703-b5d2-7f1e4e30b7c5",NA,NA,NA,NA,NA,NA,"09/08/2014",NA,NA,NA,"","FLMNH","","",NA,NA,NA,NA,NA,NA,NA,2006,NA,NA,"difficilis",NA,NA,NA,"",NA,NA,"6666-Echinodermata","","Rarotonga Island",NA,NA,NA,NA
"2304",NA,NA,NA,NA,-19.1,NA,"",NA,NA,"","","",NA,NA,"","Niue Island",NA,NA,NA,"",NA,NA,NA,NA,"",NA,NA,NA,NA,NA,NA,NA,"Semper","",NA,NA,NA,NA,"",NA,NA,NA,"","","",NA,NA,NA,7,"",NA,"","Niue Island",NA,NA,NA,NA,NA,"","Holothuria difficilis",NA,NA,NA,"Holothuroidea",NA,NA,"2BBE26C6-A996-49E7-927D-04A4D244789F",NA,"",NA,"",NA,"",NA,"Aspidochirotida",NA,NA,NA,"",NA,"","",NA,NA,"","",NA,"",NA,NA,NA,"","","",NA,"43dd363e82f4e890aba685b9ae44ad26cfdd320f",NA,"",NA,"",NA,19,NA,"",NA,"",NA,NA,NA,NA,"PreservedSpecimen",NA,NA,NA,"Holothuriidae","",NA,NA,NA,NA,"",NA,NA,NA,NA,NA,NA,NA,"",NA,"",NA,NA,NA,NA,NA,NA,NA,"df18ac6c-9b22-43bd-9a42-5df914a405db",NA,"","872733a2-67a3-4c54-aa76-862735a5f334",NA,NA,NA,"",NA,"2014-09-12T13:25:49.404Z","Invertebrate Zoology","",NA,NA,-169.9,NA,"",NA,"","Holothuria",NA,"","HNIUE-052",NA,NA,"","df18ac6c-9b22-43bd-9a42-5df914a405db",NA,NA,NA,NA,NA,NA,"09/08/2014",NA,NA,NA,"","FLMNH","","",NA,NA,NA,NA,NA,NA,NA,1986,NA,NA,"difficilis",NA,NA,NA,"",NA,NA,"1754-Echinodermata","","Niue Island",NA,NA,NA,NA
"2318",NA,NA,NA,NA,-18.1788166666667,NA,"",NA,NA,"","","",NA,NA,"","Fiji",NA,NA,NA,"",NA,NA,NA,NA,"",NA,NA,NA,NA,NA,NA,NA,"Semper","",NA,NA,NA,NA,"",NA,NA,NA,"","","",NA,NA,NA,11,"",NA,"","Fiji Islands",NA,NA,NA,NA,NA,"","Holothuria difficilis",NA,NA,NA,"Holothuroidea",NA,NA,"AEA4DF26-67D6-452C-A38F-524E6F6965BD",NA,"Kirkendale, L. & Bonito, V.",NA,"",NA,"",NA,"Aspidochirotida",NA,NA,NA,"",NA,"","",NA,NA,"","",NA,"",NA,NA,NA,"","","",NA,"673bbed74cf5b5c69e9a16e4dddfba5107c693b6",NA,"",NA,"",NA,10,NA,"",NA,"",NA,NA,NA,NA,"PreservedSpecimen",NA,NA,NA,"Holothuriidae","",NA,NA,NA,NA,"",NA,NA,NA,NA,NA,NA,NA,"",NA,"",NA,NA,NA,NA,NA,NA,NA,"a30860a4-8d8f-4f9c-9de1-7012cfdbd581",NA,"","872733a2-67a3-4c54-aa76-862735a5f334",NA,NA,NA,"",NA,"2014-09-12T16:07:52.836Z","Invertebrate Zoology","",NA,NA,178.457433333333,NA,"",NA,"","Holothuria",NA,"","LAK-015C",NA,NA,"","a30860a4-8d8f-4f9c-9de1-7012cfdbd581",NA,NA,NA,NA,NA,NA,"09/08/2014",NA,NA,NA,"","FLMNH","","",NA,NA,NA,NA,NA,NA,NA,2001,NA,NA,"difficilis",NA,NA,NA,"",NA,NA,"358-Echinodermata","","Viti Levu Island",NA,NA,NA,NA
"2333",NA,NA,NA,NA,-8.93718,NA,"",NA,NA,"","","",NA,NA,"","French Polynesia",NA,NA,NA,"",NA,NA,NA,NA,"",NA,NA,NA,NA,NA,NA,NA,"Semper","",NA,NA,NA,NA,"",NA,NA,NA,"","","",NA,NA,NA,1,"",NA,"","Marquesas Islands",NA,NA,NA,NA,NA,"","Holothuria difficilis",NA,NA,NA,"Holothuroidea",NA,NA,"B6DFAF1C-639E-4D09-AB80-C4F14D8C2D7F",NA,"John Starmer",NA,"",NA,"",NA,"Aspidochirotida",NA,NA,NA,"",NA,"","",NA,NA,"","",NA,"",NA,NA,NA,"","","",NA,"dda4bede58c4f43d7085c2ff84c84f2523534ca8",NA,"",NA,"",NA,NA,NA,"",NA,"",NA,NA,NA,NA,"PreservedSpecimen",NA,NA,NA,"Holothuriidae","",NA,NA,NA,NA,"",NA,NA,NA,NA,NA,NA,NA,"",NA,"",NA,NA,NA,NA,NA,NA,NA,"d315c46f-facd-4428-9e75-bf62b51b4aa5",NA,"","872733a2-67a3-4c54-aa76-862735a5f334",NA,NA,NA,"",NA,"2014-09-12T18:01:51.449Z","Invertebrate Zoology","",NA,NA,-140.12067,NA,"",NA,"","Holothuria",NA,"","MQ-02",NA,NA,"","d315c46f-facd-4428-9e75-bf62b51b4aa5",NA,NA,NA,NA,NA,NA,"09/08/2014",NA,NA,NA,"","FLMNH","","",NA,NA,NA,NA,NA,NA,NA,2012,NA,NA,"difficilis",NA,NA,NA,"",NA,NA,"14088-Echinodermata","","",NA,NA,NA,NA
"2341",NA,NA,NA,NA,-18.042225,NA,"",NA,NA,"","","",NA,NA,"","France",NA,NA,NA,"",NA,NA,NA,NA,"",NA,NA,NA,NA,NA,NA,NA,"Semper","",NA,NA,NA,NA,"",NA,NA,NA,"","","",NA,NA,NA,11,"",NA,"","New Caledonia",NA,NA,NA,NA,NA,"","Holothuria difficilis",NA,NA,NA,"Holothuroidea",NA,NA,"E20AA982-8692-4C30-B34E-73C256C45F3B",NA,"Nathaniel Evans",NA,"",NA,"",NA,"Aspidochirotida",NA,NA,NA,"",NA,"","",NA,NA,"","",NA,"",NA,NA,NA,"","","",NA,"627241c729d1009e39c5e0120cc0fc4f0e5ba604",NA,"",NA,"",NA,15,NA,"",NA,"",NA,NA,NA,NA,"PreservedSpecimen",NA,NA,NA,"Holothuriidae","",NA,NA,NA,NA,"",NA,NA,NA,NA,NA,NA,NA,"",NA,"",NA,NA,NA,NA,NA,NA,NA,"c7eb8e92-f9fb-4f33-be2f-c0fd6fbbf96b",NA,"","872733a2-67a3-4c54-aa76-862735a5f334",NA,NA,NA,"",NA,"2014-09-12T17:10:29.795Z","Invertebrate Zoology","",NA,NA,162.958427,NA,"",NA,"","Holothuria",NA,"","NEST23",NA,NA,"","c7eb8e92-f9fb-4f33-be2f-c0fd6fbbf96b",NA,NA,NA,NA,NA,NA,"09/08/2014",NA,NA,NA,"","FLMNH","","",NA,NA,NA,NA,NA,NA,NA,2013,NA,NA,"difficilis",NA,NA,NA,"",NA,NA,"15890-Echinodermata","","",NA,NA,NA,NA
"2449",NA,NA,NA,NA,21.4352833333333,NA,"",NA,NA,"","","",NA,NA,"","USA",NA,NA,NA,"",NA,NA,NA,NA,"",NA,NA,NA,NA,NA,NA,NA,"Semper","",NA,NA,NA,NA,"",NA,NA,NA,"","","",NA,NA,NA,2,"",NA,"","Hawaiian Islands",NA,NA,NA,NA,NA,"","Holothuria difficilis",NA,NA,NA,"Holothuroidea",NA,NA,"850BC4FC-FBD0-4D72-9A86-C6A5C6587C79",NA,"C. Meyer, G. Paulay",NA,"",NA,"",NA,"Aspidochirotida",NA,NA,NA,"",NA,"","",NA,NA,"","",NA,"",NA,NA,NA,"","","",NA,"95d6e2b6232223a3a39f1ca48f26c36d2f4d7e3e",NA,"",NA,"",NA,28,NA,"",NA,"",NA,NA,NA,NA,"PreservedSpecimen",NA,NA,NA,"Holothuriidae","",NA,NA,NA,NA,"",NA,NA,NA,NA,NA,NA,NA,"",NA,"",NA,NA,NA,NA,NA,NA,NA,"c3c27bab-68d6-4358-9537-84f534206735",NA,"","872733a2-67a3-4c54-aa76-862735a5f334",NA,NA,NA,"",NA,"2014-09-12T17:06:58.242Z","Invertebrate Zoology","",NA,NA,-157.788783333333,NA,"",NA,"","Holothuria",NA,"","GP-Loc-855",NA,NA,"","c3c27bab-68d6-4358-9537-84f534206735",NA,NA,NA,NA,NA,NA,"09/08/2014",NA,NA,NA,"","FLMNH","","",NA,NA,NA,NA,NA,NA,NA,2006,NA,NA,"difficilis",NA,NA,NA,"",NA,NA,"4818-Echinodermata","","Oahu Island",NA,NA,NA,NA
"2471",NA,NA,NA,NA,-14.3616,NA,"",NA,NA,"","","",NA,NA,"","American Samoa",NA,NA,NA,"",NA,NA,NA,NA,"",NA,NA,NA,NA,NA,NA,NA,"Semper","",NA,NA,NA,NA,"",NA,NA,NA,"","","",NA,NA,NA,NA,"",NA,"","Samoa Islands",NA,NA,NA,NA,NA,"","Holothuria difficilis",NA,NA,NA,"Holothuroidea",NA,NA,"81A278EE-0397-4CFA-B895-5E23920B4FF4",NA,"John Starmer",NA,"",NA,"",NA,"Aspidochirotida",NA,NA,NA,"",NA,"","",NA,NA,"","",NA,"",NA,NA,NA,"","","",NA,"841cfada0f2bea6cae371f851cbafb8f68263e79",NA,"",NA,"",NA,NA,NA,"",NA,"",NA,NA,NA,NA,"PreservedSpecimen",NA,NA,NA,"Holothuriidae","",NA,NA,NA,NA,"",NA,NA,NA,NA,NA,NA,NA,"",NA,"",NA,NA,NA,NA,NA,NA,NA,"8c166619-c6a4-47a1-9d11-ef4335a353b4",NA,"","872733a2-67a3-4c54-aa76-862735a5f334",NA,NA,NA,"",NA,"2014-09-12T14:35:48.113Z","Invertebrate Zoology","",NA,NA,-170.7471,NA,"",NA,"","Holothuria",NA,"","JAS-Tutuila",NA,NA,"","8c166619-c6a4-47a1-9d11-ef4335a353b4",NA,NA,NA,NA,NA,NA,"09/08/2014",NA,NA,NA,"","FLMNH","","",NA,NA,NA,NA,NA,NA,NA,NA,NA,NA,"difficilis",NA,NA,NA,"",NA,NA,"13285-Echinodermata","","Tutuila Island",NA,NA,NA,NA
"2484",NA,NA,NA,NA,23.3827,NA,"",NA,NA,"","","",NA,NA,"","Mexico",NA,NA,NA,"",NA,NA,NA,NA,"",NA,NA,NA,NA,NA,NA,NA,"Semper","",NA,NA,NA,NA,"",NA,NA,NA,"","","",NA,NA,NA,1,"",NA,"","Baja California Sur",NA,NA,NA,NA,NA,"","Holothuria difficilis",NA,NA,NA,"Holothuroidea",NA,NA,"2EEF8D70-4D79-40A4-A625-D0622AFF024C",NA,"T. A. Ebert, D. M. Dexter",NA,"",NA,"",NA,"Aspidochirotida",NA,NA,NA,"",NA,"","",NA,NA,"","",NA,"",NA,NA,NA,"","","",NA,"9455c9b19c65ca28aad6eea8e9ad1000cfa86d02",NA,"",NA,"",NA,28,NA,"",NA,"",NA,NA,NA,NA,"PreservedSpecimen",NA,NA,NA,"Holothuriidae","",NA,NA,NA,NA,"",NA,NA,NA,NA,NA,NA,NA,"",NA,"",NA,NA,NA,NA,NA,NA,NA,"7c398da1-b11b-45bc-bbf8-30feef6f1b11",NA,"","872733a2-67a3-4c54-aa76-862735a5f334",NA,NA,NA,"",NA,"2014-09-12T11:35:30.109Z","Invertebrate Zoology","",NA,NA,-109.4253,NA,"",NA,"","Holothuria",NA,"","Ebert-Los Frailes",NA,NA,"","7c398da1-b11b-45bc-bbf8-30feef6f1b11",NA,NA,NA,NA,NA,NA,"09/08/2014",NA,NA,NA,"","FLMNH","","",NA,NA,NA,NA,NA,NA,NA,1972,NA,NA,"difficilis",NA,NA,NA,"",NA,NA,"16150-Echinodermata","","",NA,NA,NA,NA
"2557",NA,NA,NA,NA,-21.087166,NA,"",NA,NA,"","","",NA,NA,"","France",NA,NA,NA,"",NA,NA,NA,NA,"",NA,NA,NA,NA,NA,NA,NA,"Semper","",NA,NA,NA,NA,"",NA,NA,NA,"","","",NA,NA,NA,8,"",NA,"","Mascarene Islands",NA,NA,NA,NA,NA,"","Holothuria difficilis",NA,NA,NA,"Holothuroidea",NA,NA,"D54D46DF-6567-4BC5-9736-5C3C80082BD5",NA,"Henrich Bruggemann, Nicolas Hubert, Francois Michonneau & Gustav Paulay",NA,"",NA,"",NA,"Aspidochirotida",NA,NA,NA,"",NA,"","",NA,NA,"","",NA,"",NA,NA,NA,"","","",NA,"d1ce8d7e3f877de0b0bd9b7d05a5910f7f8a27d6",NA,"",NA,"",NA,9,NA,"",NA,"",NA,NA,NA,NA,"PreservedSpecimen",NA,NA,NA,"Holothuriidae","",NA,NA,NA,NA,"",NA,NA,NA,NA,NA,NA,NA,"",NA,"",NA,NA,NA,NA,NA,NA,NA,"e721b955-70a0-443d-9bdf-cd086675c5c4",NA,"","872733a2-67a3-4c54-aa76-862735a5f334",NA,NA,NA,"",NA,"2014-09-12T15:06:06.670Z","Invertebrate Zoology","",NA,NA,55.2216,NA,"",NA,"","Holothuria",NA,"","SWIO-9",NA,NA,"","e721b955-70a0-443d-9bdf-cd086675c5c4",NA,NA,NA,NA,NA,NA,"09/08/2014",NA,NA,NA,"","FLMNH","","",NA,NA,NA,NA,NA,NA,NA,2007,NA,NA,"difficilis",NA,NA,NA,"",NA,NA,"6492-Echinodermata","","Reunion Island",NA,NA,NA,NA
"2622",NA,NA,NA,NA,-13.4806,NA,"",NA,NA,"","","",NA,NA,"","Madagascar",NA,NA,NA,"",NA,NA,NA,NA,"",NA,NA,NA,NA,NA,NA,NA,"Semper","",NA,NA,NA,NA,"",NA,NA,NA,"","","",NA,NA,NA,5,"",NA,"","",NA,NA,NA,NA,NA,"","Holothuria difficilis",NA,NA,NA,"Holothuroidea",NA,NA,"4E382413-3B6E-4AE3-9116-C457101572EC",NA,"F. Michonneau, G. Paulay, T. Werner",NA,"",NA,"",NA,"Aspidochirotida",NA,NA,NA,"",NA,"","",NA,NA,"","",NA,"",NA,NA,NA,"","","",NA,"b73fe8c31f2e07a1a3fbf7ed860b36a6289baa68",NA,"",NA,"",NA,14,NA,"",NA,"",NA,NA,NA,NA,"PreservedSpecimen",NA,NA,NA,"Holothuriidae","",NA,NA,NA,NA,"",NA,NA,NA,NA,NA,NA,NA,"",NA,"",NA,NA,NA,NA,NA,NA,NA,"30290e6e-6435-446f-ae2f-12a019360348",NA,"","872733a2-67a3-4c54-aa76-862735a5f334",NA,NA,NA,"",NA,"2014-09-12T13:43:13.259Z","Invertebrate Zoology","",NA,NA,48.2333,NA,"",NA,"","Holothuria",NA,"","MGNW-19",NA,NA,"","30290e6e-6435-446f-ae2f-12a019360348",NA,NA,NA,NA,NA,NA,"09/08/2014",NA,NA,NA,"","FLMNH","","",NA,NA,NA,NA,NA,NA,NA,2008,NA,NA,"difficilis",NA,NA,NA,"",NA,NA,"7381-Echinodermata","","",NA,NA,NA,NA
"2797",NA,NA,NA,NA,-19.1,NA,"",NA,NA,"","","",NA,NA,"","Niue Island",NA,NA,NA,"",NA,NA,NA,NA,"",NA,NA,NA,NA,NA,NA,NA,"Semper","",NA,NA,NA,NA,"",NA,NA,NA,"","","",NA,NA,NA,9,"",NA,"","Niue Island",NA,NA,NA,NA,NA,"","Holothuria difficilis",NA,NA,NA,"Holothuroidea",NA,NA,"BEADFCBF-669C-43C0-854C-5738F265B6FB",NA,"",NA,"",NA,"",NA,"Aspidochirotida",NA,NA,NA,"",NA,"","",NA,NA,"","",NA,"",NA,NA,NA,"","","",NA,"51742d830b10bf77b54d725fb0df2250ee88fffe",NA,"",NA,"",NA,30,NA,"",NA,"",NA,NA,NA,NA,"PreservedSpecimen",NA,NA,NA,"Holothuriidae","",NA,NA,NA,NA,"",NA,NA,NA,NA,NA,NA,NA,"",NA,"",NA,NA,NA,NA,NA,NA,NA,"a2a895fe-935c-49e7-a773-19fecd328336",NA,"","872733a2-67a3-4c54-aa76-862735a5f334",NA,NA,NA,"",NA,"2014-09-12T09:39:33.328Z","Invertebrate Zoology","",NA,NA,-169.9,NA,"",NA,"","Holothuria",NA,"","HNIUE-002",NA,NA,"","a2a895fe-935c-49e7-a773-19fecd328336",NA,NA,NA,NA,NA,NA,"09/08/2014",NA,NA,NA,"","FLMNH","","",NA,NA,NA,NA,NA,NA,NA,1986,NA,NA,"difficilis",NA,NA,NA,"",NA,NA,"1834-Echinodermata","","Niue Island",NA,NA,NA,NA
"2823",NA,NA,NA,NA,8.6317,NA,"",NA,NA,"","","",NA,NA,"","Panama",NA,NA,NA,"",NA,NA,NA,NA,"",NA,NA,NA,NA,NA,NA,NA,"Semper","",NA,NA,NA,NA,"",NA,NA,NA,"","","",NA,NA,NA,NA,"",NA,"","",NA,NA,NA,NA,NA,"","Holothuria difficilis",NA,NA,NA,"Holothuroidea",NA,NA,"96AAE7D9-07A8-46AD-9EE7-0C95554BE3FF",NA,"I. C. Enochs",NA,"",NA,"",NA,"Aspidochirotida",NA,NA,NA,"",NA,"","",NA,NA,"","",NA,"",NA,NA,NA,"","","",NA,"034b6422d3be76a3bfd694de4f330bb49a55ed38",NA,"",NA,"",NA,NA,NA,"",NA,"",NA,NA,NA,NA,"PreservedSpecimen",NA,NA,NA,"Holothuriidae","",NA,NA,NA,NA,"",NA,NA,NA,NA,NA,NA,NA,"",NA,"",NA,NA,NA,NA,NA,NA,NA,"6430e261-8326-4d1c-b752-e986d448c0d2",NA,"","872733a2-67a3-4c54-aa76-862735a5f334",NA,NA,NA,"",NA,"2014-09-12T12:20:14.332Z","Invertebrate Zoology","",NA,NA,-79.0299,NA,"",NA,"","Holothuria",NA,"","Enochs-2008",NA,NA,"","6430e261-8326-4d1c-b752-e986d448c0d2",NA,NA,NA,NA,NA,NA,"09/08/2014",NA,NA,NA,"","FLMNH","","",NA,NA,NA,NA,NA,NA,NA,2008,NA,NA,"difficilis",NA,NA,NA,"",NA,NA,"9039-Echinodermata","","",NA,NA,NA,NA
"2840",NA,NA,NA,NA,NA,NA,"",NA,NA,"","","",NA,NA,"","Indonesia",NA,NA,NA,"",NA,NA,NA,NA,"",NA,NA,NA,NA,NA,NA,NA,"Semper","",NA,NA,NA,NA,"",NA,NA,NA,"","","",NA,NA,NA,12,"",NA,"","Bali",NA,NA,NA,NA,NA,"","Holothuria difficilis",NA,NA,NA,"Holothuroidea",NA,NA,"D51A5BD4-B274-4D93-9F1A-6B61EB07FC0F",NA,"Kirkendale, L.",NA,"",NA,"",NA,"Aspidochirotida",NA,NA,NA,"",NA,"","",NA,NA,"","",NA,"",NA,NA,NA,"","","",NA,"ebfc3dbd94177db2929adeca4019d3d99db36729",NA,"",NA,"",NA,18,NA,"",NA,"",NA,NA,NA,NA,"PreservedSpecimen",NA,NA,NA,"Holothuriidae","",NA,NA,NA,NA,"",NA,NA,NA,NA,NA,NA,NA,"",NA,"",NA,NA,NA,NA,NA,NA,NA,"c690a38a-1d78-41bd-ad2d-71bf942a62d0",NA,"","872733a2-67a3-4c54-aa76-862735a5f334",NA,NA,NA,"",NA,"2014-09-12T12:35:43.385Z","Invertebrate Zoology","",NA,NA,NA,NA,"",NA,"","Holothuria",NA,"","LAK-214",NA,NA,"","c690a38a-1d78-41bd-ad2d-71bf942a62d0",NA,NA,NA,NA,NA,NA,"09/08/2014",NA,NA,NA,"","FLMNH","","",NA,NA,NA,NA,NA,NA,NA,1999,NA,NA,"difficilis",NA,NA,NA,"",NA,NA,"2734-Echinodermata","","",NA,NA,NA,NA
"2848",NA,NA,NA,NA,NA,NA,"",NA,NA,"","","",NA,NA,"","Northern Mariana Islands",NA,NA,NA,"",NA,NA,NA,NA,"",NA,NA,NA,NA,NA,NA,NA,"Semper","",NA,NA,NA,NA,"",NA,NA,NA,"","","",NA,NA,NA,NA,"",NA,"","",NA,NA,NA,NA,NA,"","Holothuria difficilis",NA,NA,NA,"Holothuroidea",NA,NA,"03880960-50AE-492C-9BE7-1B94A1FB3274",NA,"Starmer, J.",NA,"",NA,"",NA,"Aspidochirotida",NA,NA,NA,"",NA,"","",NA,NA,"","",NA,"",NA,NA,NA,"","","",NA,"bffc26960b56cb642a1b72905f74f04ea5fe3da3",NA,"",NA,"",NA,NA,NA,"",NA,"",NA,NA,NA,NA,"PreservedSpecimen",NA,NA,NA,"Holothuriidae","",NA,NA,NA,NA,"",NA,NA,NA,NA,NA,NA,NA,"",NA,"",NA,NA,NA,NA,NA,NA,NA,"8f1cd561-398a-4783-8ac4-1526a4cb511e",NA,"","872733a2-67a3-4c54-aa76-862735a5f334",NA,NA,NA,"",NA,"2014-09-12T12:50:16.824Z","Invertebrate Zoology","",NA,NA,NA,NA,"",NA,"","Holothuria",NA,"","JAS-SAI-195",NA,NA,"","8f1cd561-398a-4783-8ac4-1526a4cb511e",NA,NA,NA,NA,NA,NA,"09/08/2014",NA,NA,NA,"","FLMNH","","",NA,NA,NA,NA,NA,NA,NA,NA,NA,NA,"difficilis",NA,NA,NA,"",NA,NA,"3619-Echinodermata","","Saipan Island",NA,NA,NA,NA
"2870",NA,NA,NA,NA,-21.087166,NA,"",NA,NA,"","","",NA,NA,"","France",NA,NA,NA,"",NA,NA,NA,NA,"",NA,NA,NA,NA,NA,NA,NA,"Semper","",NA,NA,NA,NA,"",NA,NA,NA,"","","",NA,NA,NA,8,"",NA,"","Mascarene Islands",NA,NA,NA,NA,NA,"","Holothuria difficilis",NA,NA,NA,"Holothuroidea",NA,NA,"084C8112-A124-4804-8775-C7F7849BD0C7",NA,"Henrich Bruggemann, Nicolas Hubert, Francois Michonneau & Gustav Paulay",NA,"",NA,"",NA,"Aspidochirotida",NA,NA,NA,"",NA,"","",NA,NA,"","",NA,"",NA,NA,NA,"","","",NA,"87831191a605ddd6a805dc9670a1d25299b6c67e",NA,"",NA,"",NA,9,NA,"",NA,"",NA,NA,NA,NA,"PreservedSpecimen",NA,NA,NA,"Holothuriidae","",NA,NA,NA,NA,"",NA,NA,NA,NA,NA,NA,NA,"",NA,"",NA,NA,NA,NA,NA,NA,NA,"ec7961b3-d769-4562-b282-6aeb256183a4",NA,"","872733a2-67a3-4c54-aa76-862735a5f334",NA,NA,NA,"",NA,"2014-09-12T15:06:49.046Z","Invertebrate Zoology","",NA,NA,55.2216,NA,"",NA,"","Holothuria",NA,"","SWIO-9",NA,NA,"","ec7961b3-d769-4562-b282-6aeb256183a4",NA,NA,NA,NA,NA,NA,"09/08/2014",NA,NA,NA,"","FLMNH","","",NA,NA,NA,NA,NA,NA,NA,2007,NA,NA,"difficilis",NA,NA,NA,"",NA,NA,"6644-Echinodermata","","Reunion Island",NA,NA,NA,NA
"2891",NA,NA,NA,NA,-21.19358333,NA,"",NA,NA,"","","",NA,NA,"","France",NA,NA,NA,"",NA,NA,NA,NA,"",NA,NA,NA,NA,NA,NA,NA,"Semper","",NA,NA,NA,NA,"",NA,NA,NA,"","","",NA,NA,NA,8,"",NA,"","Mascarene Islands",NA,NA,NA,NA,NA,"","Holothuria difficilis",NA,NA,NA,"Holothuroidea",NA,NA,"5F89CE55-B742-48BB-B4A6-A119E2A36437",NA,"Henrich Bruggemann, Nicolas Hubert, Francois Michonneau & Gustav Paulay",NA,"",NA,"",NA,"Aspidochirotida",NA,NA,NA,"",NA,"","",NA,NA,"","",NA,"",NA,NA,NA,"","","",NA,"03e37746fd00547b1ce4dcc5568a0a3a1af2de23",NA,"",NA,"",NA,13,NA,"",NA,"",NA,NA,NA,NA,"PreservedSpecimen",NA,NA,NA,"Holothuriidae","",NA,NA,NA,NA,"",NA,NA,NA,NA,NA,NA,NA,"",NA,"",NA,NA,NA,NA,NA,NA,NA,"e1f2f5c7-be9f-4466-bb2d-90e0115b42eb",NA,"","872733a2-67a3-4c54-aa76-862735a5f334",NA,NA,NA,"",NA,"2014-09-12T16:53:44.678Z","Invertebrate Zoology","",NA,NA,55.28243333,NA,"",NA,"","Holothuria",NA,"","SWIO-16",NA,NA,"","e1f2f5c7-be9f-4466-bb2d-90e0115b42eb",NA,NA,NA,NA,NA,NA,"09/08/2014",NA,NA,NA,"","FLMNH","","",NA,NA,NA,NA,NA,NA,NA,2007,NA,NA,"difficilis",NA,NA,NA,"",NA,NA,"6551-Echinodermata","","Reunion Island",NA,NA,NA,NA
"2892",NA,NA,NA,NA,-17.4964,NA,"",NA,NA,"","","",NA,NA,"","French Polynesia",NA,NA,NA,"",NA,NA,NA,NA,"",NA,NA,NA,NA,NA,NA,NA,"Semper","",NA,NA,NA,NA,"",NA,NA,NA,"","","",NA,NA,NA,6,"",NA,"","Society Islands",NA,NA,NA,NA,NA,"","Holothuria difficilis",NA,NA,NA,"Holothuroidea",NA,NA,"C6795853-17FB-4E50-ADB3-4348534D4A4F",NA,"Gustav Paulay",NA,"",NA,"",NA,"Aspidochirotida",NA,NA,NA,"",NA,"","",NA,NA,"","",NA,"",NA,NA,NA,"","","",NA,"d645639d7b89814c22ba9f50f5ee538e092a752d",NA,"",NA,"",NA,29,NA,"",NA,"",NA,NA,NA,NA,"PreservedSpecimen",NA,NA,NA,"Holothuriidae","",NA,NA,NA,NA,"",NA,NA,NA,NA,NA,NA,NA,"",NA,"",NA,NA,NA,NA,NA,NA,NA,"ccf350c2-985f-4e9d-be13-ef5de59457a3",NA,"","872733a2-67a3-4c54-aa76-862735a5f334",NA,NA,NA,"",NA,"2014-09-12T15:38:02.592Z","Invertebrate Zoology","",NA,NA,-149.7528,NA,"",NA,"","Holothuria",NA,"","GP-Loc-871",NA,NA,"","ccf350c2-985f-4e9d-be13-ef5de59457a3",NA,NA,NA,NA,NA,NA,"09/08/2014",NA,NA,NA,"","FLMNH","","",NA,NA,NA,NA,NA,NA,NA,2006,NA,NA,"difficilis",NA,NA,NA,"",NA,NA,"5197-Echinodermata","","Moorea Island",NA,NA,NA,NA
"2903",NA,NA,NA,NA,23.3827,NA,"",NA,NA,"","","",NA,NA,"","Mexico",NA,NA,NA,"",NA,NA,NA,NA,"",NA,NA,NA,NA,NA,NA,NA,"Semper","",NA,NA,NA,NA,"",NA,NA,NA,"","","",NA,NA,NA,1,"",NA,"","Baja California Sur",NA,NA,NA,NA,NA,"","Holothuria difficilis",NA,NA,NA,"Holothuroidea",NA,NA,"518927AD-23F4-4829-9812-3B27F40AC6CE",NA,"T. A. Ebert, D. M. Dexter",NA,"",NA,"",NA,"Aspidochirotida",NA,NA,NA,"",NA,"","",NA,NA,"","",NA,"",NA,NA,NA,"","","",NA,"68a00cd35ec11c54f77a22a1dab0d75f216074a6",NA,"",NA,"",NA,28,NA,"",NA,"",NA,NA,NA,NA,"PreservedSpecimen",NA,NA,NA,"Holothuriidae","",NA,NA,NA,NA,"",NA,NA,NA,NA,NA,NA,NA,"",NA,"",NA,NA,NA,NA,NA,NA,NA,"67bae7fa-8347-4814-9d5f-c38e0a8b0d65",NA,"","872733a2-67a3-4c54-aa76-862735a5f334",NA,NA,NA,"",NA,"2014-09-12T17:29:30.125Z","Invertebrate Zoology","",NA,NA,-109.4253,NA,"",NA,"","Holothuria",NA,"","Ebert-Los Frailes",NA,NA,"","67bae7fa-8347-4814-9d5f-c38e0a8b0d65",NA,NA,NA,NA,NA,NA,"09/08/2014",NA,NA,NA,"","FLMNH","","",NA,NA,NA,NA,NA,NA,NA,1972,NA,NA,"difficilis",NA,NA,NA,"",NA,NA,"16145-Echinodermata","","",NA,NA,NA,NA
"2911",NA,NA,NA,NA,-21.378889,NA,"",NA,NA,"","","",NA,NA,"","France",NA,NA,NA,"",NA,NA,NA,NA,"",NA,NA,NA,NA,NA,NA,NA,"Semper","",NA,NA,NA,NA,"",NA,NA,NA,"","","",NA,NA,NA,8,"",NA,"","Mascarene Islands",NA,NA,NA,NA,NA,"","Holothuria difficilis",NA,NA,NA,"Holothuroidea",NA,NA,"4134692E-ABE4-4A23-B8E3-EF84923AD089",NA,"Henrich Bruggemann, Nicolas Hubert, Francois Michonneau & Gustav Paulay",NA,"",NA,"",NA,"Aspidochirotida",NA,NA,NA,"",NA,"","",NA,NA,"","",NA,"",NA,NA,NA,"","","",NA,"1fd2efdc94f4f474f3a6032b7450ebc5a9aaee8c",NA,"",NA,"",NA,11,NA,"",NA,"",NA,NA,NA,NA,"PreservedSpecimen",NA,NA,NA,"Holothuriidae","",NA,NA,NA,NA,"",NA,NA,NA,NA,NA,NA,NA,"",NA,"",NA,NA,NA,NA,NA,NA,NA,"b565774e-55d9-401a-8c56-f00bf8435d41",NA,"","872733a2-67a3-4c54-aa76-862735a5f334",NA,NA,NA,"",NA,"2014-09-12T16:44:01.452Z","Invertebrate Zoology","",NA,NA,55.676944,NA,"",NA,"","Holothuria",NA,"","SWIO-11",NA,NA,"","b565774e-55d9-401a-8c56-f00bf8435d41",NA,NA,NA,NA,NA,NA,"09/08/2014",NA,NA,NA,"","FLMNH","","",NA,NA,NA,NA,NA,NA,NA,2007,NA,NA,"difficilis",NA,NA,NA,"",NA,NA,"6622-Echinodermata","","Reunion Island",NA,NA,NA,NA
"2945",NA,NA,NA,NA,NA,NA,"",NA,NA,"","","",NA,NA,"","Chile",NA,NA,NA,"",NA,NA,NA,NA,"",NA,NA,NA,NA,NA,NA,NA,"Semper","",NA,NA,NA,NA,"",NA,NA,NA,"","","",NA,NA,NA,4,"",NA,"","Easter Island",NA,NA,NA,NA,NA,"","Holothuria difficilis",NA,NA,NA,"Holothuroidea",NA,NA,"312B255F-86D2-4086-9EA2-929952B524D4",NA,"Frey, M. A.",NA,"",NA,"",NA,"Aspidochirotida",NA,NA,NA,"",NA,"","",NA,NA,"","",NA,"",NA,NA,NA,"","","",NA,"62b022c3ee0859cd7fce363ad061f2319f8c7de6",NA,"",NA,"",NA,19,NA,"",NA,"",NA,NA,NA,NA,"PreservedSpecimen",NA,NA,NA,"Holothuriidae","",NA,NA,NA,NA,"",NA,NA,NA,NA,NA,NA,NA,"",NA,"",NA,NA,NA,NA,NA,NA,NA,"e1f38689-e278-4338-86da-6953e5cae974",NA,"","872733a2-67a3-4c54-aa76-862735a5f334",NA,NA,NA,"",NA,"2014-09-12T16:11:03.985Z","Invertebrate Zoology","",NA,NA,NA,NA,"",NA,"","Holothuria",NA,"","ZZZ-088693",NA,NA,"","e1f38689-e278-4338-86da-6953e5cae974",NA,NA,NA,NA,NA,NA,"09/08/2014",NA,NA,NA,"","FLMNH","","",NA,NA,NA,NA,NA,NA,NA,2003,NA,NA,"difficilis",NA,NA,NA,"",NA,NA,"1498-Echinodermata","","Easter Island",NA,NA,NA,NA
