"","dwc.verbatimEventDate","dwc.associatedSequences","dwc.verbatimCoordinateSystem","dwc.lowestBiostratigraphicZone","dwc.verbatimLocality","idigbio.preservative","idigbio.uuid","dwc.preparation","dwc.verbatimDepth","dwc.individualCount","dwc.verbatimLongitude","dwc.verbatimTaxonRank","dwc.startDayOfYear","dwc.identificationID","dwc.VerbatimEventDate","inhs.location_Stream","dwc.verbatimCoordinates","dwc.continent","dwc.earliestPeriodOrLowestSystem","dwc.rights","idigbio.barcodeValue","dwc.verbatimLatitude","inhs.total_Males","idigbio.determinationHistory","dwc.namePublishedIn","idigbio.tribe","dwc.occurrenceID","dwc.disposition","inhs.formII_females","inhs.superfamily","dwc.occurrenceRemarks","dwc.georeferencedBy","dwc.collectionID","dwc.nameAccordingTo","dwc.nomenclaturalCode","dwc.formation","idigbio.subfamily","dwc.institutionID","dwc.recordNumber","dcterms.reference","dwc.institutionCode","dwc.otherCatalogNumbers","idigbio.endangeredStatus","dwc.footprintWKT","dwc.eventTime","dwc.countryCode","http...symbiota.org.terms.verbatimScientificName","dwc.collectionCode","dwc.verbatimElevation","inhs.relic","inhs.live","dwc.dynamicProperties","idigbio.associatedFamily","dwc.taxonRemarks","inhs.instars_Male","dwc.endDayOfYear","dwc.reproductiveCondition","dwc.taxonID","idigbio.hostFamily","dwc.earliestEraOrLowestErathem","inhs.juv_males","inhs.dead","dcterms.source","dwc.scientificNameID","dwc.infraspecificEpithet","dwc.stateProvince","inhs.juv_undetermined","dwc.taxonRank","dwc.phylum","dwc.behavior","dwc.individualID","idigbio.associateCommonName","dwc.basisOfRecord","dwc.nomenclaturalStatus","dwc.year","idigbio.version","dcterms.accessRights","dwc.month","dwc.higherClassification","id","dcterms.references","dwc.scientificName","dwc.country","dwc.earliestAgeOrLowestStage","dwc.catalogNumber","dwc.minimumDepthInMeters","dwc.fieldNotes","dcterms.language","fcc.pickedBy","dwc.order","dwc.lithostratigraphicTerms","dwc.informationWithheld","dwc.identificationVerificationStatus","inhs.locationTrs","dwc.samplingProtocol","symbiota.verbatimScientificName","dwc.lifeStage","dwc.originalNameUsage","dwc.bed","dwc.typeStatus","dwc.coordinateUncertaintyInMeters","dwc.ownerInstitutionCode","idigbio.associatedRelationship","dwc.family","dwc.previousIdentifications","symbiotaverbatimScientificName","dwc.day","dwc.verbatimSRS","inhs.juv_females","inhs.vouchered","dwc.datasetName","dwc.georeferencedDate","dcterms.rights","dwc.identificationRemarks","fcc.superfamily","dwc.decimalLongitude","fcc.subfamily","dwc.latestPeriodOrHighestSystem","dwc.identificationQualifier","idigbio.substrate","inhs.location_Basin","dwc.establishmentMeans","dwc.minimumElevationInMeters","dwc.habitat","dwc.geodeticDatum","dwc.latestEpochOrHighestSeries","dcterms.type","idigbio.recordId","dwc.eventID","inhs.formII_males","dwc.genus","dwc.higherGeography","idigbio.createdBy","dwc.georeferenceProtocol","dwc.eventRemarks","idigbio.recordIds","dwc.maximumElevationInMeters","dwc.subgenus","dwc.maximumDepthInMeters","idigbio.associateAuthor","dcterms.modified","inhs.location_RiverMile","inhs.instars_Female","dwc.datasetID","dwc.earliestEpochOrLowestSeries","dwc.kingdom","dwc.islandGroup","idigbio.recordID","fcc.datePicked","dwc.associatedMedia","dwc.associatedReferences","row.number","idigbio.associateDeterminedBy","dwc.occurrenceStatus","dwc.rightsHolder","inhs.total_females","dwc.municipality","idigbio.associateIdentifier","idigbio.preparationCount","dwc.decimalLatitude","dwc.locality","dwc.dateIdentified","dwc.identificationReferences","dwc.accessRights","dwc.specificEpithet","dwc.associatedTaxa","dwc.identifiedBy","dwc.fieldNumber","idigbio.associateRelationship","idigbio.etag","dwc.samplingEffort","idigbio.associateCondition","dwc.preparations","dwc.dataGeneralizations","dwc.coordinatePrecision","dwc.latestAgeOrHighestStage","dwc.locationAccordingTo","idigbio.associateNotes","dcterms.rightsHolder","dwc.georeferenceRemarks","idigbio.dateModified","dwc.scientificNameAuthorship","dwc.georeferenceVerificationStatus","dwc.member","dwc.locationID","dwc.waterBody","dwc.latestEraOrHighestErathem","dwc.georeferenceSources","dwc.group","dwc.class","dwc.associatedOccurrences","dwc.locationRemarks","dcterms.bibliographicCitation","idigbio.subgenus","inhs.formI_males","dwc.relatedResourceID","dwc.county","dwc.recordedBy","dwc.eventDate","dwc.namePublishedInID","dwc.vernacularName","dwc.sex","dwc.island"
"153","",NA,"",NA,NA,NA,"1cd85bda-03b6-4c50-971b-361c69b91ba5",NA,"",NA,"",NA,NA,NA,NA,NA,"","",NA,NA,NA,"",NA,NA,NA,NA,"788A36D1-E30B-4EBC-A886-87B8AB86FF70","",NA,NA,NA,"",NA,NA,"",NA,NA,"","",NA,"FLMNH","",NA,NA,NA,NA,NA,"Invertebrate Zoology",NA,NA,NA,"",NA,NA,NA,NA,NA,NA,NA,NA,NA,NA,NA,NA,"","Azores",NA,NA,"",NA,NA,NA,"PreservedSpecimen",NA,2007,NA,NA,10,"","1cd85bda-03b6-4c50-971b-361c69b91ba5","","Holothuria tubulosa","Portugal",NA,"5972-Echinodermata",NA,NA,"",NA,"Aspidochirotida",NA,NA,"",NA,"",NA,NA,NA,NA,"",NA,"",NA,"Holothuriidae",NA,NA,25,NA,NA,NA,NA,NA,NA,"",NA,NA,NA,NA,NA,NA,NA,NA,NA,"","",NA,"",NA,NA,NA,"Holothuria","","872733a2-67a3-4c54-aa76-862735a5f334","","",NA,NA,NA,NA,NA,"09/08/2014",NA,NA,NA,NA,"",NA,NA,NA,"","",NA,NA,NA,NA,NA,NA,NA,NA,NA,"","",NA,NA,"tubulosa",NA,"","",NA,"3a3a8e54e178911a21d3206c0d6a3fa74978d49f",NA,NA,"",NA,NA,NA,NA,NA,"","","2014-09-12T10:54:00.255Z","Gmelin",NA,NA,"Bertoncini-01","",NA,"",NA,"Holothuroidea","","",NA,NA,NA,NA,"","Athila Bertoncini","",NA,NA,"",NA
"165","",NA,"",NA,NA,NA,"e86be4d8-bcd7-4c3c-9885-e3d17bd9166a",NA,"",NA,"",NA,NA,NA,NA,NA,"","",NA,NA,NA,"",NA,NA,NA,NA,"983519BE-32BB-4340-93A0-9E64185423C0","",NA,NA,NA,"",NA,NA,"",NA,NA,"","",NA,"FLMNH","",NA,NA,NA,NA,NA,"Invertebrate Zoology",NA,NA,NA,"",NA,NA,NA,NA,NA,NA,NA,NA,NA,NA,NA,NA,"","Division 27",NA,NA,"",NA,NA,NA,"PreservedSpecimen",NA,2007,NA,NA,5,"","e86be4d8-bcd7-4c3c-9885-e3d17bd9166a","","Holothuria tubulosa","Algeria",NA,"3849-Echinodermata",NA,NA,"",NA,"Aspidochirotida",NA,NA,"",NA,"",NA,NA,NA,NA,"",NA,"",NA,"Holothuriidae",NA,NA,7,NA,NA,NA,NA,NA,NA,"",NA,NA,NA,NA,NA,NA,NA,NA,NA,"","",NA,"",NA,NA,NA,"Holothuria","","872733a2-67a3-4c54-aa76-862735a5f334","","",NA,NA,NA,NA,NA,"09/08/2014",NA,NA,NA,NA,"",NA,NA,NA,"","",NA,NA,NA,NA,NA,NA,NA,NA,NA,"","",NA,NA,"tubulosa",NA,"","",NA,"b6cda74b41c7cb2f48aeefd4f5e56e5c822deb8b",NA,NA,"",NA,NA,NA,NA,NA,"","","2014-09-12T11:21:04.935Z","Gmelin",NA,NA,"Mezali-003","",NA,"",NA,"Holothuroidea","","",NA,NA,NA,NA,"","Karim Mezali","",NA,NA,"",NA
"240","",NA,"",NA,NA,NA,"65c86326-3804-4329-aed9-1f934bb65258",NA,"",NA,"",NA,NA,NA,NA,NA,"","",NA,NA,NA,"",NA,NA,NA,NA,"FC33C372-CC38-4A1C-866D-A12BFCE5BF7C","",NA,NA,NA,"",NA,NA,"",NA,NA,"","",NA,"FLMNH","",NA,NA,NA,NA,NA,"Invertebrate Zoology",NA,NA,NA,"",NA,NA,NA,NA,NA,NA,NA,NA,NA,NA,NA,NA,"","Girona Province",NA,NA,"",NA,NA,NA,"PreservedSpecimen",NA,2014,NA,NA,6,"","65c86326-3804-4329-aed9-1f934bb65258","","Holothuria tubulosa","Spain",NA,"16215-Echinodermata",NA,NA,"",NA,"Aspidochirotida",NA,NA,"",NA,"",NA,NA,NA,NA,"",NA,"",NA,"Holothuriidae",NA,NA,23,NA,NA,NA,NA,NA,NA,"",NA,2.9396,NA,NA,NA,NA,NA,NA,NA,"","",NA,"",NA,NA,NA,"Holothuria","","872733a2-67a3-4c54-aa76-862735a5f334","","",NA,NA,NA,NA,NA,"09/08/2014",NA,NA,NA,NA,"",NA,NA,NA,"","",NA,NA,NA,NA,NA,NA,NA,NA,41.7226,"","",NA,NA,"tubulosa",NA,"","",NA,"c5afbd5ae7bce0783fc7efb4582a66511027a4a8",NA,NA,"",NA,NA,NA,NA,NA,"","","2014-09-12T17:47:58.296Z","Gmelin",NA,NA,"GP-Loc 1043","",NA,"",NA,"Holothuroidea","","",NA,NA,NA,NA,"","Gustav Paulay","",NA,NA,"",NA
"291","",NA,"",NA,NA,NA,"ffb6b531-32af-4a92-bc4f-f109c498b84d",NA,"",NA,"",NA,NA,NA,NA,NA,"","",NA,NA,NA,"",NA,NA,NA,NA,"1C958AEE-5A22-4234-B4AF-C3253A7611C2","",NA,NA,NA,"",NA,NA,"",NA,NA,"","",NA,"FLMNH","",NA,NA,NA,NA,NA,"Invertebrate Zoology",NA,NA,NA,"",NA,NA,NA,NA,NA,NA,NA,NA,NA,NA,NA,NA,"","Division 16",NA,NA,"",NA,NA,NA,"PreservedSpecimen",NA,2007,NA,NA,5,"","ffb6b531-32af-4a92-bc4f-f109c498b84d","","Holothuria tubulosa","Algeria",NA,"5461-Echinodermata",NA,NA,"",NA,"Aspidochirotida",NA,NA,"",NA,"",NA,NA,NA,NA,"",NA,"",NA,"Holothuriidae",NA,NA,11,NA,NA,NA,NA,NA,NA,"",NA,NA,NA,NA,NA,NA,NA,NA,NA,"","",NA,"",NA,NA,NA,"Holothuria","","872733a2-67a3-4c54-aa76-862735a5f334","","",NA,NA,NA,NA,NA,"09/08/2014",NA,NA,NA,NA,"",NA,NA,NA,"","",NA,NA,NA,NA,NA,NA,NA,NA,NA,"","",NA,NA,"tubulosa",NA,"","",NA,"796ef9e3616e4794b69c9563aa1fb11511e14caa",NA,NA,"",NA,NA,NA,NA,NA,"","","2014-09-12T14:32:36.416Z","Gmelin",NA,NA,"Mezali-001","",NA,"",NA,"Holothuroidea","","",NA,NA,NA,NA,"","Karim Mezali","",NA,NA,"",NA
"382","",NA,"",NA,NA,NA,"8cd82fc9-5e73-4403-a7a3-770895fc94e2",NA,"",NA,"",NA,NA,NA,NA,NA,"","",NA,NA,NA,"",NA,NA,NA,NA,"61E8BF22-C41B-44D1-81F9-AB0368281108","",NA,NA,NA,"",NA,NA,"",NA,NA,"","",NA,"FLMNH","",NA,NA,NA,NA,NA,"Invertebrate Zoology",NA,NA,NA,"",NA,NA,NA,NA,NA,NA,NA,NA,NA,NA,NA,NA,"","Division 35",NA,NA,"",NA,NA,NA,"PreservedSpecimen",NA,2006,NA,NA,12,"","8cd82fc9-5e73-4403-a7a3-770895fc94e2","","Holothuria tubulosa","Algeria",NA,"4977-Echinodermata",NA,NA,"",NA,"Aspidochirotida",NA,NA,"",NA,"",NA,NA,NA,NA,"",NA,"",NA,"Holothuriidae",NA,NA,22,NA,NA,NA,NA,NA,NA,"",NA,NA,NA,NA,NA,NA,NA,NA,NA,"","",NA,"",NA,NA,NA,"Holothuria","","872733a2-67a3-4c54-aa76-862735a5f334","","",NA,NA,NA,NA,NA,"09/08/2014",NA,NA,NA,NA,"",NA,NA,NA,"","",NA,NA,NA,NA,NA,NA,NA,NA,NA,"","",NA,NA,"tubulosa",NA,"","",NA,"f3bd7ad979c9a7037ce55ad67b924afaeb56e643",NA,NA,"",NA,NA,NA,NA,NA,"","","2014-09-12T09:20:43.240Z","Gmelin",NA,NA,"Mezali-002","",NA,"",NA,"Holothuroidea","","",NA,NA,NA,NA,"","Karim Mezali","",NA,NA,"",NA
"479","",NA,"",NA,NA,NA,"139a8958-c805-48c3-b29b-89e2ca08da87",NA,"",NA,"",NA,NA,NA,NA,NA,"","",NA,NA,NA,"",NA,NA,NA,NA,"A054910F-7293-42F0-B4E0-E5CD591C8665","",NA,NA,NA,"",NA,NA,"",NA,NA,"","",NA,"FLMNH","",NA,NA,NA,NA,NA,"Invertebrate Zoology",NA,NA,NA,"",NA,NA,NA,NA,NA,NA,NA,NA,NA,NA,NA,NA,"","Division 35",NA,NA,"",NA,NA,NA,"PreservedSpecimen",NA,2007,NA,NA,5,"","139a8958-c805-48c3-b29b-89e2ca08da87","","Holothuria tubulosa","Algeria",NA,"5463-Echinodermata",NA,NA,"",NA,"Aspidochirotida",NA,NA,"",NA,"",NA,NA,NA,NA,"",NA,"",NA,"Holothuriidae",NA,NA,11,NA,NA,NA,NA,NA,NA,"",NA,NA,NA,NA,NA,NA,NA,NA,NA,"","",NA,"",NA,NA,NA,"Holothuria","","872733a2-67a3-4c54-aa76-862735a5f334","","",NA,NA,NA,NA,NA,"09/08/2014",NA,NA,NA,NA,"",NA,NA,NA,"","",NA,NA,NA,NA,NA,NA,NA,NA,NA,"","",NA,NA,"tubulosa",NA,"","",NA,"5232849a6c7234ba5aba304724f2a93395550035",NA,NA,"",NA,NA,NA,NA,NA,"","","2014-09-12T16:39:37.038Z","Gmelin",NA,NA,"Mezali-002","",NA,"",NA,"Holothuroidea","","",NA,NA,NA,NA,"","Karim Mezali","",NA,NA,"",NA
"491","",NA,"",NA,NA,NA,"68a8953b-273e-429f-9959-58802f20ddfb",NA,"",NA,"",NA,NA,NA,NA,NA,"","",NA,NA,NA,"",NA,NA,NA,NA,"900167A4-5A87-4C3B-845F-0A690B7B345E","",NA,NA,NA,"",NA,NA,"",NA,NA,"","",NA,"FLMNH","",NA,NA,NA,NA,NA,"Invertebrate Zoology",NA,NA,NA,"",NA,NA,NA,NA,NA,NA,NA,NA,NA,NA,NA,NA,"","Division 16",NA,NA,"",NA,NA,NA,"PreservedSpecimen",NA,2007,NA,NA,5,"","68a8953b-273e-429f-9959-58802f20ddfb","","Holothuria tubulosa","Algeria",NA,"5470-Echinodermata",NA,NA,"",NA,"Aspidochirotida",NA,NA,"",NA,"",NA,NA,NA,NA,"",NA,"",NA,"Holothuriidae",NA,NA,11,NA,NA,NA,NA,NA,NA,"",NA,NA,NA,NA,NA,NA,NA,NA,NA,"","",NA,"",NA,NA,NA,"Holothuria","","872733a2-67a3-4c54-aa76-862735a5f334","","",NA,NA,NA,NA,NA,"09/08/2014",NA,NA,NA,NA,"",NA,NA,NA,"","",NA,NA,NA,NA,NA,NA,NA,NA,NA,"","",NA,NA,"tubulosa",NA,"","",NA,"bdae3c344fd91c58126efddac3180ec818ea39b5",NA,NA,"",NA,NA,NA,NA,NA,"","","2014-09-12T14:34:22.954Z","Gmelin",NA,NA,"Mezali-001","",NA,"",NA,"Holothuroidea","","",NA,NA,NA,NA,"","Karim Mezali","",NA,NA,"",NA
"680","",NA,"",NA,NA,NA,"93285f13-f19d-4445-a768-4a3e66ac2c91",NA,"",NA,"",NA,NA,NA,NA,NA,"","",NA,NA,NA,"",NA,NA,NA,NA,"34F92F67-58A6-40F5-A834-716541EBF082","",NA,NA,NA,"",NA,NA,"",NA,NA,"","",NA,"FLMNH","",NA,NA,NA,NA,NA,"Invertebrate Zoology",NA,NA,NA,"",NA,NA,NA,NA,NA,NA,NA,NA,NA,NA,NA,NA,"","Division 16",NA,NA,"",NA,NA,NA,"PreservedSpecimen",NA,2007,NA,NA,5,"","93285f13-f19d-4445-a768-4a3e66ac2c91","","Holothuria tubulosa","Algeria",NA,"3847-Echinodermata",NA,NA,"",NA,"Aspidochirotida",NA,NA,"",NA,"",NA,NA,NA,NA,"",NA,"",NA,"Holothuriidae",NA,NA,7,NA,NA,NA,NA,NA,NA,"",NA,NA,NA,NA,NA,NA,NA,NA,NA,"","",NA,"",NA,NA,NA,"Holothuria","","872733a2-67a3-4c54-aa76-862735a5f334","","",NA,NA,NA,NA,NA,"09/08/2014",NA,NA,NA,NA,"",NA,NA,NA,"","",NA,NA,NA,NA,NA,NA,NA,NA,NA,"","",NA,NA,"tubulosa",NA,"","",NA,"182d8fe73ff67e713c2bdf0949acbc4e6096a70b",NA,NA,"",NA,NA,NA,NA,NA,"","","2014-09-12T12:48:59.028Z","Gmelin",NA,NA,"Mezali-001","",NA,"",NA,"Holothuroidea","","",NA,NA,NA,NA,"","Karim Mezali","",NA,NA,"",NA
"716","",NA,"",NA,NA,NA,"fe2e8d43-64e4-4238-9eae-0c99c0f8c5d1",NA,"",NA,"",NA,NA,NA,NA,NA,"","",NA,NA,NA,"",NA,NA,NA,NA,"1829E2FF-9DD9-40A6-9806-28167F8F2641","",NA,NA,NA,"",NA,NA,"",NA,NA,"","",NA,"FLMNH","",NA,NA,NA,NA,NA,"Invertebrate Zoology",NA,NA,NA,"",NA,NA,NA,NA,NA,NA,NA,NA,NA,NA,NA,NA,"","Girona Province",NA,NA,"",NA,NA,NA,"PreservedSpecimen",NA,2014,NA,NA,6,"","fe2e8d43-64e4-4238-9eae-0c99c0f8c5d1","","Holothuria tubulosa","Spain",NA,"16213-Echinodermata",NA,NA,"",NA,"Aspidochirotida",NA,NA,"",NA,"",NA,NA,NA,NA,"",NA,"",NA,"Holothuriidae",NA,NA,23,NA,NA,NA,NA,NA,NA,"",NA,2.9396,NA,NA,NA,NA,NA,NA,NA,"","",NA,"",NA,NA,NA,"Holothuria","","872733a2-67a3-4c54-aa76-862735a5f334","","",NA,NA,NA,NA,NA,"09/08/2014",NA,NA,NA,NA,"",NA,NA,NA,"","",NA,NA,NA,NA,NA,NA,NA,NA,41.7226,"","",NA,NA,"tubulosa",NA,"","",NA,"3b2b1382f6324d48356c7aa03f7186265f90a4ed",NA,NA,"",NA,NA,NA,NA,NA,"","","2014-09-12T10:49:55.061Z","Gmelin",NA,NA,"GP-Loc 1043","",NA,"",NA,"Holothuroidea","","",NA,NA,NA,NA,"","Gustav Paulay","",NA,NA,"",NA
"737","",NA,"",NA,NA,NA,"fe48a737-777b-4a2d-a938-b01c6c835dab",NA,"",NA,"",NA,NA,NA,NA,NA,"","",NA,NA,NA,"",NA,NA,NA,NA,"3BE9C976-849E-493D-A784-61642DFA0100","",NA,NA,NA,"",NA,NA,"",NA,NA,"","",NA,"FLMNH","",NA,NA,NA,NA,NA,"Invertebrate Zoology",NA,NA,NA,"",NA,NA,NA,NA,NA,NA,NA,NA,NA,NA,NA,NA,"","Girona Province",NA,NA,"",NA,NA,NA,"PreservedSpecimen",NA,2014,NA,NA,6,"","fe48a737-777b-4a2d-a938-b01c6c835dab","","Holothuria tubulosa","Spain",NA,"16222-Echinodermata",NA,NA,"",NA,"Aspidochirotida",NA,NA,"",NA,"",NA,NA,NA,NA,"",NA,"",NA,"Holothuriidae",NA,NA,25,NA,NA,NA,NA,NA,NA,"",NA,2.8039,NA,NA,NA,NA,NA,NA,NA,"","",NA,"",NA,NA,NA,"Holothuria","","872733a2-67a3-4c54-aa76-862735a5f334","","",NA,NA,NA,NA,NA,"09/08/2014",NA,NA,NA,NA,"",NA,NA,NA,"","",NA,NA,NA,NA,NA,NA,NA,NA,41.6731,"","",NA,NA,"tubulosa",NA,"","",NA,"6d3dd3d78eeca76ebdd10f6a0cdde251d5dd0202",NA,NA,"",NA,NA,NA,NA,NA,"","","2014-09-12T09:34:09.032Z","Gmelin",NA,NA,"GP-Loc 1045","",NA,"",NA,"Holothuroidea","","",NA,NA,NA,NA,"","Gustav Paulay","",NA,NA,"",NA
"742","",NA,"",NA,NA,NA,"b7bf9edf-0664-4a31-ac6d-be61c6167980",NA,"",NA,"",NA,NA,NA,NA,NA,"","",NA,NA,NA,"",NA,NA,NA,NA,"839C7CD6-502E-4A55-9EDC-35B937EF3E68","",NA,NA,NA,"",NA,NA,"",NA,NA,"","",NA,"FLMNH","",NA,NA,NA,NA,NA,"Invertebrate Zoology",NA,NA,NA,"",NA,NA,NA,NA,NA,NA,NA,NA,NA,NA,NA,NA,"","",NA,NA,"",NA,NA,NA,"PreservedSpecimen",NA,2006,NA,NA,NA,"","b7bf9edf-0664-4a31-ac6d-be61c6167980","","Holothuria tubulosa","France",NA,"4473-Echinodermata",NA,NA,"",NA,"Aspidochirotida",NA,NA,"",NA,"",NA,NA,NA,NA,"",NA,"",NA,"Holothuriidae",NA,NA,NA,NA,NA,NA,NA,NA,NA,"",NA,NA,NA,NA,NA,NA,NA,NA,NA,"","",NA,"",NA,NA,NA,"Holothuria","","872733a2-67a3-4c54-aa76-862735a5f334","","",NA,NA,NA,NA,NA,"09/08/2014",NA,NA,NA,NA,"",NA,NA,NA,"","",NA,NA,NA,NA,NA,NA,NA,NA,NA,"","",NA,NA,"tubulosa",NA,"","",NA,"8339a5533f7657d588a1fc1f2959fddb4ed81051",NA,NA,"",NA,NA,NA,NA,NA,"","","2014-09-12T09:40:13.925Z","Gmelin",NA,NA,"Romans-001","",NA,"",NA,"Holothuroidea","","",NA,NA,NA,NA,"","Pascal Romans","",NA,NA,"",NA
"1045","",NA,"",NA,NA,NA,"ea2b9248-53d5-4530-9ee9-4244ddbf77ac",NA,"",NA,"",NA,NA,NA,NA,NA,"","",NA,NA,NA,"",NA,NA,NA,NA,"72CA9C2B-099D-403C-98E4-21EA73C61CBE","",NA,NA,NA,"",NA,NA,"",NA,NA,"","",NA,"FLMNH","",NA,NA,NA,NA,NA,"Invertebrate Zoology",NA,NA,NA,"",NA,NA,NA,NA,NA,NA,NA,NA,NA,NA,NA,NA,"","Division 27",NA,NA,"",NA,NA,NA,"PreservedSpecimen",NA,2007,NA,NA,5,"","ea2b9248-53d5-4530-9ee9-4244ddbf77ac","","Holothuria tubulosa","Algeria",NA,"5484-Echinodermata",NA,NA,"",NA,"Aspidochirotida",NA,NA,"",NA,"",NA,NA,NA,NA,"",NA,"",NA,"Holothuriidae",NA,NA,7,NA,NA,NA,NA,NA,NA,"",NA,NA,NA,NA,NA,NA,NA,NA,NA,"","",NA,"",NA,NA,NA,"Holothuria","","872733a2-67a3-4c54-aa76-862735a5f334","","",NA,NA,NA,NA,NA,"09/08/2014",NA,NA,NA,NA,"",NA,NA,NA,"","",NA,NA,NA,NA,NA,NA,NA,NA,NA,"","",NA,NA,"tubulosa",NA,"","",NA,"61c53420f1b020830b8f0b55fab6e837920a93c1",NA,NA,"",NA,NA,NA,NA,NA,"","","2014-09-12T15:56:44.087Z","Gmelin",NA,NA,"Mezali-003","",NA,"",NA,"Holothuroidea","","",NA,NA,NA,NA,"","Karim Mezali","",NA,NA,"",NA
"1111","",NA,"",NA,NA,NA,"baf53ea9-e435-4fa2-bb6e-e33336859a78",NA,"",NA,"",NA,NA,NA,NA,NA,"","",NA,NA,NA,"",NA,NA,NA,NA,"E4DB1B4D-0790-4386-8C34-3E813D58D09A","",NA,NA,NA,"",NA,NA,"",NA,NA,"","",NA,"FLMNH","",NA,NA,NA,NA,NA,"Invertebrate Zoology",NA,NA,NA,"",NA,NA,NA,NA,NA,NA,NA,NA,NA,NA,NA,NA,"","Girona Province",NA,NA,"",NA,NA,NA,"PreservedSpecimen",NA,2014,NA,NA,6,"","baf53ea9-e435-4fa2-bb6e-e33336859a78","","Holothuria tubulosa","Spain",NA,"16216-Echinodermata",NA,NA,"",NA,"Aspidochirotida",NA,NA,"",NA,"",NA,NA,NA,NA,"",NA,"",NA,"Holothuriidae",NA,NA,23,NA,NA,NA,NA,NA,NA,"",NA,2.9396,NA,NA,NA,NA,NA,NA,NA,"","",NA,"",NA,NA,NA,"Holothuria","","872733a2-67a3-4c54-aa76-862735a5f334","","",NA,NA,NA,NA,NA,"09/08/2014",NA,NA,NA,NA,"",NA,NA,NA,"","",NA,NA,NA,NA,NA,NA,NA,NA,41.7226,"","",NA,NA,"tubulosa",NA,"","",NA,"6b2d36c2ea596aa73d32def7c4fc24e857400f6e",NA,NA,"",NA,NA,NA,NA,NA,"","","2014-09-12T13:23:17.522Z","Gmelin",NA,NA,"GP-Loc 1043","",NA,"",NA,"Holothuroidea","","",NA,NA,NA,NA,"","Gustav Paulay","",NA,NA,"",NA
"1138","",NA,"",NA,NA,NA,"b43be3f8-63b1-49e0-bd0b-54846a2cec7a",NA,"",NA,"",NA,NA,NA,NA,NA,"","",NA,NA,NA,"",NA,NA,NA,NA,"A743B2F6-68EF-4471-93D6-F30CDD17ABB0","",NA,NA,NA,"",NA,NA,"",NA,NA,"","",NA,"FLMNH","",NA,NA,NA,NA,NA,"Invertebrate Zoology",NA,NA,NA,"",NA,NA,NA,NA,NA,NA,NA,NA,NA,NA,NA,NA,"","Division 16",NA,NA,"",NA,NA,NA,"PreservedSpecimen",NA,2006,NA,NA,12,"","b43be3f8-63b1-49e0-bd0b-54846a2cec7a","","Holothuria tubulosa","Algeria",NA,"4973-Echinodermata",NA,NA,"",NA,"Aspidochirotida",NA,NA,"",NA,"",NA,NA,NA,NA,"",NA,"",NA,"Holothuriidae",NA,NA,17,NA,NA,NA,NA,NA,NA,"",NA,NA,NA,NA,NA,NA,NA,NA,NA,"","",NA,"",NA,NA,NA,"Holothuria","","872733a2-67a3-4c54-aa76-862735a5f334","","",NA,NA,NA,NA,NA,"09/08/2014",NA,NA,NA,NA,"",NA,NA,NA,"","",NA,NA,NA,NA,NA,NA,NA,NA,NA,"","",NA,NA,"tubulosa",NA,"","",NA,"145a3cf470816055471e202b419ac5799e276bae",NA,NA,"",NA,NA,NA,NA,NA,"","","2014-09-12T15:02:25.879Z","Gmelin",NA,NA,"Mezali-001","",NA,"",NA,"Holothuroidea","","",NA,NA,NA,NA,"","Karim Mezali","",NA,NA,"",NA
"1166","",NA,"",NA,NA,NA,"e7ce6890-d042-4d97-8464-a73ae9f86c26",NA,"",NA,"",NA,NA,NA,NA,NA,"","",NA,NA,NA,"",NA,NA,NA,NA,"87D71224-3D0B-4BBB-B9D8-86873CFC959F","",NA,NA,NA,"",NA,NA,"",NA,NA,"","",NA,"FLMNH","",NA,NA,NA,NA,NA,"Invertebrate Zoology",NA,NA,NA,"",NA,NA,NA,NA,NA,NA,NA,NA,NA,NA,NA,NA,"","",NA,NA,"",NA,NA,NA,"PreservedSpecimen",NA,2007,NA,NA,1,"","e7ce6890-d042-4d97-8464-a73ae9f86c26","","Holothuria tubulosa","France",NA,"4472-Echinodermata",NA,NA,"",NA,"Aspidochirotida",NA,NA,"",NA,"",NA,NA,NA,NA,"",NA,"",NA,"Holothuriidae",NA,NA,7,NA,NA,NA,NA,NA,NA,"",NA,NA,NA,NA,NA,NA,NA,NA,NA,"","",NA,"",NA,NA,NA,"Holothuria","","872733a2-67a3-4c54-aa76-862735a5f334","","",NA,NA,NA,NA,NA,"09/08/2014",NA,NA,NA,NA,"",NA,NA,NA,"","",NA,NA,NA,NA,NA,NA,NA,NA,NA,"","",NA,NA,"tubulosa",NA,"","",NA,"0e4e22d15ae8525dcc95599270439ebe7670b95d",NA,NA,"",NA,NA,NA,NA,NA,"","","2014-09-12T14:33:03.029Z","Gmelin",NA,NA,"Mezali-006","",NA,"",NA,"Holothuroidea","","",NA,NA,NA,NA,"","Karim Mezali","",NA,NA,"",NA
"1263","",NA,"",NA,NA,NA,"27d9dc5e-e74e-4bb2-89ea-02eee7236db3",NA,"",NA,"",NA,NA,NA,NA,NA,"","",NA,NA,NA,"",NA,NA,NA,NA,"CEDA577B-2B2C-4703-9BAB-860913AA5351","",NA,NA,NA,"",NA,NA,"",NA,NA,"","",NA,"FLMNH","",NA,NA,NA,NA,NA,"Invertebrate Zoology",NA,NA,NA,"",NA,NA,NA,NA,NA,NA,NA,NA,NA,NA,NA,NA,"","Division 35",NA,NA,"",NA,NA,NA,"PreservedSpecimen",NA,2007,NA,NA,5,"","27d9dc5e-e74e-4bb2-89ea-02eee7236db3","","Holothuria tubulosa","Algeria",NA,"5462-Echinodermata",NA,NA,"",NA,"Aspidochirotida",NA,NA,"",NA,"",NA,NA,NA,NA,"",NA,"",NA,"Holothuriidae",NA,NA,11,NA,NA,NA,NA,NA,NA,"",NA,NA,NA,NA,NA,NA,NA,NA,NA,"","",NA,"",NA,NA,NA,"Holothuria","","872733a2-67a3-4c54-aa76-862735a5f334","","",NA,NA,NA,NA,NA,"09/08/2014",NA,NA,NA,NA,"",NA,NA,NA,"","",NA,NA,NA,NA,NA,NA,NA,NA,NA,"","",NA,NA,"tubulosa",NA,"","",NA,"169fb8791d649e7eba8fbe2322cb7918a0d8211d",NA,NA,"",NA,NA,NA,NA,NA,"","","2014-09-12T13:15:23.462Z","Gmelin",NA,NA,"Mezali-002","",NA,"",NA,"Holothuroidea","","",NA,NA,NA,NA,"","Karim Mezali","",NA,NA,"",NA
"1352","",NA,"",NA,NA,NA,"2e6e01c6-9dd3-40d6-acc0-77f5704607ba",NA,"",NA,"",NA,NA,NA,NA,NA,"","",NA,NA,NA,"",NA,NA,NA,NA,"2D666CB5-7FB3-4DB3-B79C-1E5973037BF9","",NA,NA,NA,"",NA,NA,"",NA,NA,"","",NA,"FLMNH","",NA,NA,NA,NA,NA,"Invertebrate Zoology",NA,NA,NA,"",NA,NA,NA,NA,NA,NA,NA,NA,NA,NA,NA,NA,"","Division 35",NA,NA,"",NA,NA,NA,"PreservedSpecimen",NA,2007,NA,NA,5,"","2e6e01c6-9dd3-40d6-acc0-77f5704607ba","","Holothuria tubulosa","Algeria",NA,"5478-Echinodermata",NA,NA,"",NA,"Aspidochirotida",NA,NA,"",NA,"",NA,NA,NA,NA,"",NA,"",NA,"Holothuriidae",NA,NA,11,NA,NA,NA,NA,NA,NA,"",NA,NA,NA,NA,NA,NA,NA,NA,NA,"","",NA,"",NA,NA,NA,"Holothuria","","872733a2-67a3-4c54-aa76-862735a5f334","","",NA,NA,NA,NA,NA,"09/08/2014",NA,NA,NA,NA,"",NA,NA,NA,"","",NA,NA,NA,NA,NA,NA,NA,NA,NA,"","",NA,NA,"tubulosa",NA,"","",NA,"843fbc6ec7e2c3ddc95a321ced9d05a82be29210",NA,NA,"",NA,NA,NA,NA,NA,"","","2014-09-12T10:41:33.060Z","Gmelin",NA,NA,"Mezali-002","",NA,"",NA,"Holothuroidea","","",NA,NA,NA,NA,"","Karim Mezali","",NA,NA,"",NA
"1360","",NA,"",NA,NA,NA,"5cd5928d-64df-41e6-9162-2543bd69dfb0",NA,"",NA,"",NA,NA,NA,NA,NA,"","",NA,NA,NA,"",NA,NA,NA,NA,"F5C1B4B2-35C1-427F-AA93-EE9171C619BE","",NA,NA,NA,"",NA,NA,"",NA,NA,"","",NA,"FLMNH","",NA,NA,NA,NA,NA,"Invertebrate Zoology",NA,NA,NA,"",NA,NA,NA,NA,NA,NA,NA,NA,NA,NA,NA,NA,"","Division 16",NA,NA,"",NA,NA,NA,"PreservedSpecimen",NA,2007,NA,NA,5,"","5cd5928d-64df-41e6-9162-2543bd69dfb0","","Holothuria tubulosa","Algeria",NA,"5466-Echinodermata",NA,NA,"",NA,"Aspidochirotida",NA,NA,"",NA,"",NA,NA,NA,NA,"",NA,"",NA,"Holothuriidae",NA,NA,11,NA,NA,NA,NA,NA,NA,"",NA,NA,NA,NA,NA,NA,NA,NA,NA,"","",NA,"",NA,NA,NA,"Holothuria","","872733a2-67a3-4c54-aa76-862735a5f334","","",NA,NA,NA,NA,NA,"09/08/2014",NA,NA,NA,NA,"",NA,NA,NA,"","",NA,NA,NA,NA,NA,NA,NA,NA,NA,"","",NA,NA,"tubulosa",NA,"","",NA,"86c8b0b020481b6e6a959c59e34f5c1b9e020721",NA,NA,"",NA,NA,NA,NA,NA,"","","2014-09-12T12:28:59.640Z","Gmelin",NA,NA,"Mezali-001","",NA,"",NA,"Holothuroidea","","",NA,NA,NA,NA,"","Karim Mezali","",NA,NA,"",NA
"1441","",NA,"",NA,NA,NA,"570b8824-ed07-4512-84ca-6c2ddddb267c",NA,"",NA,"",NA,NA,NA,NA,NA,"","",NA,NA,NA,"",NA,NA,NA,NA,"D4F40912-7BE4-49B9-A418-5ACBCD0D5C22","",NA,NA,NA,"",NA,NA,"",NA,NA,"","",NA,"FLMNH","",NA,NA,NA,NA,NA,"Invertebrate Zoology",NA,NA,NA,"",NA,NA,NA,NA,NA,NA,NA,NA,NA,NA,NA,NA,"","Division 27",NA,NA,"",NA,NA,NA,"PreservedSpecimen",NA,2007,NA,NA,5,"","570b8824-ed07-4512-84ca-6c2ddddb267c","","Holothuria tubulosa","Algeria",NA,"5471-Echinodermata",NA,NA,"",NA,"Aspidochirotida",NA,NA,"",NA,"",NA,NA,NA,NA,"",NA,"",NA,"Holothuriidae",NA,NA,7,NA,NA,NA,NA,NA,NA,"",NA,NA,NA,NA,NA,NA,NA,NA,NA,"","",NA,"",NA,NA,NA,"Holothuria","","872733a2-67a3-4c54-aa76-862735a5f334","","",NA,NA,NA,NA,NA,"09/08/2014",NA,NA,NA,NA,"",NA,NA,NA,"","",NA,NA,NA,NA,NA,NA,NA,NA,NA,"","",NA,NA,"tubulosa",NA,"","",NA,"a85cdecd9abc2a851c42f5a52767f0fe7942abeb",NA,NA,"",NA,NA,NA,NA,NA,"","","2014-09-12T17:13:32.185Z","Gmelin",NA,NA,"Mezali-003","",NA,"",NA,"Holothuroidea","","",NA,NA,NA,NA,"","Karim Mezali","",NA,NA,"",NA
"1587","",NA,"",NA,NA,NA,"64ac480a-f05b-437f-9e40-41c5dcd72823",NA,"",NA,"",NA,NA,NA,NA,NA,"","",NA,NA,NA,"",NA,NA,NA,NA,"E655F242-3364-4049-B18E-9AFA36401887","",NA,NA,NA,"",NA,NA,"",NA,NA,"","",NA,"FLMNH","",NA,NA,NA,NA,NA,"Invertebrate Zoology",NA,NA,NA,"",NA,NA,NA,NA,NA,NA,NA,NA,NA,NA,NA,NA,"","Division 27",NA,NA,"",NA,NA,NA,"PreservedSpecimen",NA,2007,NA,NA,5,"","64ac480a-f05b-437f-9e40-41c5dcd72823","","Holothuria tubulosa","Algeria",NA,"5458-Echinodermata",NA,NA,"",NA,"Aspidochirotida",NA,NA,"",NA,"",NA,NA,NA,NA,"",NA,"",NA,"Holothuriidae",NA,NA,7,NA,NA,NA,NA,NA,NA,"",NA,NA,NA,NA,NA,NA,NA,NA,NA,"","",NA,"",NA,NA,NA,"Holothuria","","872733a2-67a3-4c54-aa76-862735a5f334","","",NA,NA,NA,NA,NA,"09/08/2014",NA,NA,NA,NA,"",NA,NA,NA,"","",NA,NA,NA,NA,NA,NA,NA,NA,NA,"","",NA,NA,"tubulosa",NA,"","",NA,"4140c2082f2f6cca4bcf288d6e80d1db000f046c",NA,NA,"",NA,NA,NA,NA,NA,"","","2014-09-12T12:48:17.844Z","Gmelin",NA,NA,"Mezali-003","",NA,"",NA,"Holothuroidea","","",NA,NA,NA,NA,"","Karim Mezali","",NA,NA,"",NA
"1695","",NA,"",NA,NA,NA,"f4aa1d6d-3abb-43a0-a968-21a80dffe25a",NA,"",NA,"",NA,NA,NA,NA,NA,"","",NA,NA,NA,"",NA,NA,NA,NA,"28CCB3B2-D4C4-40F3-8056-E5F30240AC04","",NA,NA,NA,"",NA,NA,"",NA,NA,"","",NA,"FLMNH","",NA,NA,NA,NA,NA,"Invertebrate Zoology",NA,NA,NA,"",NA,NA,NA,NA,NA,NA,NA,NA,NA,NA,NA,NA,"","Division 35",NA,NA,"",NA,NA,NA,"PreservedSpecimen",NA,2007,NA,NA,5,"","f4aa1d6d-3abb-43a0-a968-21a80dffe25a","","Holothuria tubulosa","Algeria",NA,"3851-Echinodermata",NA,NA,"",NA,"Aspidochirotida",NA,NA,"",NA,"",NA,NA,NA,NA,"",NA,"",NA,"Holothuriidae",NA,NA,11,NA,NA,NA,NA,NA,NA,"",NA,NA,NA,NA,NA,NA,NA,NA,NA,"","",NA,"",NA,NA,NA,"Holothuria","","872733a2-67a3-4c54-aa76-862735a5f334","","",NA,NA,NA,NA,NA,"09/08/2014",NA,NA,NA,NA,"",NA,NA,NA,"","",NA,NA,NA,NA,NA,NA,NA,NA,NA,"","",NA,NA,"tubulosa",NA,"","",NA,"599ceb0f337e9b3e422988e0296d0606056db924",NA,NA,"",NA,NA,NA,NA,NA,"","","2014-09-12T18:40:28.359Z","Gmelin",NA,NA,"Mezali-002","",NA,"",NA,"Holothuroidea","","",NA,NA,NA,NA,"","Karim Mezali","",NA,NA,"",NA
"1953","",NA,"",NA,NA,NA,"75ad13f2-f416-4572-84fe-ee4765b5f636",NA,"",NA,"",NA,NA,NA,NA,NA,"","",NA,NA,NA,"",NA,NA,NA,NA,"0CC8F954-B7E5-4E97-85B8-603EEE262630","",NA,NA,NA,"",NA,NA,"",NA,NA,"","",NA,"FLMNH","",NA,NA,NA,NA,NA,"Invertebrate Zoology",NA,NA,NA,"",NA,NA,NA,NA,NA,NA,NA,NA,NA,NA,NA,NA,"","Division 16",NA,NA,"",NA,NA,NA,"PreservedSpecimen",NA,2007,NA,NA,5,"","75ad13f2-f416-4572-84fe-ee4765b5f636","","Holothuria tubulosa","Algeria",NA,"5467-Echinodermata",NA,NA,"",NA,"Aspidochirotida",NA,NA,"",NA,"",NA,NA,NA,NA,"",NA,"",NA,"Holothuriidae",NA,NA,11,NA,NA,NA,NA,NA,NA,"",NA,NA,NA,NA,NA,NA,NA,NA,NA,"","",NA,"",NA,NA,NA,"Holothuria","","872733a2-67a3-4c54-aa76-862735a5f334","","",NA,NA,NA,NA,NA,"09/08/2014",NA,NA,NA,NA,"",NA,NA,NA,"","",NA,NA,NA,NA,NA,NA,NA,NA,NA,"","",NA,NA,"tubulosa",NA,"","",NA,"9b1d9face4034e424a3ecc253d1a26b4c67e0c38",NA,NA,"",NA,NA,NA,NA,NA,"","","2014-09-12T10:46:26.506Z","Gmelin",NA,NA,"Mezali-001","",NA,"",NA,"Holothuroidea","","",NA,NA,NA,NA,"","Karim Mezali","",NA,NA,"",NA
"2005","",NA,"",NA,NA,NA,"7a126f68-0c14-43c8-8c30-5c1d575841d9",NA,"",NA,"",NA,NA,NA,NA,NA,"","",NA,NA,NA,"",NA,NA,NA,NA,"8441FAA0-3C25-4416-9EE4-C36A6A9B3CC3","",NA,NA,NA,"",NA,NA,"",NA,NA,"","",NA,"FLMNH","",NA,NA,NA,NA,NA,"Invertebrate Zoology",NA,NA,NA,"",NA,NA,NA,NA,NA,NA,NA,NA,NA,NA,NA,NA,"","Division 27",NA,NA,"",NA,NA,NA,"PreservedSpecimen",NA,2007,NA,NA,5,"","7a126f68-0c14-43c8-8c30-5c1d575841d9","","Holothuria tubulosa","Algeria",NA,"3844-Echinodermata",NA,NA,"",NA,"Aspidochirotida",NA,NA,"",NA,"",NA,NA,NA,NA,"",NA,"",NA,"Holothuriidae",NA,NA,7,NA,NA,NA,NA,NA,NA,"",NA,NA,NA,NA,NA,NA,NA,NA,NA,"","",NA,"",NA,NA,NA,"Holothuria","","872733a2-67a3-4c54-aa76-862735a5f334","","",NA,NA,NA,NA,NA,"09/08/2014",NA,NA,NA,NA,"",NA,NA,NA,"","",NA,NA,NA,NA,NA,NA,NA,NA,NA,"","",NA,NA,"tubulosa",NA,"","",NA,"f472746d860960082029b0a126f1e3a674b063db",NA,NA,"",NA,NA,NA,NA,NA,"","","2014-09-12T16:30:44.597Z","Gmelin",NA,NA,"Mezali-003","",NA,"",NA,"Holothuroidea","","",NA,NA,NA,NA,"","Karim Mezali","",NA,NA,"",NA
"2027","",NA,"",NA,NA,NA,"f2ad1527-fb70-4de3-a314-9567cbe3f0f3",NA,"",NA,"",NA,NA,NA,NA,NA,"","",NA,NA,NA,"",NA,NA,NA,NA,"C63B839F-65B1-43B7-A513-60A26C7EEDB3","",NA,NA,NA,"",NA,NA,"",NA,NA,"","",NA,"FLMNH","",NA,NA,NA,NA,NA,"Invertebrate Zoology",NA,NA,NA,"",NA,NA,NA,NA,NA,NA,NA,NA,NA,NA,NA,NA,"","Division 35",NA,NA,"",NA,NA,NA,"PreservedSpecimen",NA,2007,NA,NA,5,"","f2ad1527-fb70-4de3-a314-9567cbe3f0f3","","Holothuria tubulosa","Algeria",NA,"3852-Echinodermata",NA,NA,"",NA,"Aspidochirotida",NA,NA,"",NA,"",NA,NA,NA,NA,"",NA,"",NA,"Holothuriidae",NA,NA,11,NA,NA,NA,NA,NA,NA,"",NA,NA,NA,NA,NA,NA,NA,NA,NA,"","",NA,"",NA,NA,NA,"Holothuria","","872733a2-67a3-4c54-aa76-862735a5f334","","",NA,NA,NA,NA,NA,"09/08/2014",NA,NA,NA,NA,"",NA,NA,NA,"","",NA,NA,NA,NA,NA,NA,NA,NA,NA,"","",NA,NA,"tubulosa",NA,"","",NA,"6e8b36ded6213b1ca8e6875d81476b185857b07b",NA,NA,"",NA,NA,NA,NA,NA,"","","2014-09-12T17:45:14.635Z","Gmelin",NA,NA,"Mezali-002","",NA,"",NA,"Holothuroidea","","",NA,NA,NA,NA,"","Karim Mezali","",NA,NA,"",NA
"2171","",NA,"",NA,NA,NA,"75448164-30bb-4a90-b9e4-680aa5142465",NA,"",NA,"",NA,NA,NA,NA,NA,"","",NA,NA,NA,"",NA,NA,NA,NA,"65110A2C-6F71-4DF7-984E-F0EF78D7BDC2","",NA,NA,NA,"",NA,NA,"",NA,NA,"","",NA,"FLMNH","",NA,NA,NA,NA,NA,"Invertebrate Zoology",NA,NA,NA,"",NA,NA,NA,NA,NA,NA,NA,NA,NA,NA,NA,NA,"","",NA,NA,"",NA,NA,NA,"PreservedSpecimen",NA,2006,NA,NA,NA,"","75448164-30bb-4a90-b9e4-680aa5142465","","Holothuria tubulosa","France",NA,"4469-Echinodermata",NA,NA,"",NA,"Aspidochirotida",NA,NA,"",NA,"",NA,NA,NA,NA,"",NA,"",NA,"Holothuriidae",NA,NA,NA,NA,NA,NA,NA,NA,NA,"",NA,NA,NA,NA,NA,NA,NA,NA,NA,"","",NA,"",NA,NA,NA,"Holothuria","","872733a2-67a3-4c54-aa76-862735a5f334","","",NA,NA,NA,NA,NA,"09/08/2014",NA,NA,NA,NA,"",NA,NA,NA,"","",NA,NA,NA,NA,NA,NA,NA,NA,NA,"","",NA,NA,"tubulosa",NA,"","",NA,"4f45d69ecd62021e428b8175f41856237d73a46c",NA,NA,"",NA,NA,NA,NA,NA,"","","2014-09-12T12:30:16.312Z","Gmelin",NA,NA,"Romans-001","",NA,"",NA,"Holothuroidea","","",NA,NA,NA,NA,"","Pascal Romans","",NA,NA,"",NA
"2181","",NA,"",NA,NA,NA,"82a64cea-1603-4c79-ad51-3099bbb32b05",NA,"",NA,"",NA,NA,NA,NA,NA,"","",NA,NA,NA,"",NA,NA,NA,NA,"CC0336A6-EC57-4A86-8E7D-9FE48663170E","",NA,NA,NA,"",NA,NA,"",NA,NA,"","",NA,"FLMNH","",NA,NA,NA,NA,NA,"Invertebrate Zoology",NA,NA,NA,"",NA,NA,NA,NA,NA,NA,NA,NA,NA,NA,NA,NA,"","Division 27",NA,NA,"",NA,NA,NA,"PreservedSpecimen",NA,2007,NA,NA,5,"","82a64cea-1603-4c79-ad51-3099bbb32b05","","Holothuria tubulosa","Algeria",NA,"3853-Echinodermata",NA,NA,"",NA,"Aspidochirotida",NA,NA,"",NA,"",NA,NA,NA,NA,"",NA,"",NA,"Holothuriidae",NA,NA,7,NA,NA,NA,NA,NA,NA,"",NA,NA,NA,NA,NA,NA,NA,NA,NA,"","",NA,"",NA,NA,NA,"Holothuria","","872733a2-67a3-4c54-aa76-862735a5f334","","",NA,NA,NA,NA,NA,"09/08/2014",NA,NA,NA,NA,"",NA,NA,NA,"","",NA,NA,NA,NA,NA,NA,NA,NA,NA,"","",NA,NA,"tubulosa",NA,"","",NA,"c9ff5fc3ce12433cd81443a92f37e0603ee479eb",NA,NA,"",NA,NA,NA,NA,NA,"","","2014-09-12T13:21:29.304Z","Gmelin",NA,NA,"Mezali-005","",NA,"",NA,"Holothuroidea","","",NA,NA,NA,NA,"","Karim Mezali","",NA,NA,"",NA
"2231","",NA,"",NA,NA,NA,"8f11af84-4076-4611-af45-c0728488dc7c",NA,"",NA,"",NA,NA,NA,NA,NA,"","",NA,NA,NA,"",NA,NA,NA,NA,"7C3E4DDE-FC95-45F9-AC2E-702E58A581D1","",NA,NA,NA,"",NA,NA,"",NA,NA,"","",NA,"FLMNH","",NA,NA,NA,NA,NA,"Invertebrate Zoology",NA,NA,NA,"",NA,NA,NA,NA,NA,NA,NA,NA,NA,NA,NA,NA,"","Division 16",NA,NA,"",NA,NA,NA,"PreservedSpecimen",NA,2007,NA,NA,1,"","8f11af84-4076-4611-af45-c0728488dc7c","","Holothuria tubulosa","Algeria",NA,"4962-Echinodermata",NA,NA,"",NA,"Aspidochirotida",NA,NA,"",NA,"",NA,NA,NA,NA,"",NA,"",NA,"Holothuriidae",NA,NA,2,NA,NA,NA,NA,NA,NA,"",NA,NA,NA,NA,NA,NA,NA,NA,NA,"","",NA,"",NA,NA,NA,"Holothuria","","872733a2-67a3-4c54-aa76-862735a5f334","","",NA,NA,NA,NA,NA,"09/08/2014",NA,NA,NA,NA,"",NA,NA,NA,"","",NA,NA,NA,NA,NA,NA,NA,NA,NA,"","",NA,NA,"tubulosa",NA,"","",NA,"2e76a397bfee371a6727dc1a1528f3dc8e61ac4e",NA,NA,"",NA,NA,NA,NA,NA,"","","2014-09-12T15:04:48.393Z","Gmelin",NA,NA,"Mezali-001","",NA,"",NA,"Holothuroidea","","",NA,NA,NA,NA,"","Karim Mezali","",NA,NA,"",NA
"2261","",NA,"",NA,NA,NA,"1d88e64b-6fd0-46a3-9a76-631e50bcfcf0",NA,"",NA,"",NA,NA,NA,NA,NA,"","",NA,NA,NA,"",NA,NA,NA,NA,"022F8070-4B20-437C-B9AC-A4F1875B8E5D","",NA,NA,NA,"",NA,NA,"",NA,NA,"","",NA,"FLMNH","",NA,NA,NA,NA,NA,"Invertebrate Zoology",NA,NA,NA,"",NA,NA,NA,NA,NA,NA,NA,NA,NA,NA,NA,NA,"","Azores",NA,NA,"",NA,NA,NA,"PreservedSpecimen",NA,2007,NA,NA,10,"","1d88e64b-6fd0-46a3-9a76-631e50bcfcf0","","Holothuria tubulosa","Portugal",NA,"5973-Echinodermata",NA,NA,"",NA,"Aspidochirotida",NA,NA,"",NA,"",NA,NA,NA,NA,"",NA,"",NA,"Holothuriidae",NA,NA,25,NA,NA,NA,NA,NA,NA,"",NA,NA,NA,NA,NA,NA,NA,NA,NA,"","",NA,"",NA,NA,NA,"Holothuria","","872733a2-67a3-4c54-aa76-862735a5f334","","",NA,NA,NA,NA,NA,"09/08/2014",NA,NA,NA,NA,"",NA,NA,NA,"","",NA,NA,NA,NA,NA,NA,NA,NA,NA,"","",NA,NA,"tubulosa",NA,"","",NA,"5a5aad394e067bf295a6512aaf596588c0be653f",NA,NA,"",NA,NA,NA,NA,NA,"","","2014-09-12T17:53:51.231Z","Gmelin",NA,NA,"Bertoncini-01","",NA,"",NA,"Holothuroidea","","",NA,NA,NA,NA,"","Athila Bertoncini","",NA,NA,"",NA
"2496","",NA,"",NA,NA,NA,"35f4d15c-0ce7-4f7c-891c-1cbf4e964f56",NA,"",NA,"",NA,NA,NA,NA,NA,"","",NA,NA,NA,"",NA,NA,NA,NA,"BE597870-9BFB-483B-B816-5F2F331939A5","",NA,NA,NA,"",NA,NA,"",NA,NA,"","",NA,"FLMNH","",NA,NA,NA,NA,NA,"Invertebrate Zoology",NA,NA,NA,"",NA,NA,NA,NA,NA,NA,NA,NA,NA,NA,NA,NA,"","Division 16",NA,NA,"",NA,NA,NA,"PreservedSpecimen",NA,2007,NA,NA,5,"","35f4d15c-0ce7-4f7c-891c-1cbf4e964f56","","Holothuria tubulosa","Algeria",NA,"5473-Echinodermata",NA,NA,"",NA,"Aspidochirotida",NA,NA,"",NA,"",NA,NA,NA,NA,"",NA,"",NA,"Holothuriidae",NA,NA,11,NA,NA,NA,NA,NA,NA,"",NA,NA,NA,NA,NA,NA,NA,NA,NA,"","",NA,"",NA,NA,NA,"Holothuria","","872733a2-67a3-4c54-aa76-862735a5f334","","",NA,NA,NA,NA,NA,"09/08/2014",NA,NA,NA,NA,"",NA,NA,NA,"","",NA,NA,NA,NA,NA,NA,NA,NA,NA,"","",NA,NA,"tubulosa",NA,"","",NA,"6530e6de4ecaef993f3d5491e69e70b52b2ed5f5",NA,NA,"",NA,NA,NA,NA,NA,"","","2014-09-12T11:58:49.736Z","Gmelin",NA,NA,"Mezali-001","",NA,"",NA,"Holothuroidea","","",NA,NA,NA,NA,"","Karim Mezali","",NA,NA,"",NA
"2526","",NA,"",NA,NA,NA,"11527b96-f7f5-4995-9ebf-41f5ad194ec3",NA,"",NA,"",NA,NA,NA,NA,NA,"","",NA,NA,NA,"",NA,NA,NA,NA,"71860695-950A-4D19-9CC5-8A0D672DA196","",NA,NA,NA,"",NA,NA,"",NA,NA,"","",NA,"FLMNH","",NA,NA,NA,NA,NA,"Invertebrate Zoology",NA,NA,NA,"",NA,NA,NA,NA,NA,NA,NA,NA,NA,NA,NA,NA,"","Division 35",NA,NA,"",NA,NA,NA,"PreservedSpecimen",NA,2007,NA,NA,5,"","11527b96-f7f5-4995-9ebf-41f5ad194ec3","","Holothuria tubulosa","Algeria",NA,"5474-Echinodermata",NA,NA,"",NA,"Aspidochirotida",NA,NA,"",NA,"",NA,NA,NA,NA,"",NA,"",NA,"Holothuriidae",NA,NA,11,NA,NA,NA,NA,NA,NA,"",NA,NA,NA,NA,NA,NA,NA,NA,NA,"","",NA,"",NA,NA,NA,"Holothuria","","872733a2-67a3-4c54-aa76-862735a5f334","","",NA,NA,NA,NA,NA,"09/08/2014",NA,NA,NA,NA,"",NA,NA,NA,"","",NA,NA,NA,NA,NA,NA,NA,NA,NA,"","",NA,NA,"tubulosa",NA,"","",NA,"2807cc338f1d3fb780e4f93bbba70be0404a7970",NA,NA,"",NA,NA,NA,NA,NA,"","","2014-09-12T10:58:40.793Z","Gmelin",NA,NA,"Mezali-002","",NA,"",NA,"Holothuroidea","","",NA,NA,NA,NA,"","Karim Mezali","",NA,NA,"",NA
"2538","",NA,"",NA,NA,NA,"6d4265a3-accc-420f-a903-8739d90c6f7f",NA,"",NA,"",NA,NA,NA,NA,NA,"","",NA,NA,NA,"",NA,NA,NA,NA,"4B80B19B-E146-4DC9-A839-50AC74E1F528","",NA,NA,NA,"",NA,NA,"",NA,NA,"","",NA,"FLMNH","",NA,NA,NA,NA,NA,"Invertebrate Zoology",NA,NA,NA,"",NA,NA,NA,NA,NA,NA,NA,NA,NA,NA,NA,NA,"","Division 35",NA,NA,"",NA,NA,NA,"PreservedSpecimen",NA,2007,NA,NA,5,"","6d4265a3-accc-420f-a903-8739d90c6f7f","","Holothuria tubulosa","Algeria",NA,"5455-Echinodermata",NA,NA,"",NA,"Aspidochirotida",NA,NA,"",NA,"",NA,NA,NA,NA,"",NA,"",NA,"Holothuriidae",NA,NA,11,NA,NA,NA,NA,NA,NA,"",NA,NA,NA,NA,NA,NA,NA,NA,NA,"","",NA,"",NA,NA,NA,"Holothuria","","872733a2-67a3-4c54-aa76-862735a5f334","","",NA,NA,NA,NA,NA,"09/08/2014",NA,NA,NA,NA,"",NA,NA,NA,"","",NA,NA,NA,NA,NA,NA,NA,NA,NA,"","",NA,NA,"tubulosa",NA,"","",NA,"25481e5c40d85de24550b6c87c9f7432af527c26",NA,NA,"",NA,NA,NA,NA,NA,"","","2014-09-12T10:34:10.749Z","Gmelin",NA,NA,"Mezali-002","",NA,"",NA,"Holothuroidea","","",NA,NA,NA,NA,"","Karim Mezali","",NA,NA,"",NA
"2539","",NA,"",NA,NA,NA,"e8c54286-70ed-48e3-9247-c2f6efc1fdb5",NA,"",NA,"",NA,NA,NA,NA,NA,"","",NA,NA,NA,"",NA,NA,NA,NA,"6DFF06AF-2AA0-4D77-932C-82CAD761E830","",NA,NA,NA,"",NA,NA,"",NA,NA,"","",NA,"FLMNH","",NA,NA,NA,NA,NA,"Invertebrate Zoology",NA,NA,NA,"",NA,NA,NA,NA,NA,NA,NA,NA,NA,NA,NA,NA,"","",NA,NA,"",NA,NA,NA,"PreservedSpecimen",NA,2006,NA,NA,NA,"","e8c54286-70ed-48e3-9247-c2f6efc1fdb5","","Holothuria tubulosa","France",NA,"4474-Echinodermata",NA,NA,"",NA,"Aspidochirotida",NA,NA,"",NA,"",NA,NA,NA,NA,"",NA,"",NA,"Holothuriidae",NA,NA,NA,NA,NA,NA,NA,NA,NA,"",NA,NA,NA,NA,NA,NA,NA,NA,NA,"","",NA,"",NA,NA,NA,"Holothuria","","872733a2-67a3-4c54-aa76-862735a5f334","","",NA,NA,NA,NA,NA,"09/08/2014",NA,NA,NA,NA,"",NA,NA,NA,"","",NA,NA,NA,NA,NA,NA,NA,NA,NA,"","",NA,NA,"tubulosa",NA,"","",NA,"1479a996920d7056a8642b73cac6291ce4b9c39a",NA,NA,"",NA,NA,NA,NA,NA,"","","2014-09-12T10:38:32.197Z","Gmelin",NA,NA,"Romans-001","",NA,"",NA,"Holothuroidea","","",NA,NA,NA,NA,"","Pascal Romans","",NA,NA,"",NA
"2564","",NA,"",NA,NA,NA,"8c751376-a783-45af-858d-3a627b86b175",NA,"",NA,"",NA,NA,NA,NA,NA,"","",NA,NA,NA,"",NA,NA,NA,NA,"F560292E-AD46-40CB-A6E9-2B904CE1F580","",NA,NA,NA,"",NA,NA,"",NA,NA,"","",NA,"FLMNH","",NA,NA,NA,NA,NA,"Invertebrate Zoology",NA,NA,NA,"",NA,NA,NA,NA,NA,NA,NA,NA,NA,NA,NA,NA,"","Division 16",NA,NA,"",NA,NA,NA,"PreservedSpecimen",NA,2007,NA,NA,1,"","8c751376-a783-45af-858d-3a627b86b175","","Holothuria tubulosa","Algeria",NA,"4961-Echinodermata",NA,NA,"",NA,"Aspidochirotida",NA,NA,"",NA,"",NA,NA,NA,NA,"",NA,"",NA,"Holothuriidae",NA,NA,3,NA,NA,NA,NA,NA,NA,"",NA,NA,NA,NA,NA,NA,NA,NA,NA,"","",NA,"",NA,NA,NA,"Holothuria","","872733a2-67a3-4c54-aa76-862735a5f334","","",NA,NA,NA,NA,NA,"09/08/2014",NA,NA,NA,NA,"",NA,NA,NA,"","",NA,NA,NA,NA,NA,NA,NA,NA,NA,"","",NA,NA,"tubulosa",NA,"","",NA,"a9db0c7f9ce00d900a14a1712cebd5122b52c4eb",NA,NA,"",NA,NA,NA,NA,NA,"","","2014-09-12T15:03:01.217Z","Gmelin",NA,NA,"Mezali-001","",NA,"",NA,"Holothuroidea","","",NA,NA,NA,NA,"","Karim Mezali","",NA,NA,"",NA
"2585","",NA,"",NA,NA,NA,"a2d3cede-480f-4713-ac71-6e8079356663",NA,"",NA,"",NA,NA,NA,NA,NA,"","",NA,NA,NA,"",NA,NA,NA,NA,"29B66C61-78B9-4CC4-9FF6-4ADF70B33A56","",NA,NA,NA,"",NA,NA,"",NA,NA,"","",NA,"FLMNH","",NA,NA,NA,NA,NA,"Invertebrate Zoology",NA,NA,NA,"",NA,NA,NA,NA,NA,NA,NA,NA,NA,NA,NA,NA,"","Azores",NA,NA,"",NA,NA,NA,"PreservedSpecimen",NA,2007,NA,NA,10,"","a2d3cede-480f-4713-ac71-6e8079356663","","Holothuria tubulosa","Portugal",NA,"5974-Echinodermata",NA,NA,"",NA,"Aspidochirotida",NA,NA,"",NA,"",NA,NA,NA,NA,"",NA,"",NA,"Holothuriidae",NA,NA,25,NA,NA,NA,NA,NA,NA,"",NA,NA,NA,NA,NA,NA,NA,NA,NA,"","",NA,"",NA,NA,NA,"Holothuria","","872733a2-67a3-4c54-aa76-862735a5f334","","",NA,NA,NA,NA,NA,"09/08/2014",NA,NA,NA,NA,"",NA,NA,NA,"","",NA,NA,NA,NA,NA,NA,NA,NA,NA,"","",NA,NA,"tubulosa",NA,"","",NA,"e803e1b2917edab6300e3299aa15af77c4fc3e1f",NA,NA,"",NA,NA,NA,NA,NA,"","","2014-09-12T15:39:51.315Z","Gmelin",NA,NA,"Bertoncini-01","",NA,"",NA,"Holothuroidea","","",NA,NA,NA,NA,"","Athila Bertoncini","",NA,NA,"",NA
"2716","unknown",NA,"",NA,NA,NA,"4591b148-7045-4268-bf8d-5d7c16625268",NA,"",1,"",NA,0,NA,NA,NA,"","Atlantic Ocean",NA,NA,NA,"",NA,NA,NA,NA,"MCZ:IZ:125702","not applicable",NA,NA,NA,"",NA,NA,"ICZN",NA,NA,"b4640710-8e03-11d8-b956-b8a03c50a862","",NA,"MCZ","",NA,NA,NA,NA,NA,"IZ",NA,NA,NA,"",NA,NA,NA,NA,NA,NA,NA,NA,NA,NA,NA,NA,"","",NA,NA,"Echinodermata",NA,NA,NA,"PreservedSpecimen",NA,NA,NA,NA,NA,"Animalia Echinodermata Holothuroidea Aspidochirotida Holothuriidae Holothuria tubulosa","4591b148-7045-4268-bf8d-5d7c16625268","http://mczbase.mcz.harvard.edu/guid/MCZ:IZ:125702","Holothuria tubulosa","",NA,"125702",NA,NA,"en",NA,"Aspidochirotida",NA,NA,"",NA,"",NA,NA,NA,NA,"",NA,"Museum of Comparative Zoology, Harvard University",NA,"Holothuriidae",NA,NA,NA,NA,NA,NA,NA,NA,NA,"identification compared to a figure by Panning (?) 1934 p. 77",NA,NA,NA,NA,NA,NA,NA,NA,NA,"","",NA,"PhysicalObject",NA,NA,NA,"Holothuria","Atlantic Ocean, Atlantic, Western Central, Gulf of Mexico","872733a2-67a3-4c54-aa76-862735a5f334","","",NA,NA,NA,NA,NA,"2013-01-10 11:11:12.0",NA,NA,NA,NA,"Animalia",NA,NA,NA,"http://mczbase.mcz.harvard.edu/guid/MCZ:IZ:125702","",NA,NA,NA,NA,NA,NA,NA,NA,NA,"Corpus Christi","",NA,NA,"tubulosa",NA,"Unknown","",NA,"77c9f5f5d472077326f23942f9dc3c113391ae4d",NA,NA,"whole animal (dry)",NA,NA,NA,NA,NA,"President and Fellows of Harvard College","","2014-07-12T17:47:24.965Z","Gmelin, 1791",NA,NA,"","",NA,"",NA,"Holothuroidea","","",NA,NA,NA,NA,"","[no agent data]","1934-01-01/2007-01-01",NA,NA,"",NA
"2787","",NA,"",NA,NA,NA,"effd38a7-6df7-49c8-8adc-40b9476018f9",NA,"",NA,"",NA,NA,NA,NA,NA,"","",NA,NA,NA,"",NA,NA,NA,NA,"B4662571-F73D-4322-B160-73DB7265C168","",NA,NA,NA,"",NA,NA,"",NA,NA,"","",NA,"FLMNH","",NA,NA,NA,NA,NA,"Invertebrate Zoology",NA,NA,NA,"",NA,NA,NA,NA,NA,NA,NA,NA,NA,NA,NA,NA,"","Division 16",NA,NA,"",NA,NA,NA,"PreservedSpecimen",NA,2007,NA,NA,5,"","effd38a7-6df7-49c8-8adc-40b9476018f9","","Holothuria tubulosa","Algeria",NA,"5456-Echinodermata",NA,NA,"",NA,"Aspidochirotida",NA,NA,"",NA,"",NA,NA,NA,NA,"",NA,"",NA,"Holothuriidae",NA,NA,11,NA,NA,NA,NA,NA,NA,"",NA,NA,NA,NA,NA,NA,NA,NA,NA,"","",NA,"",NA,NA,NA,"Holothuria","","872733a2-67a3-4c54-aa76-862735a5f334","","",NA,NA,NA,NA,NA,"09/08/2014",NA,NA,NA,NA,"",NA,NA,NA,"","",NA,NA,NA,NA,NA,NA,NA,NA,NA,"","",NA,NA,"tubulosa",NA,"","",NA,"16134ea3540ed4cf46ce7e458d3be94cae92f4dd",NA,NA,"",NA,NA,NA,NA,NA,"","","2014-09-12T10:21:23.870Z","Gmelin",NA,NA,"Mezali-001","",NA,"",NA,"Holothuroidea","","",NA,NA,NA,NA,"","Karim Mezali","",NA,NA,"",NA
"2802","",NA,"",NA,NA,NA,"4eefc063-e07e-4de9-8fca-1c6a2d98cf3d",NA,"",NA,"",NA,NA,NA,NA,NA,"","",NA,NA,NA,"",NA,NA,NA,NA,"9AA70BD1-ED1F-415E-B0EB-1783803A0291","",NA,NA,NA,"",NA,NA,"",NA,NA,"","",NA,"FLMNH","",NA,NA,NA,NA,NA,"Invertebrate Zoology",NA,NA,NA,"",NA,NA,NA,NA,NA,NA,NA,NA,NA,NA,NA,NA,"","Azores",NA,NA,"",NA,NA,NA,"PreservedSpecimen",NA,2007,NA,NA,10,"","4eefc063-e07e-4de9-8fca-1c6a2d98cf3d","","Holothuria tubulosa","Portugal",NA,"5971-Echinodermata",NA,NA,"",NA,"Aspidochirotida",NA,NA,"",NA,"",NA,NA,NA,NA,"",NA,"",NA,"Holothuriidae",NA,NA,25,NA,NA,NA,NA,NA,NA,"",NA,NA,NA,NA,NA,NA,NA,NA,NA,"","",NA,"",NA,NA,NA,"Holothuria","","872733a2-67a3-4c54-aa76-862735a5f334","","",NA,NA,NA,NA,NA,"09/08/2014",NA,NA,NA,NA,"",NA,NA,NA,"","",NA,NA,NA,NA,NA,NA,NA,NA,NA,"","",NA,NA,"tubulosa",NA,"","",NA,"fdd670a47f3db29de13b65c4abe0495d586875af",NA,NA,"",NA,NA,NA,NA,NA,"","","2014-09-12T09:47:25.338Z","Gmelin",NA,NA,"Bertoncini-01","",NA,"",NA,"Holothuroidea","","",NA,NA,NA,NA,"","Athila Bertoncini","",NA,NA,"",NA
"2878","",NA,"",NA,NA,NA,"6e80b950-328b-4035-b5f6-b7fe5d29c34d",NA,"",NA,"",NA,NA,NA,NA,NA,"","",NA,NA,NA,"",NA,NA,NA,NA,"DF4CD817-0DE5-4DFA-A81C-3C7C1D562143","",NA,NA,NA,"",NA,NA,"",NA,NA,"","",NA,"FLMNH","",NA,NA,NA,NA,NA,"Invertebrate Zoology",NA,NA,NA,"",NA,NA,NA,NA,NA,NA,NA,NA,NA,NA,NA,NA,"","Division 27",NA,NA,"",NA,NA,NA,"PreservedSpecimen",NA,2007,NA,NA,5,"","6e80b950-328b-4035-b5f6-b7fe5d29c34d","","Holothuria tubulosa","Algeria",NA,"5476-Echinodermata",NA,NA,"",NA,"Aspidochirotida",NA,NA,"",NA,"",NA,NA,NA,NA,"",NA,"",NA,"Holothuriidae",NA,NA,7,NA,NA,NA,NA,NA,NA,"",NA,NA,NA,NA,NA,NA,NA,NA,NA,"","",NA,"",NA,NA,NA,"Holothuria","","872733a2-67a3-4c54-aa76-862735a5f334","","",NA,NA,NA,NA,NA,"09/08/2014",NA,NA,NA,NA,"",NA,NA,NA,"","",NA,NA,NA,NA,NA,NA,NA,NA,NA,"","",NA,NA,"tubulosa",NA,"","",NA,"750ddf2163b500d1668a0eda314d429bee2828e6",NA,NA,"",NA,NA,NA,NA,NA,"","","2014-09-12T16:56:58.098Z","Gmelin",NA,NA,"Mezali-003","",NA,"",NA,"Holothuroidea","","",NA,NA,NA,NA,"","Karim Mezali","",NA,NA,"",NA
"2910","",NA,"",NA,NA,NA,"ce5211b3-be3b-4c60-9dc6-7594993a3e50",NA,"",NA,"",NA,NA,NA,NA,NA,"","",NA,NA,NA,"",NA,NA,NA,NA,"84A56D58-061D-40AB-BC37-15BE90DCA28D","",NA,NA,NA,"",NA,NA,"",NA,NA,"","",NA,"FLMNH","",NA,NA,NA,NA,NA,"Invertebrate Zoology",NA,NA,NA,"",NA,NA,NA,NA,NA,NA,NA,NA,NA,NA,NA,NA,"","",NA,NA,"",NA,NA,NA,"PreservedSpecimen",NA,2007,NA,NA,1,"","ce5211b3-be3b-4c60-9dc6-7594993a3e50","","Holothuria tubulosa","France",NA,"4471-Echinodermata",NA,NA,"",NA,"Aspidochirotida",NA,NA,"",NA,"",NA,NA,NA,NA,"",NA,"",NA,"Holothuriidae",NA,NA,17,NA,NA,NA,NA,NA,NA,"",NA,NA,NA,NA,NA,NA,NA,NA,NA,"","",NA,"",NA,NA,NA,"Holothuria","","872733a2-67a3-4c54-aa76-862735a5f334","","",NA,NA,NA,NA,NA,"09/08/2014",NA,NA,NA,NA,"",NA,NA,NA,"","",NA,NA,NA,NA,NA,NA,NA,NA,NA,"","",NA,NA,"tubulosa",NA,"","",NA,"4f85cc248f5ce1f6a3ba392aac6f2ff898a17f8d",NA,NA,"",NA,NA,NA,NA,NA,"","","2014-09-12T15:56:14.987Z","Gmelin",NA,NA,"Mezali-006","",NA,"",NA,"Holothuroidea","","",NA,NA,NA,NA,"","Karim Mezali","",NA,NA,"",NA
"2948","",NA,"",NA,NA,NA,"c466d5c7-e83e-469b-b98c-efd6f6bdcbf1",NA,"",NA,"",NA,NA,NA,NA,NA,"","",NA,NA,NA,"",NA,NA,NA,NA,"368BF1E4-EF60-4DF4-8882-25E39D4AAE3A","",NA,NA,NA,"",NA,NA,"",NA,NA,"","",NA,"FLMNH","",NA,NA,NA,NA,NA,"Invertebrate Zoology",NA,NA,NA,"",NA,NA,NA,NA,NA,NA,NA,NA,NA,NA,NA,NA,"","Division 16",NA,NA,"",NA,NA,NA,"PreservedSpecimen",NA,2007,NA,NA,5,"","c466d5c7-e83e-469b-b98c-efd6f6bdcbf1","","Holothuria tubulosa","Algeria",NA,"5486-Echinodermata",NA,NA,"",NA,"Aspidochirotida",NA,NA,"",NA,"",NA,NA,NA,NA,"",NA,"",NA,"Holothuriidae",NA,NA,11,NA,NA,NA,NA,NA,NA,"",NA,NA,NA,NA,NA,NA,NA,NA,NA,"","",NA,"",NA,NA,NA,"Holothuria","","872733a2-67a3-4c54-aa76-862735a5f334","","",NA,NA,NA,NA,NA,"09/08/2014",NA,NA,NA,NA,"",NA,NA,NA,"","",NA,NA,NA,NA,NA,NA,NA,NA,NA,"","",NA,NA,"tubulosa",NA,"","",NA,"e2502f77667bacdd2c6df3bda279836d68bf329e",NA,NA,"",NA,NA,NA,NA,NA,"","","2014-09-12T18:06:47.738Z","Gmelin",NA,NA,"Mezali-001","",NA,"",NA,"Holothuroidea","","",NA,NA,NA,NA,"","Karim Mezali","",NA,NA,"",NA
"2953","",NA,"",NA,NA,NA,"5a88bbb4-7915-42cd-90b1-236fe744a110",NA,"",NA,"",NA,NA,NA,NA,NA,"","",NA,NA,NA,"",NA,NA,NA,NA,"11E0C941-499B-4F74-9E8C-B87BC6193181","",NA,NA,NA,"",NA,NA,"",NA,NA,"","",NA,"FLMNH","",NA,NA,NA,NA,NA,"Invertebrate Zoology",NA,NA,NA,"",NA,NA,NA,NA,NA,NA,NA,NA,NA,NA,NA,NA,"","Girona Province",NA,NA,"",NA,NA,NA,"PreservedSpecimen",NA,2014,NA,NA,6,"","5a88bbb4-7915-42cd-90b1-236fe744a110","","Holothuria tubulosa","Spain",NA,"16214-Echinodermata",NA,NA,"",NA,"Aspidochirotida",NA,NA,"",NA,"",NA,NA,NA,NA,"",NA,"",NA,"Holothuriidae",NA,NA,23,NA,NA,NA,NA,NA,NA,"",NA,2.9396,NA,NA,NA,NA,NA,NA,NA,"","",NA,"",NA,NA,NA,"Holothuria","","872733a2-67a3-4c54-aa76-862735a5f334","","",NA,NA,NA,NA,NA,"09/08/2014",NA,NA,NA,NA,"",NA,NA,NA,"","",NA,NA,NA,NA,NA,NA,NA,NA,41.7226,"","",NA,NA,"tubulosa",NA,"","",NA,"7920267a7a8ce1f3d73d7cc686145017bed31350",NA,NA,"",NA,NA,NA,NA,NA,"","","2014-09-12T18:41:37.946Z","Gmelin",NA,NA,"GP-Loc 1043","",NA,"",NA,"Holothuroidea","","",NA,NA,NA,NA,"","Gustav Paulay","",NA,NA,"",NA
