"","symbiota.verbatimScientificName","dwc.associatedTaxa","symbiotaverbatimScientificName","dwc.namePublishedInID","dwc.establishmentMeans","dwc.coordinateUncertaintyInMeters","dwc.associatedOccurrences","dwc.sex","dwc.accessRights","inhs.dead","dwc.infraspecificEpithet","dwc.scientificName","dwc.genus","dwc.latestPeriodOrHighestSystem","dwc.lowestBiostratigraphicZone","dwc.latestEraOrHighestErathem","idigbio.associateDeterminedBy","dwc.countryCode","dcterms.language","dwc.disposition","dwc.identificationID","dwc.individualCount","dwc.coordinatePrecision","dwc.family","dwc.informationWithheld","dcterms.rights","dwc.eventTime","dwc.island","dwc.eventDate","dwc.fieldNotes","dwc.class","idigbio.uuid","dwc.earliestEraOrLowestErathem","row.number","inhs.juv_males","dwc.preparation","dwc.occurrenceRemarks","dwc.country","dwc.latestAgeOrHighestStage","dwc.individualID","dwc.day","dwc.fieldNumber","dwc.originalNameUsage","dwc.continent","dwc.county","inhs.juv_undetermined","idigbio.endangeredStatus","dwc.dateIdentified","dwc.preparations","dwc.earliestEpochOrLowestSeries","inhs.formII_females","inhs.formI_males","dwc.subgenus","dwc.associatedReferences","dwc.institutionCode","idigbio.preparationCount","dwc.earliestPeriodOrLowestSystem","dwc.eventRemarks","dwc.identificationReferences","dwc.minimumDepthInMeters","dwc.nameAccordingTo","dwc.dataGeneralizations","dwc.namePublishedIn","idigbio.determinationHistory","dwc.group","idigbio.hostFamily","idigbio.recordIds","dwc.collectionCode","dwc.earliestAgeOrLowestStage","inhs.location_RiverMile","dcterms.source","http...symbiota.org.terms.verbatimScientificName","dwc.kingdom","inhs.location_Stream","dwc.identificationRemarks","dwc.verbatimTaxonRank","dwc.phylum","dwc.associatedMedia","dwc.vernacularName","inhs.location_Basin","inhs.total_females","dwc.georeferenceRemarks","dwc.taxonRank","dwc.latestEpochOrHighestSeries","dwc.locationRemarks","idigbio.recordID","dwc.identificationQualifier","dwc.georeferencedDate","idigbio.barcodeValue","fcc.pickedBy","idigbio.preservative","dwc.stateProvince","idigbio.associateCommonName","dwc.rights","dwc.islandGroup","idigbio.associateRelationship","dwc.behavior","idigbio.recordId","dwc.taxonRemarks","idigbio.associateIdentifier","dwc.eventID","dwc.verbatimLatitude","dwc.typeStatus","dwc.scientificNameID","dcterms.rightsHolder","dwc.verbatimLongitude","idigbio.associateCondition","inhs.live","idigbio.associatedFamily","fcc.subfamily","dwc.geodeticDatum","dwc.basisOfRecord","idigbio.substrate","dwc.georeferencedBy","fcc.datePicked","dwc.occurrenceID","dwc.taxonID","fcc.superfamily","dwc.samplingProtocol","dwc.verbatimCoordinateSystem","dwc.datasetID","idigbio.subgenus","idigbio.subfamily","dwc.recordedBy","inhs.superfamily","dwc.datasetName","dwc.order","dwc.catalogNumber","dwc.verbatimCoordinates","idigbio.version","dwc.collectionID","dwc.georeferenceSources","dcterms.references","inhs.instars_Female","dwc.verbatimEventDate","dwc.maximumElevationInMeters","dwc.lifeStage","dwc.formation","dwc.maximumDepthInMeters","inhs.formII_males","dwc.scientificNameAuthorship","dwc.waterBody","inhs.instars_Male","dwc.VerbatimEventDate","dwc.locationAccordingTo","dwc.nomenclaturalStatus","dwc.georeferenceVerificationStatus","dwc.startDayOfYear","idigbio.createdBy","dwc.footprintWKT","dwc.higherClassification","dwc.previousIdentifications","dwc.locality","dwc.endDayOfYear","dwc.identifiedBy","dwc.decimalLatitude","dwc.member","dwc.institutionID","dcterms.accessRights","dcterms.type","dwc.month","id","dwc.verbatimSRS","dwc.verbatimLocality","dwc.identificationVerificationStatus","dwc.reproductiveCondition","inhs.relic","dwc.municipality","dwc.locationID","dwc.higherGeography","dcterms.modified","idigbio.associateNotes","inhs.vouchered","dwc.georeferenceProtocol","inhs.total_Males","dwc.associatedSequences","dwc.recordNumber","dwc.habitat","dwc.ownerInstitutionCode","dwc.samplingEffort","dwc.dynamicProperties","dwc.decimalLongitude","inhs.locationTrs","dwc.relatedResourceID","idigbio.associatedRelationship","idigbio.associateAuthor","dwc.verbatimDepth","dcterms.reference","dwc.rightsHolder","dwc.minimumElevationInMeters","dcterms.bibliographicCitation","dwc.bed","dwc.nomenclaturalCode","dwc.year","dwc.verbatimElevation","idigbio.tribe","dwc.specificEpithet","inhs.juv_females","dwc.lithostratigraphicTerms","dwc.occurrenceStatus","idigbio.dateModified","idigbio.etag","dwc.otherCatalogNumbers"
"241",NA,NA,NA,NA,NA,NA,"","",NA,NA,"","Holothuria hawaiiensis","Holothuria",NA,NA,NA,NA,NA,"","",NA,NA,NA,"Holothuriidae",NA,NA,NA,NA,"",NA,"Holothuroidea","918702c7-1221-4b8a-8764-eb25b0a85399",NA,NA,NA,NA,NA,"USA",NA,NA,NA,"",NA,"","Hawaii Island",NA,NA,"","",NA,NA,NA,NA,"","FLMNH",NA,NA,"",NA,NA,NA,NA,NA,NA,NA,NA,NA,"Invertebrate Zoology",NA,NA,NA,NA,"",NA,"",NA,"","",NA,NA,NA,"",NA,NA,"",NA,NA,NA,NA,NA,NA,"Hawaiian Islands",NA,NA,NA,NA,NA,NA,NA,NA,NA,"","",NA,"","",NA,NA,NA,NA,"","PreservedSpecimen",NA,"",NA,"9790F8B6-2A4C-4800-B37C-0574F204A1EA",NA,NA,"","",NA,NA,NA,"",NA,NA,"Aspidochirotida","936-Echinodermata","",NA,NA,"","",NA,"",NA,NA,NA,NA,NA,"Fisher","",NA,NA,NA,NA,NA,NA,"872733a2-67a3-4c54-aa76-862735a5f334",NA,"",NA,"",NA,"",19.3185,NA,"",NA,"",NA,"918702c7-1221-4b8a-8764-eb25b0a85399",NA,NA,"",NA,NA,NA,"BHAW-002","","09/08/2014",NA,NA,"",NA,NA,"","","",NA,"",-155.884833333333,NA,NA,NA,NA,"",NA,NA,NA,NA,NA,"",NA,NA,NA,"hawaiiensis",NA,NA,NA,"2014-09-12T16:28:40.486Z","ea14eaf86f4c0538b35f1033e5d29d9c1cb29e43",""
"298",NA,NA,NA,NA,NA,NA,"","",NA,NA,"","Holothuria hawaiiensis","Holothuria",NA,NA,NA,NA,NA,"","",NA,NA,NA,"Holothuriidae",NA,NA,NA,NA,"",NA,"Holothuroidea","3cc12701-37f0-4d53-a2e0-c0cf37085818",NA,NA,NA,NA,NA,"French Polynesia",NA,NA,10,"",NA,"","Moorea Island",NA,NA,"","",NA,NA,NA,NA,"","FLMNH",NA,NA,"",NA,NA,NA,NA,NA,NA,NA,NA,NA,"Invertebrate Zoology",NA,NA,NA,NA,"",NA,"",NA,"","",NA,NA,NA,"",NA,NA,"",NA,NA,NA,NA,NA,NA,"Society Islands",NA,NA,NA,NA,NA,NA,NA,NA,NA,"","",NA,"","",NA,NA,NA,NA,"","PreservedSpecimen",NA,"",NA,"51CB0CF2-A9C4-411B-B9D0-31D4C5CEC5B4",NA,NA,"","",NA,NA,NA,"Sarah McPherson, Gustav Paulay, Seabird McKeon, Phillippe Bacchet, Jean Letournaux",NA,NA,"Aspidochirotida","9879-Echinodermata","",NA,NA,"","",NA,"",NA,NA,NA,NA,NA,"Fisher","",NA,NA,NA,NA,NA,NA,"872733a2-67a3-4c54-aa76-862735a5f334",NA,"",NA,"",NA,"",-17.597753,NA,"",NA,"",12,"3cc12701-37f0-4d53-a2e0-c0cf37085818",NA,NA,"",NA,NA,NA,"BIZ-276","","09/08/2014",NA,NA,"",NA,NA,"","","",NA,"",-149.842083,NA,NA,NA,NA,"",NA,NA,NA,NA,NA,"",2009,NA,NA,"hawaiiensis",NA,NA,NA,"2014-09-12T17:09:16.661Z","b6c1955b392013ebe473f0cb67d3fccb84412c1d",""
"515",NA,NA,NA,NA,NA,NA,"","",NA,NA,"","Holothuria hawaiiensis","Holothuria",NA,NA,NA,NA,NA,"","",NA,NA,NA,"Holothuriidae",NA,NA,NA,NA,"",NA,"Holothuroidea","f52e2c48-1d48-42f8-b3f4-d3cf16bf4760",NA,NA,NA,NA,NA,"Kiribati",NA,NA,6,"",NA,"","",NA,NA,"","",NA,NA,NA,NA,"","FLMNH",NA,NA,"",NA,NA,NA,NA,NA,NA,NA,NA,NA,"Invertebrate Zoology",NA,NA,NA,NA,"",NA,"",NA,"","",NA,NA,NA,"",NA,NA,"",NA,NA,NA,NA,NA,NA,"",NA,NA,NA,NA,NA,NA,NA,NA,NA,"","",NA,"","",NA,NA,NA,NA,"","PreservedSpecimen",NA,"",NA,"B7B309B2-29CA-4316-88FB-D3D7F82B9293",NA,NA,"","",NA,NA,NA,"François Michonneau, Nancy Knowlton",NA,NA,"Aspidochirotida","16006-Echinodermata","",NA,NA,"","",NA,"",NA,NA,NA,NA,NA,"Fisher","",NA,NA,NA,NA,NA,NA,"872733a2-67a3-4c54-aa76-862735a5f334",NA,"",NA,"",NA,"",-9.91,NA,"",NA,"",11,"f52e2c48-1d48-42f8-b3f4-d3cf16bf4760",NA,NA,"",NA,NA,NA,"SLI13_ST140","","09/08/2014",NA,NA,"",NA,NA,"","","",NA,"",-150.21,NA,NA,NA,NA,"",NA,NA,NA,NA,NA,"",2013,NA,NA,"hawaiiensis",NA,NA,NA,"2014-09-12T17:59:25.250Z","5c92a2593ec6fc943b540ef41a54ab9e9e7f8f78",""
"517",NA,NA,NA,NA,NA,NA,"","",NA,NA,"","Holothuria hawaiiensis","Holothuria",NA,NA,NA,NA,NA,"","",NA,NA,NA,"Holothuriidae",NA,NA,NA,NA,"",NA,"Holothuroidea","6ce034a8-0ce6-4927-bc9b-bac7f00f103f",NA,NA,NA,NA,NA,"Saudi Arabia",NA,NA,10,"",NA,"","",NA,NA,"","",NA,NA,NA,NA,"","FLMNH",NA,NA,"",NA,NA,NA,NA,NA,NA,NA,NA,NA,"Invertebrate Zoology",NA,NA,NA,NA,"",NA,"",NA,"","",NA,NA,NA,"",NA,NA,"",NA,NA,NA,NA,NA,NA,"",NA,NA,NA,NA,NA,NA,NA,NA,NA,"","",NA,"","",NA,NA,NA,NA,"","PreservedSpecimen",NA,"",NA,"B04FFA4B-91FC-4692-815C-BCB70527BD7A",NA,NA,"","",NA,NA,NA,"Mike Berumen, Gustav Paulay",NA,NA,"Aspidochirotida","12181-Echinodermata","",NA,NA,"","",NA,"",NA,NA,NA,NA,NA,"Fisher","",NA,NA,NA,NA,NA,NA,"872733a2-67a3-4c54-aa76-862735a5f334",NA,"",NA,"",NA,"",22.2740833333333,NA,"",NA,"",10,"6ce034a8-0ce6-4927-bc9b-bac7f00f103f",NA,NA,"",NA,NA,NA,"DJRS-039","","09/08/2014",NA,NA,"",NA,NA,"","","",NA,"",39.0512,NA,NA,NA,NA,"",NA,NA,NA,NA,NA,"",2012,NA,NA,"hawaiiensis",NA,NA,NA,"2014-09-12T17:43:49.686Z","c3002ab6449a40b35127f0a0a1eba20741040ad9",""
"693",NA,NA,NA,NA,NA,NA,"","",NA,NA,"","Holothuria hawaiiensis","Holothuria",NA,NA,NA,NA,NA,"","",NA,NA,NA,"Holothuriidae",NA,NA,NA,NA,"",NA,"Holothuroidea","0ff8fd93-f4be-43a3-9c58-8a8e6b2c7984",NA,NA,NA,NA,NA,"USA",NA,NA,25,"",NA,"","Oahu Island",NA,NA,"","",NA,NA,NA,NA,"","FLMNH",NA,NA,"",NA,NA,NA,NA,NA,NA,NA,NA,NA,"Invertebrate Zoology",NA,NA,NA,NA,"",NA,"",NA,"","",NA,NA,NA,"",NA,NA,"",NA,NA,NA,NA,NA,NA,"Hawaiian Islands",NA,NA,NA,NA,NA,NA,NA,NA,NA,"","",NA,"","",NA,NA,NA,NA,"","PreservedSpecimen",NA,"",NA,"5D6B0AEF-A46E-409B-B04C-22A587C027ED",NA,NA,"","",NA,NA,NA,"J. Earle, J. Hoover, G. Paulay",NA,NA,"Aspidochirotida","4813-Echinodermata","",NA,NA,"","",NA,"",NA,NA,NA,NA,NA,"Fisher","",NA,NA,NA,NA,NA,NA,"872733a2-67a3-4c54-aa76-862735a5f334",NA,"",NA,"",NA,"",21.2971333333333,NA,"",NA,"",2,"0ff8fd93-f4be-43a3-9c58-8a8e6b2c7984",NA,NA,"",NA,NA,NA,"GP-Loc-854","","09/08/2014",NA,NA,"",NA,NA,"","","",NA,"",-157.929,NA,NA,NA,NA,"",NA,NA,NA,NA,NA,"",2006,NA,NA,"hawaiiensis",NA,NA,NA,"2014-09-12T10:03:27.364Z","adcdba6ff7be213c7a046cf255a49b7edb3a5bc1",""
"734",NA,NA,NA,NA,NA,NA,"","",NA,NA,"","Holothuria hawaiiensis","Holothuria",NA,NA,NA,NA,NA,"","",NA,NA,NA,"Holothuriidae",NA,NA,NA,NA,"",NA,"Holothuroidea","0cae161c-1b6f-4059-9b0d-8350ab1f9bf5",NA,NA,NA,NA,NA,"Australia",NA,NA,14,"",NA,"","",NA,NA,"","",NA,NA,NA,NA,"","FLMNH",NA,NA,"",NA,NA,NA,NA,NA,NA,NA,NA,NA,"Invertebrate Zoology",NA,NA,NA,NA,"",NA,"",NA,"","",NA,NA,NA,"",NA,NA,"",NA,NA,NA,NA,NA,NA,"Queensland",NA,NA,NA,NA,NA,NA,NA,NA,NA,"","",NA,"","",NA,NA,NA,NA,"","PreservedSpecimen",NA,"",NA,"EE28380B-B0EC-4E6D-8923-93A19F929578",NA,NA,"","",NA,NA,NA,"Molly Timmers",NA,NA,"Aspidochirotida","8316-Echinodermata","",NA,NA,"","",NA,"",NA,NA,NA,NA,NA,"Fisher","",NA,NA,NA,NA,NA,NA,"872733a2-67a3-4c54-aa76-862735a5f334",NA,"",NA,"",NA,"",NA,NA,"",NA,"",2,"0cae161c-1b6f-4059-9b0d-8350ab1f9bf5",NA,NA,"",NA,NA,NA,"AUST-ST-044","","09/08/2014",NA,NA,"",NA,NA,"","","",NA,"",NA,NA,NA,NA,NA,"",NA,NA,NA,NA,NA,"",2009,NA,NA,"hawaiiensis",NA,NA,NA,"2014-09-12T09:15:57.173Z","ca65e0d499f1afdd9074c748cea478d03ba064c8",""
"771",NA,NA,NA,NA,NA,NA,"","",NA,NA,"","Holothuria hawaiiensis","Holothuria",NA,NA,NA,NA,NA,"","",NA,NA,NA,"Holothuriidae",NA,NA,NA,NA,"",NA,"Holothuroidea","9e33b7c5-654d-453c-a689-5733ed468dae",NA,NA,NA,NA,NA,"Cook Islands",NA,NA,7,"",NA,"","Mauke Island",NA,NA,"","",NA,NA,NA,NA,"","FLMNH",NA,NA,"",NA,NA,NA,NA,NA,NA,NA,NA,NA,"Invertebrate Zoology",NA,NA,NA,NA,"",NA,"",NA,"","",NA,NA,NA,"",NA,NA,"",NA,NA,NA,NA,NA,NA,"Cook Islands",NA,NA,NA,NA,NA,NA,NA,NA,NA,"","",NA,"","",NA,NA,NA,NA,"","PreservedSpecimen",NA,"",NA,"704E2BD3-2B1B-4346-A955-1DC52BD030DE",NA,NA,"","",NA,NA,NA,"Paulay, G.",NA,NA,"Aspidochirotida","1977-Echinodermata","",NA,NA,"","",NA,"",NA,NA,NA,NA,NA,"Fisher","",NA,NA,NA,NA,NA,NA,"872733a2-67a3-4c54-aa76-862735a5f334",NA,"",NA,"",NA,"",NA,NA,"",NA,"",12,"9e33b7c5-654d-453c-a689-5733ed468dae",NA,NA,"",NA,NA,NA,"HMAK-010A","","09/08/2014",NA,NA,"",NA,NA,"","","",NA,"",NA,NA,NA,NA,NA,"",NA,NA,NA,NA,NA,"",1984,NA,NA,"hawaiiensis",NA,NA,NA,"2014-09-12T15:15:31.592Z","fed9edd21e563968d49f2aef3f53900a0ca12225",""
"1016",NA,NA,NA,NA,NA,NA,"","",NA,NA,"","Holothuria hawaiiensis","Holothuria",NA,NA,NA,NA,NA,"","",NA,NA,NA,"Holothuriidae",NA,NA,NA,NA,"",NA,"Holothuroidea","aaafbe94-faeb-46f3-9b3a-4e898d58dd68",NA,NA,NA,NA,NA,"French Polynesia",NA,NA,23,"",NA,"","Moorea Island",NA,NA,"","",NA,NA,NA,NA,"","FLMNH",NA,NA,"",NA,NA,NA,NA,NA,NA,NA,NA,NA,"Invertebrate Zoology",NA,NA,NA,NA,"",NA,"",NA,"","",NA,NA,NA,"",NA,NA,"",NA,NA,NA,NA,NA,NA,"Society Islands",NA,NA,NA,NA,NA,NA,NA,NA,NA,"","",NA,"","",NA,NA,NA,NA,"","PreservedSpecimen",NA,"",NA,"24BCAD2F-42D4-40C4-B06F-7C9E4A8E78CC",NA,NA,"","",NA,NA,NA,"C. Meyer, S. McKeon, J. Moore, S. Fay, G. Paulay, Albert",NA,NA,"Aspidochirotida","8007-Echinodermata","",NA,NA,"","",NA,"",NA,NA,NA,NA,NA,"Fisher","",NA,NA,NA,NA,NA,NA,"872733a2-67a3-4c54-aa76-862735a5f334",NA,"",NA,"",NA,"",-17.51448,NA,"",NA,"",10,"aaafbe94-faeb-46f3-9b3a-4e898d58dd68",NA,NA,"",NA,NA,NA,"MIB_112","","09/08/2014",NA,NA,"",NA,NA,"","","",NA,"",-149.7616,NA,NA,NA,NA,"",NA,NA,NA,NA,NA,"",2008,NA,NA,"hawaiiensis",NA,NA,NA,"2014-09-12T09:37:54.340Z","9969d76ad43742afd057e81a84f46b00b167bc74",""
"1079",NA,NA,NA,NA,NA,NA,"","",NA,NA,"","Holothuria hawaiiensis","Holothuria",NA,NA,NA,NA,NA,"","",NA,NA,NA,"Holothuriidae",NA,NA,NA,NA,"",NA,"Holothuroidea","7feab9bf-1bc2-4241-b8b7-e9b10cc8787e",NA,NA,NA,NA,NA,"Niue Island",NA,NA,6,"",NA,"","Niue Island",NA,NA,"","",NA,NA,NA,NA,"","FLMNH",NA,NA,"",NA,NA,NA,NA,NA,NA,NA,NA,NA,"Invertebrate Zoology",NA,NA,NA,NA,"",NA,"",NA,"","",NA,NA,NA,"",NA,NA,"",NA,NA,NA,NA,NA,NA,"Niue Island",NA,NA,NA,NA,NA,NA,NA,NA,NA,"","",NA,"","",NA,NA,NA,NA,"","PreservedSpecimen",NA,"",NA,"DB7E5171-6DFA-4FE1-BB92-BF91FFA1EFE5",NA,NA,"","",NA,NA,NA,"",NA,NA,"Aspidochirotida","1881-Echinodermata","",NA,NA,"","",NA,"",NA,NA,NA,NA,NA,"Fisher","",NA,NA,NA,NA,NA,NA,"872733a2-67a3-4c54-aa76-862735a5f334",NA,"",NA,"",NA,"",-19.1,NA,"",NA,"",7,"7feab9bf-1bc2-4241-b8b7-e9b10cc8787e",NA,NA,"",NA,NA,NA,"HNIUE-047","","09/08/2014",NA,NA,"",NA,NA,"","","",NA,"",-169.9,NA,NA,NA,NA,"",NA,NA,NA,NA,NA,"",1986,NA,NA,"hawaiiensis",NA,NA,NA,"2014-09-12T16:07:32.183Z","4d17c664fcd11efc66fd5bae0084727c85701caf",""
"1094",NA,NA,NA,NA,NA,NA,"","",NA,NA,"","Holothuria hawaiiensis","Holothuria",NA,NA,NA,NA,NA,"","",NA,NA,NA,"Holothuriidae",NA,NA,NA,NA,"",NA,"Holothuroidea","cfde1d3e-220e-4f6a-96b2-41784e587953",NA,NA,NA,NA,NA,"USA",NA,NA,2,"",NA,"","Maui Island",NA,NA,"","",NA,NA,NA,NA,"","FLMNH",NA,NA,"",NA,NA,NA,NA,NA,NA,NA,NA,NA,"Invertebrate Zoology",NA,NA,NA,NA,"",NA,"",NA,"","",NA,NA,NA,"",NA,NA,"",NA,NA,NA,NA,NA,NA,"Hawaiian Islands",NA,NA,NA,NA,NA,NA,NA,NA,NA,"","",NA,"","",NA,NA,NA,NA,"","PreservedSpecimen",NA,"",NA,"A0A72034-12D2-4424-B82B-C1E2A911CE68",NA,NA,"","",NA,NA,NA,"Pittman, C.",NA,NA,"Aspidochirotida","56-Echinodermata","",NA,NA,"","",NA,"",NA,NA,NA,NA,NA,"Fisher","",NA,NA,NA,NA,NA,NA,"872733a2-67a3-4c54-aa76-862735a5f334",NA,"",NA,"",NA,"",NA,NA,"",NA,"",8,"cfde1d3e-220e-4f6a-96b2-41784e587953",NA,NA,"",NA,NA,NA,"56-4","","09/08/2014",NA,NA,"",NA,NA,"","","",NA,"",NA,NA,NA,NA,NA,"",NA,NA,NA,NA,NA,"",1,NA,NA,"hawaiiensis",NA,NA,NA,"2014-09-12T18:00:12.155Z","ad8c2f3dee55ce1a7cd3c2184b31f4a212a1bfe4",""
"1154",NA,NA,NA,NA,NA,NA,"","",NA,NA,"","Holothuria hawaiiensis","Holothuria",NA,NA,NA,NA,NA,"","",NA,NA,NA,"Holothuriidae",NA,NA,NA,NA,"",NA,"Holothuroidea","ab1c1dcc-e941-4d12-ac24-0ef37dfaf2e9",NA,NA,NA,NA,NA,"French Polynesia",NA,NA,21,"",NA,"","Moorea Island",NA,NA,"","",NA,NA,NA,NA,"","FLMNH",NA,NA,"",NA,NA,NA,NA,NA,NA,NA,NA,NA,"Invertebrate Zoology",NA,NA,NA,NA,"",NA,"",NA,"","",NA,NA,NA,"",NA,NA,"",NA,NA,NA,NA,NA,NA,"Society Islands",NA,NA,NA,NA,NA,NA,NA,NA,NA,"","",NA,"","",NA,NA,NA,NA,"","PreservedSpecimen",NA,"",NA,"C840F312-A216-4F2E-8A90-9144C76476F8",NA,NA,"","",NA,NA,NA,"S. McKeon, J. Moore, G. Paulay",NA,NA,"Aspidochirotida","8003-Echinodermata","",NA,NA,"","",NA,"",NA,NA,NA,NA,NA,"Fisher","",NA,NA,NA,NA,NA,NA,"872733a2-67a3-4c54-aa76-862735a5f334",NA,"",NA,"",NA,"",-17.57789,NA,"",NA,"",10,"ab1c1dcc-e941-4d12-ac24-0ef37dfaf2e9",NA,NA,"",NA,NA,NA,"MIB_093","","09/08/2014",NA,NA,"",NA,NA,"","","",NA,"",-149.87683,NA,NA,NA,NA,"",NA,NA,NA,NA,NA,"",2008,NA,NA,"hawaiiensis",NA,NA,NA,"2014-09-12T14:04:17.485Z","e62848b4cdda814b7ab5dc6d973a0be1a44f7601",""
"1160",NA,NA,NA,NA,NA,NA,"","",NA,NA,"","Holothuria hawaiiensis","Holothuria",NA,NA,NA,NA,NA,"","",NA,NA,NA,"Holothuriidae",NA,NA,NA,NA,"",NA,"Holothuroidea","cd2401f2-44db-4503-bc53-5c39ab0df1c2",NA,NA,NA,NA,NA,"French Polynesia",NA,NA,2,"",NA,"","Moorea Island",NA,NA,"","",NA,NA,NA,NA,"","FLMNH",NA,NA,"",NA,NA,NA,NA,NA,NA,NA,NA,NA,"Invertebrate Zoology",NA,NA,NA,NA,"",NA,"",NA,"","",NA,NA,NA,"",NA,NA,"",NA,NA,NA,NA,NA,NA,"Society Islands",NA,NA,NA,NA,NA,NA,NA,NA,NA,"","",NA,"","",NA,NA,NA,NA,"","PreservedSpecimen",NA,"",NA,"54ACBC81-49E6-4B2F-8960-E31E01A31674",NA,NA,"","",NA,NA,NA,"Christian McKeon, Chris Meyer, Gustav Paulay",NA,NA,"Aspidochirotida","5264-Echinodermata","",NA,NA,"","",NA,"",NA,NA,NA,NA,NA,"Fisher","",NA,NA,NA,NA,NA,NA,"872733a2-67a3-4c54-aa76-862735a5f334",NA,"",NA,"",NA,"",-17.4842,NA,"",NA,"",8,"cd2401f2-44db-4503-bc53-5c39ab0df1c2",NA,NA,"",NA,NA,NA,"GP-Loc-896","","09/08/2014",NA,NA,"",NA,NA,"","","",NA,"",-149.8578,NA,NA,NA,NA,"",NA,NA,NA,NA,NA,"",2006,NA,NA,"hawaiiensis",NA,NA,NA,"2014-09-12T14:17:10.701Z","0dc4849bd32eaf69e582b3dff81f54415f661369",""
"1275",NA,NA,NA,NA,NA,NA,"","",NA,NA,"","Holothuria hawaiiensis","Holothuria",NA,NA,NA,NA,NA,"","",NA,NA,NA,"Holothuriidae",NA,NA,NA,NA,"",NA,"Holothuroidea","6afda544-4543-4d05-8956-5595ddc549ae",NA,NA,NA,NA,NA,"USA",NA,NA,4,"",NA,"","Hawaii",NA,NA,"","",NA,NA,NA,NA,"","FLMNH",NA,NA,"",NA,NA,NA,NA,NA,NA,NA,NA,NA,"Invertebrate Zoology",NA,NA,NA,NA,"",NA,"",NA,"","",NA,NA,NA,"",NA,NA,"",NA,NA,NA,NA,NA,NA,"Hawaiian Islands",NA,NA,NA,NA,NA,NA,NA,NA,NA,"","",NA,"","",NA,NA,NA,NA,"","PreservedSpecimen",NA,"",NA,"44A38F00-1CCB-498E-B2AF-38CB446E4FE4",NA,NA,"","",NA,NA,NA,"Paulay, G.",NA,NA,"Aspidochirotida","1764-Echinodermata","",NA,NA,"","",NA,"",NA,NA,NA,NA,NA,"Fisher","",NA,NA,NA,NA,NA,NA,"872733a2-67a3-4c54-aa76-862735a5f334",NA,"",NA,"",NA,"",19.4769166666667,NA,"",NA,"",11,"6afda544-4543-4d05-8956-5595ddc549ae",NA,NA,"",NA,NA,NA,"BHAW-007","","09/08/2014",NA,NA,"",NA,NA,"","","",NA,"",-155.939861111111,NA,NA,NA,NA,"",NA,NA,NA,NA,NA,"",1997,NA,NA,"hawaiiensis",NA,NA,NA,"2014-09-12T16:34:56.892Z","8f6a9ffd2b3cf7b21734b37f414a523e9e56f7ef",""
"1282",NA,NA,NA,NA,NA,NA,"","",NA,NA,"","Holothuria hawaiiensis","Holothuria",NA,NA,NA,NA,NA,"","",NA,NA,NA,"Holothuriidae",NA,NA,NA,NA,"",NA,"Holothuroidea","92c23708-a993-4336-bd82-089d15f1963c",NA,NA,NA,NA,NA,"French Polynesia",NA,NA,10,"",NA,"","Rangiroa Atoll",NA,NA,"","",NA,NA,NA,NA,"","FLMNH",NA,NA,"",NA,NA,NA,NA,NA,NA,NA,NA,NA,"Invertebrate Zoology",NA,NA,NA,NA,"",NA,"",NA,"","",NA,NA,NA,"",NA,NA,"",NA,NA,NA,NA,NA,NA,"Tuamotu Islands",NA,NA,NA,NA,NA,NA,NA,NA,NA,"","",NA,"","",NA,NA,NA,NA,"","PreservedSpecimen",NA,"",NA,"49FFA9D7-6411-499C-AB78-6683C14F52EC",NA,NA,"","",NA,NA,NA,"Paulay, G.",NA,NA,"Aspidochirotida","634-Echinodermata","",NA,NA,"","",NA,"",NA,NA,NA,NA,NA,"Fisher","",NA,NA,NA,NA,NA,NA,"872733a2-67a3-4c54-aa76-862735a5f334",NA,"",NA,"",NA,"",-14.9833333333333,NA,"",NA,"",10,"92c23708-a993-4336-bd82-089d15f1963c",NA,NA,"",NA,NA,NA,"BRNG-010","","09/08/2014",NA,NA,"",NA,NA,"","","",NA,"",-147.616666666667,NA,NA,NA,NA,"",NA,NA,NA,NA,NA,"",2001,NA,NA,"hawaiiensis",NA,NA,NA,"2014-09-12T16:01:57.393Z","ff81f9ab5085110a6d453c0c05b76c7115f17355",""
"1391",NA,NA,NA,NA,NA,NA,"","",NA,NA,"","Holothuria hawaiiensis","Holothuria",NA,NA,NA,NA,NA,"","",NA,NA,NA,"Holothuriidae",NA,NA,NA,NA,"",NA,"Holothuroidea","c1975219-1423-4dff-96a2-f974f490c170",NA,NA,NA,NA,NA,"Japan",NA,NA,18,"",NA,"","Okinawa",NA,NA,"","",NA,NA,NA,NA,"","FLMNH",NA,NA,"",NA,NA,NA,NA,NA,NA,NA,NA,NA,"Invertebrate Zoology",NA,NA,NA,NA,"",NA,"",NA,"","",NA,NA,NA,"",NA,NA,"",NA,NA,NA,NA,NA,NA,"Ryukyus",NA,NA,NA,NA,NA,NA,NA,NA,NA,"","",NA,"","",NA,NA,NA,NA,"","PreservedSpecimen",NA,"",NA,"AAAF3306-3BD4-4517-A9AD-BA812E787664",NA,NA,"","",NA,NA,NA,"Yoshida Ryuta",NA,NA,"Aspidochirotida","10998-Echinodermata","",NA,NA,"","",NA,"",NA,NA,NA,NA,NA,"Fisher","",NA,NA,NA,NA,NA,NA,"872733a2-67a3-4c54-aa76-862735a5f334",NA,"",NA,"",NA,"",26.166321,NA,"",NA,"",5,"c1975219-1423-4dff-96a2-f974f490c170",NA,NA,"",NA,NA,NA,"FMOK11-St-27","","09/08/2014",NA,NA,"",NA,NA,"","","",NA,"",127.649636,NA,NA,NA,NA,"",NA,NA,NA,NA,NA,"",2011,NA,NA,"hawaiiensis",NA,NA,NA,"2014-09-12T12:00:29.439Z","8ada18ea6abbb11d74dc0f402b7bf4b268dc7576",""
"1405",NA,NA,NA,NA,NA,NA,"","",NA,NA,"","Holothuria hawaiiensis","Holothuria",NA,NA,NA,NA,NA,"","",NA,NA,NA,"Holothuriidae",NA,NA,NA,NA,"",NA,"Holothuroidea","c207bfd4-ebe8-442f-bbe9-b320da8ba8e1",NA,NA,NA,NA,NA,"USA",NA,NA,22,"",NA,"","Guam Island",NA,NA,"","",NA,NA,NA,NA,"","FLMNH",NA,NA,"",NA,NA,NA,NA,NA,NA,NA,NA,NA,"Invertebrate Zoology",NA,NA,NA,NA,"",NA,"",NA,"","",NA,NA,NA,"",NA,NA,"",NA,NA,NA,NA,NA,NA,"Mariana Islands",NA,NA,NA,NA,NA,NA,NA,NA,NA,"","",NA,"","",NA,NA,NA,NA,"","PreservedSpecimen",NA,"",NA,"0B67626F-1C0E-4A76-80C8-8114313A1E6C",NA,NA,"","",NA,NA,NA,"Kirkendale, L.",NA,NA,"Aspidochirotida","250-Echinodermata","",NA,NA,"","",NA,"",NA,NA,NA,NA,NA,"Fisher","",NA,NA,NA,NA,NA,NA,"872733a2-67a3-4c54-aa76-862735a5f334",NA,"",NA,"",NA,"",13.5,NA,"",NA,"",8,"c207bfd4-ebe8-442f-bbe9-b320da8ba8e1",NA,NA,"",NA,NA,NA,"ZZZ-085799","","09/08/2014",NA,NA,"",NA,NA,"","","",NA,"",144.8,NA,NA,NA,NA,"",NA,NA,NA,NA,NA,"",1984,NA,NA,"hawaiiensis",NA,NA,NA,"2014-09-12T13:57:22.140Z","fa24edfe6a182381d1aa98e4609e6c3925d91066",""
"1422",NA,NA,NA,NA,NA,NA,"","",NA,NA,"","Holothuria hawaiiensis","Holothuria",NA,NA,NA,NA,NA,"","",NA,NA,NA,"Holothuriidae",NA,NA,NA,NA,"",NA,"Holothuroidea","e10c8733-74b1-4c01-a744-bbca89a30617",NA,NA,NA,NA,NA,"French Polynesia",NA,NA,27,"",NA,"","Nuku Hiva",NA,NA,"","",NA,NA,NA,NA,"","FLMNH",NA,NA,"",NA,NA,NA,NA,NA,NA,NA,NA,NA,"Invertebrate Zoology",NA,NA,NA,NA,"",NA,"",NA,"","",NA,NA,NA,"",NA,NA,"",NA,NA,NA,NA,NA,NA,"Marquesas Islands",NA,NA,NA,NA,NA,NA,NA,NA,NA,"","",NA,"","",NA,NA,NA,NA,"","PreservedSpecimen",NA,"",NA,"A050F13C-34FF-484A-AC85-F7D15C94EC85",NA,NA,"","",NA,NA,NA,"Nathaniel Evans, Serge Andrefouet, Francesca Benzoni, Jean-Louis Menou, Marco Olivirio, Claude Payri",NA,NA,"Aspidochirotida","11218-Echinodermata","",NA,NA,"","",NA,"",NA,NA,NA,NA,NA,"Fisher","",NA,NA,NA,NA,NA,NA,"872733a2-67a3-4c54-aa76-862735a5f334",NA,"",NA,"",NA,"",-8.80868333333333,NA,"",NA,"",11,"e10c8733-74b1-4c01-a744-bbca89a30617",NA,NA,"",NA,NA,NA,"MQ012","","09/08/2014",NA,NA,"",NA,NA,"","","",NA,"",-140.049083333333,NA,NA,NA,NA,"",NA,NA,NA,NA,NA,"",2011,NA,NA,"hawaiiensis",NA,NA,NA,"2014-09-12T14:49:39.048Z","8056fdb289d4f4fa77311cf2b03ee3906c6b0699",""
"1438",NA,NA,NA,NA,NA,NA,"","",NA,NA,"","Holothuria hawaiiensis","Holothuria",NA,NA,NA,NA,NA,"","",NA,NA,NA,"Holothuriidae",NA,NA,NA,NA,"",NA,"Holothuroidea","2bba39a7-9a91-4bc3-b920-854c067610b9",NA,NA,NA,NA,NA,"Japan",NA,NA,7,"",NA,"","",NA,NA,"","",NA,NA,NA,NA,"","FLMNH",NA,NA,"",NA,NA,NA,NA,NA,NA,NA,NA,NA,"Invertebrate Zoology",NA,NA,NA,NA,"",NA,"",NA,"","",NA,NA,NA,"",NA,NA,"",NA,NA,NA,NA,NA,NA,"Okinawa",NA,NA,NA,NA,NA,NA,NA,NA,NA,"","",NA,"","",NA,NA,NA,NA,"","PreservedSpecimen",NA,"",NA,"D3A9CCFB-720F-46ED-B2DE-758889FCA30E",NA,NA,"","",NA,NA,NA,"Paulay, G. & Kinjo",NA,NA,"Aspidochirotida","3885-Echinodermata","",NA,NA,"","",NA,"",NA,NA,NA,NA,NA,"Fisher","",NA,NA,NA,NA,NA,NA,"872733a2-67a3-4c54-aa76-862735a5f334",NA,"",NA,"",NA,"",26.7245666666667,NA,"",NA,"",7,"2bba39a7-9a91-4bc3-b920-854c067610b9",NA,NA,"",NA,NA,NA,"GP-Loc-794","","09/08/2014",NA,NA,"",NA,NA,"","","",NA,"",127.83165,NA,NA,NA,NA,"",NA,NA,NA,NA,NA,"",2004,NA,NA,"hawaiiensis",NA,NA,NA,"2014-09-12T17:56:22.011Z","a37573e3af9a74669f65d9eaf518e27a3c6cd504",""
"1458",NA,NA,NA,NA,NA,NA,"","",NA,NA,"","Holothuria hawaiiensis","Holothuria",NA,NA,NA,NA,NA,"en","",NA,1,NA,"Holothuriidae",NA,NA,NA,NA,"1902-04-14 00:00:00.0",NA,"","a3d90a7c-defd-4194-abc4-8ee03d3e661e",NA,NA,NA,NA,NA,"United States",NA,NA,14,"",NA,"","",NA,NA,"1907-01-01 00:00:00.0","75% EtOH",NA,NA,NA,NA,"Fisher, W. K. 1907. Proc. of the USNM 32(1555):668.","CAS",NA,NA,"",NA,NA,NA,NA,NA,NA,NA,NA,NA,"IZ",NA,NA,NA,NA,"Animalia",NA,"",NA,"ECHINODERMATA","",NA,NA,NA,"",NA,NA,"",NA,NA,NA,NA,NA,NA,"Hawaii",NA,NA,NA,NA,NA,NA,NA,NA,NA,"","PARATYPE",NA,"","",NA,NA,NA,NA,"","PreservedSpecimen",NA,"",NA,"urn:catalog:CAS:IZ:21358",NA,NA,"","",NA,NA,NA,"U.S.F.C. Str. ""Albatross""",NA,NA,"","21358.0","",NA,NA,"","",NA,"14 Apr 1902",NA,NA,NA,NA,NA,"Fisher, 1907","",NA,NA,NA,NA,NA,104,"872733a2-67a3-4c54-aa76-862735a5f334",NA,"Animalia: ECHINODERMATA: HOLOTHUROIDEA: ASPIDOCHIROTIA: ASPIDOCHIROTIDA: Holothuriidae",NA,"Lahaina Light, Maui, N. 6045', E. 1.6. DEPTH: 28-43 fms. BOTTOM:  sand, gravel [Sta. 3876]",NA,"Walter K. Fisher",NA,NA,"",NA,"PhysicalObject",4,"a3d90a7c-defd-4194-abc4-8ee03d3e661e",NA,NA,"",NA,NA,NA,"","HAWAII: Auau Channel: between Maui and Lanai","",NA,NA,"",NA,NA,"","","",NA,"",NA,NA,NA,NA,NA,"",NA,NA,NA,NA,NA,"",1902,NA,NA,"hawaiiensis",NA,NA,NA,"2014-03-20T20:28:21.490Z","79caeca5a1e02e10b11fa4bf869fc08a5a8245dc",""
"1656",NA,NA,NA,NA,NA,NA,"","",NA,NA,"","Holothuria hawaiiensis","Holothuria",NA,NA,NA,NA,NA,"","",NA,NA,NA,"Holothuriidae",NA,NA,NA,NA,"",NA,"Holothuroidea","c509538a-a2b2-4b38-9f71-37ade1e024dc",NA,NA,NA,NA,NA,"New Caledonia",NA,NA,13,"",NA,"","",NA,NA,"","",NA,NA,NA,NA,"","FLMNH",NA,NA,"",NA,NA,NA,NA,NA,NA,NA,NA,NA,"Invertebrate Zoology",NA,NA,NA,NA,"",NA,"",NA,"","",NA,NA,NA,"",NA,NA,"",NA,NA,NA,NA,NA,NA,"New Caledonia",NA,NA,NA,NA,NA,NA,NA,NA,NA,"","",NA,"","",NA,NA,NA,NA,"","PreservedSpecimen",NA,"",NA,"D8800923-5D68-4A52-B620-B876A1D92D1A",NA,NA,"","",NA,NA,NA,"Paulay, G.",NA,NA,"Aspidochirotida","1748-Echinodermata","",NA,NA,"","",NA,"",NA,NA,NA,NA,NA,"Fisher","",NA,NA,NA,NA,NA,NA,"872733a2-67a3-4c54-aa76-862735a5f334",NA,"",NA,"",NA,"",NA,NA,"",NA,"",1,"c509538a-a2b2-4b38-9f71-37ade1e024dc",NA,NA,"",NA,NA,NA,"BNEC-006","","09/08/2014",NA,NA,"",NA,NA,"","","",NA,"",NA,NA,NA,NA,NA,"",NA,NA,NA,NA,NA,"",1999,NA,NA,"hawaiiensis",NA,NA,NA,"2014-09-12T14:44:05.607Z","c6180530485c5c7200db9d1e5a9fbe24469d665a",""
"1667",NA,NA,NA,NA,NA,NA,"","",NA,NA,"","Holothuria hawaiiensis","Holothuria",NA,NA,NA,NA,NA,"","",NA,NA,NA,"Holothuriidae",NA,NA,NA,NA,"",NA,"Holothuroidea","e98f5038-9bad-45ef-8e55-8de2abd1f574",NA,NA,NA,NA,NA,"French Polynesia",NA,NA,10,"",NA,"","Tikehau Atoll",NA,NA,"","",NA,NA,NA,NA,"","FLMNH",NA,NA,"",NA,NA,NA,NA,NA,NA,NA,NA,NA,"Invertebrate Zoology",NA,NA,NA,NA,"",NA,"",NA,"","",NA,NA,NA,"",NA,NA,"",NA,NA,NA,NA,NA,NA,"Tuamotu Islands",NA,NA,NA,NA,NA,NA,NA,NA,NA,"","",NA,"","",NA,NA,NA,NA,"","PreservedSpecimen",NA,"",NA,"6A965DA5-B387-49BA-B290-416D224E483C",NA,NA,"","",NA,NA,NA,"Paulay, G.",NA,NA,"Aspidochirotida","573-Echinodermata","",NA,NA,"","",NA,"",NA,NA,NA,NA,NA,"Fisher","",NA,NA,NA,NA,NA,NA,"872733a2-67a3-4c54-aa76-862735a5f334",NA,"",NA,"",NA,"",-15.133333,NA,"",NA,"",6,"e98f5038-9bad-45ef-8e55-8de2abd1f574",NA,NA,"",NA,NA,NA,"BTIK-002","","09/08/2014",NA,NA,"",NA,NA,"","","",NA,"",-148.233333,NA,NA,NA,NA,"",NA,NA,NA,NA,NA,"",2001,NA,NA,"hawaiiensis",NA,NA,NA,"2014-09-12T13:41:19.254Z","a5afafb468864544990d807a58cb6f2bb5fddb94",""
"1709",NA,NA,NA,NA,NA,NA,"","",NA,NA,"","Holothuria hawaiiensis","Holothuria",NA,NA,NA,NA,NA,"","",NA,NA,NA,"Holothuriidae",NA,NA,NA,NA,"",NA,"Holothuroidea","d74bb9db-bf5b-4bac-8de3-77463354dcb5",NA,NA,NA,NA,NA,"Cook Islands",NA,NA,NA,"",NA,"","Rarotonga Island",NA,NA,"","",NA,NA,NA,NA,"","FLMNH",NA,NA,"",NA,NA,NA,NA,NA,NA,NA,NA,NA,"Invertebrate Zoology",NA,NA,NA,NA,"",NA,"",NA,"","",NA,NA,NA,"",NA,NA,"",NA,NA,NA,NA,NA,NA,"Cook Islands",NA,NA,NA,NA,NA,NA,NA,NA,NA,"","",NA,"","",NA,NA,NA,NA,"","PreservedSpecimen",NA,"",NA,"CC27C4DB-74C1-4114-B549-8E7811A6F704",NA,NA,"","",NA,NA,NA,"",NA,NA,"Aspidochirotida","1879-Echinodermata","",NA,NA,"","",NA,"",NA,NA,NA,NA,NA,"Fisher","",NA,NA,NA,NA,NA,NA,"872733a2-67a3-4c54-aa76-862735a5f334",NA,"",NA,"",NA,"",-21.2,NA,"",NA,"",NA,"d74bb9db-bf5b-4bac-8de3-77463354dcb5",NA,NA,"",NA,NA,NA,"HRAR-030-2","","09/08/2014",NA,NA,"",NA,NA,"","","",NA,"",-159.8,NA,NA,NA,NA,"",NA,NA,NA,NA,NA,"",NA,NA,NA,"hawaiiensis",NA,NA,NA,"2014-09-12T17:31:10.105Z","f0eeace451b2f1ca8303f80a5ff12eb4018f0593",""
"1713",NA,NA,NA,NA,NA,NA,"","",NA,NA,"","Holothuria hawaiiensis","Holothuria",NA,NA,NA,NA,NA,"","",NA,NA,NA,"Holothuriidae",NA,NA,NA,NA,"",NA,"Holothuroidea","42d3c366-0303-4786-a07a-903456b6e68e",NA,NA,NA,NA,NA,"USA",NA,NA,1,"",NA,"","Guam Island",NA,NA,"","",NA,NA,NA,NA,"","FLMNH",NA,NA,"",NA,NA,NA,NA,NA,NA,NA,NA,NA,"Invertebrate Zoology",NA,NA,NA,NA,"",NA,"",NA,"","",NA,NA,NA,"",NA,NA,"",NA,NA,NA,NA,NA,NA,"Mariana Islands",NA,NA,NA,NA,NA,NA,NA,NA,NA,"","",NA,"","",NA,NA,NA,NA,"","PreservedSpecimen",NA,"",NA,"7C78F3C5-2D31-4A51-8F13-37943ECAF184",NA,NA,"","",NA,NA,NA,"Conley, H. T. & Thomas, C.",NA,NA,"Aspidochirotida","2707-Echinodermata","",NA,NA,"","",NA,"",NA,NA,NA,NA,NA,"Fisher","",NA,NA,NA,NA,NA,NA,"872733a2-67a3-4c54-aa76-862735a5f334",NA,"",NA,"",NA,"",13.5,NA,"",NA,"",8,"42d3c366-0303-4786-a07a-903456b6e68e",NA,NA,"",NA,NA,NA,"ZZZ-090399","","09/08/2014",NA,NA,"",NA,NA,"","","",NA,"",144.8,NA,NA,NA,NA,"",NA,NA,NA,NA,NA,"",1993,NA,NA,"hawaiiensis",NA,NA,NA,"2014-09-12T18:24:27.364Z","d9b12a5e7970a66b1af299179785f41a4bcd0dcd",""
"1860",NA,NA,NA,NA,NA,NA,"","",NA,NA,"","Holothuria hawaiiensis","Holothuria",NA,NA,NA,NA,NA,"","",NA,NA,NA,"Holothuriidae",NA,NA,NA,NA,"",NA,"Holothuroidea","8c815231-5c75-4187-a813-3750500c284b",NA,NA,NA,NA,NA,"French Polynesia",NA,NA,10,"",NA,"","Rangiroa Atoll",NA,NA,"","",NA,NA,NA,NA,"","FLMNH",NA,NA,"",NA,NA,NA,NA,NA,NA,NA,NA,NA,"Invertebrate Zoology",NA,NA,NA,NA,"",NA,"",NA,"","",NA,NA,NA,"",NA,NA,"",NA,NA,NA,NA,NA,NA,"Tuamotu Islands",NA,NA,NA,NA,NA,NA,NA,NA,NA,"","",NA,"","",NA,NA,NA,NA,"","PreservedSpecimen",NA,"",NA,"414E59B8-CACF-4300-A49C-AEDCEAE54D67",NA,NA,"","",NA,NA,NA,"Paulay, G.",NA,NA,"Aspidochirotida","624-Echinodermata","",NA,NA,"","",NA,"",NA,NA,NA,NA,NA,"Fisher","",NA,NA,NA,NA,NA,NA,"872733a2-67a3-4c54-aa76-862735a5f334",NA,"",NA,"",NA,"",-14.9551666666667,NA,"",NA,"",10,"8c815231-5c75-4187-a813-3750500c284b",NA,NA,"",NA,NA,NA,"BRNG-014","","09/08/2014",NA,NA,"",NA,NA,"","","",NA,"",-147.7105,NA,NA,NA,NA,"",NA,NA,NA,NA,NA,"",2001,NA,NA,"hawaiiensis",NA,NA,NA,"2014-09-12T12:05:59.255Z","bc2193f8c9d4a892ede2912df1bc33fb17adf3e7",""
"1866",NA,NA,NA,NA,NA,NA,"","",NA,NA,"","Holothuria hawaiiensis","Holothuria",NA,NA,NA,NA,NA,"","",NA,NA,NA,"Holothuriidae",NA,NA,NA,NA,"",NA,"Holothuroidea","8f999451-fde8-40c4-9be6-da8a4f411932",NA,NA,NA,NA,NA,"Niue Island",NA,NA,24,"",NA,"","Niue Island",NA,NA,"","",NA,NA,NA,NA,"","FLMNH",NA,NA,"",NA,NA,NA,NA,NA,NA,NA,NA,NA,"Invertebrate Zoology",NA,NA,NA,NA,"",NA,"",NA,"","",NA,NA,NA,"",NA,NA,"",NA,NA,NA,NA,NA,NA,"Niue Island",NA,NA,NA,NA,NA,NA,NA,NA,NA,"","",NA,"","",NA,NA,NA,NA,"","PreservedSpecimen",NA,"",NA,"1DE8B04A-3C2B-469A-88E7-7EEFAFA04F04",NA,NA,"","",NA,NA,NA,"Holthuis, B. & Paulay, G.",NA,NA,"Aspidochirotida","1659-Echinodermata","",NA,NA,"","",NA,"",NA,NA,NA,NA,NA,"Fisher","",NA,NA,NA,NA,NA,NA,"872733a2-67a3-4c54-aa76-862735a5f334",NA,"",NA,"",NA,"",-19.1,NA,"",NA,"",10,"8f999451-fde8-40c4-9be6-da8a4f411932",NA,NA,"",NA,NA,NA,"BNIUE-400","","09/08/2014",NA,NA,"",NA,NA,"","","",NA,"",-169.9,NA,NA,NA,NA,"",NA,NA,NA,NA,NA,"",91,NA,NA,"hawaiiensis",NA,NA,NA,"2014-09-12T11:38:13.429Z","8b934236b60158af3941148a670847403f3f8530",""
"1920",NA,NA,NA,NA,NA,NA,"","",NA,NA,"","Holothuria hawaiiensis","Holothuria",NA,NA,NA,NA,NA,"","",NA,NA,NA,"Holothuriidae",NA,NA,NA,NA,"",NA,"Holothuroidea","0e938497-9504-4075-8f91-460d49a59839",NA,NA,NA,NA,NA,"USA",NA,NA,2,"",NA,"","Maui Island",NA,NA,"","",NA,NA,NA,NA,"","FLMNH",NA,NA,"",NA,NA,NA,NA,NA,NA,NA,NA,NA,"Invertebrate Zoology",NA,NA,NA,NA,"",NA,"",NA,"","",NA,NA,NA,"",NA,NA,"",NA,NA,NA,NA,NA,NA,"Hawaiian Islands",NA,NA,NA,NA,NA,NA,NA,NA,NA,"","",NA,"","",NA,NA,NA,NA,"","PreservedSpecimen",NA,"",NA,"04607E6E-1D18-4A79-84DF-537C8A638717",NA,NA,"","",NA,NA,NA,"Pittman, C.",NA,NA,"Aspidochirotida","1273-Echinodermata","",NA,NA,"","",NA,"",NA,NA,NA,NA,NA,"Fisher","",NA,NA,NA,NA,NA,NA,"872733a2-67a3-4c54-aa76-862735a5f334",NA,"",NA,"",NA,"",NA,NA,"",NA,"",12,"0e938497-9504-4075-8f91-460d49a59839",NA,NA,"",NA,NA,NA,"ZZZ-087876","","09/08/2014",NA,NA,"",NA,NA,"","","",NA,"",NA,NA,NA,NA,NA,"",NA,NA,NA,NA,NA,"",2002,NA,NA,"hawaiiensis",NA,NA,NA,"2014-09-12T09:53:40.094Z","d715d643ffb96075efeaf11e49361fba2b5f427b",""
"2125",NA,NA,NA,NA,NA,NA,"","",NA,NA,"","Holothuria hawaiiensis","Holothuria",NA,NA,NA,NA,NA,"","",NA,NA,NA,"Holothuriidae",NA,NA,NA,NA,"",NA,"Holothuroidea","a48084d4-608d-4cf0-a023-96f94ea3ac26",NA,NA,NA,NA,NA,"USA",NA,NA,19,"",NA,"","Guam Island",NA,NA,"","",NA,NA,NA,NA,"","FLMNH",NA,NA,"",NA,NA,NA,NA,NA,NA,NA,NA,NA,"Invertebrate Zoology",NA,NA,NA,NA,"",NA,"",NA,"","",NA,NA,NA,"",NA,NA,"",NA,NA,NA,NA,NA,NA,"Mariana Islands",NA,NA,NA,NA,NA,NA,NA,NA,NA,"","",NA,"","",NA,NA,NA,NA,"","PreservedSpecimen",NA,"",NA,"6BCCF96C-CC0D-4A06-B904-73721E47824E",NA,NA,"","",NA,NA,NA,"François Michonneau",NA,NA,"Aspidochirotida","7119-Echinodermata","",NA,NA,"","",NA,"",NA,NA,NA,NA,NA,"Fisher","",NA,NA,NA,NA,NA,NA,"872733a2-67a3-4c54-aa76-862735a5f334",NA,"",NA,"",NA,"",13.595907,NA,"",NA,"",3,"a48084d4-608d-4cf0-a023-96f94ea3ac26",NA,NA,"",NA,NA,NA,"FM-St-GU08-10","","09/08/2014",NA,NA,"",NA,NA,"","","",NA,"",144.834743,NA,NA,NA,NA,"",NA,NA,NA,NA,NA,"",2008,NA,NA,"hawaiiensis",NA,NA,NA,"2014-09-12T12:13:36.310Z","890e6fa8ce90bfdb8d22815044964a1a3e501548",""
"2158",NA,NA,NA,NA,NA,NA,"","",NA,NA,"","Holothuria hawaiiensis","Holothuria",NA,NA,NA,NA,NA,"","",NA,NA,NA,"Holothuriidae",NA,NA,NA,NA,"",NA,"Holothuroidea","555c6d49-5672-4e4c-b63e-c440a65b210b",NA,NA,NA,NA,NA,"Niue Island",NA,NA,17,"",NA,"","Niue Island",NA,NA,"","",NA,NA,NA,NA,"","FLMNH",NA,NA,"",NA,NA,NA,NA,NA,NA,NA,NA,NA,"Invertebrate Zoology",NA,NA,NA,NA,"",NA,"",NA,"","",NA,NA,NA,"",NA,NA,"",NA,NA,NA,NA,NA,NA,"Niue Island",NA,NA,NA,NA,NA,NA,NA,NA,NA,"","",NA,"","",NA,NA,NA,NA,"","PreservedSpecimen",NA,"",NA,"4280DCEE-AB7A-4BDC-924F-E6FA6531AA75",NA,NA,"","",NA,NA,NA,"Paulay, G.",NA,NA,"Aspidochirotida","1885-Echinodermata","",NA,NA,"","",NA,"",NA,NA,NA,NA,NA,"Fisher","",NA,NA,NA,NA,NA,NA,"872733a2-67a3-4c54-aa76-862735a5f334",NA,"",NA,"",NA,"",-19.1,NA,"",NA,"",5,"555c6d49-5672-4e4c-b63e-c440a65b210b",NA,NA,"",NA,NA,NA,"HNIUE-004","","09/08/2014",NA,NA,"",NA,NA,"","","",NA,"",-169.9,NA,NA,NA,NA,"",NA,NA,NA,NA,NA,"",1986,NA,NA,"hawaiiensis",NA,NA,NA,"2014-09-12T11:45:25.489Z","74370b97c67c73ebc6261d794aab2b8379b1063d",""
"2329",NA,NA,NA,NA,NA,NA,"","",NA,NA,"","Holothuria hawaiiensis","Holothuria",NA,NA,NA,NA,NA,"","",NA,NA,NA,"Holothuriidae",NA,NA,NA,NA,"",NA,"Holothuroidea","23735fc2-a901-4bf5-9fc9-e6ba4bae34aa",NA,NA,NA,NA,NA,"Federated States of Micronesia",NA,NA,NA,"",NA,"","Pohnpei Island",NA,NA,"","",NA,NA,NA,NA,"","FLMNH",NA,NA,"",NA,NA,NA,NA,NA,NA,NA,NA,NA,"Invertebrate Zoology",NA,NA,NA,NA,"",NA,"",NA,"","",NA,NA,NA,"",NA,NA,"",NA,NA,NA,NA,NA,NA,"Caroline Islands",NA,NA,NA,NA,NA,NA,NA,NA,NA,"","",NA,"","",NA,NA,NA,NA,"","PreservedSpecimen",NA,"",NA,"7C1BC291-91A0-4FF3-B249-029098764864",NA,NA,"","",NA,NA,NA,"Starmer, J.",NA,NA,"Aspidochirotida","3303-Echinodermata","",NA,NA,"","",NA,"",NA,NA,NA,NA,NA,"Fisher","",NA,NA,NA,NA,NA,NA,"872733a2-67a3-4c54-aa76-862735a5f334",NA,"",NA,"",NA,"",7,NA,"",NA,"",NA,"23735fc2-a901-4bf5-9fc9-e6ba4bae34aa",NA,NA,"",NA,NA,NA,"JAS-PON-088","","09/08/2014",NA,NA,"",NA,NA,"","","",NA,"",158.2,NA,NA,NA,NA,"",NA,NA,NA,NA,NA,"",NA,NA,NA,"hawaiiensis",NA,NA,NA,"2014-09-12T18:48:56.292Z","1be995d8448990a0193c2c99787689ac395183bc",""
"2485",NA,NA,NA,NA,NA,NA,"","",NA,NA,"","Holothuria hawaiiensis","Holothuria",NA,NA,NA,NA,NA,"","",NA,NA,NA,"Holothuriidae",NA,NA,NA,NA,"",NA,"Holothuroidea","99ed3605-9772-470b-9146-5b7149e47094",NA,NA,NA,NA,NA,"Niue Island",NA,NA,17,"",NA,"","Niue Island",NA,NA,"","",NA,NA,NA,NA,"","FLMNH",NA,NA,"",NA,NA,NA,NA,NA,NA,NA,NA,NA,"Invertebrate Zoology",NA,NA,NA,NA,"",NA,"",NA,"","",NA,NA,NA,"",NA,NA,"",NA,NA,NA,NA,NA,NA,"Niue Island",NA,NA,NA,NA,NA,NA,NA,NA,NA,"","",NA,"","",NA,NA,NA,NA,"","PreservedSpecimen",NA,"",NA,"B8C7CAD7-9044-4FA3-9459-F5AD4FDD9C82",NA,NA,"","",NA,NA,NA,"Holthuis, B. & Paulay, G.",NA,NA,"Aspidochirotida","1719-Echinodermata","",NA,NA,"","",NA,"",NA,NA,NA,NA,NA,"Fisher","",NA,NA,NA,NA,NA,NA,"872733a2-67a3-4c54-aa76-862735a5f334",NA,"",NA,"",NA,"",-19.1,NA,"",NA,"",10,"99ed3605-9772-470b-9146-5b7149e47094",NA,NA,"",NA,NA,NA,"BNIUE-376","","09/08/2014",NA,NA,"",NA,NA,"","","",NA,"",-169.9,NA,NA,NA,NA,"",NA,NA,NA,NA,NA,"",91,NA,NA,"hawaiiensis",NA,NA,NA,"2014-09-12T11:39:06.527Z","d9da0f65b0f589e0d8836f5381c5e4b09d4fd623",""
"2587",NA,NA,NA,NA,NA,NA,"","",NA,NA,"","Holothuria hawaiiensis","Holothuria",NA,NA,NA,NA,NA,"","",NA,NA,NA,"Holothuriidae",NA,NA,NA,NA,"",NA,"Holothuroidea","2cfc757b-122c-4fdb-b532-20e97c74b5ad",NA,NA,NA,NA,NA,"Japan",NA,NA,8,"",NA,"","",NA,NA,"","",NA,NA,NA,NA,"","FLMNH",NA,NA,"",NA,NA,NA,NA,NA,NA,NA,NA,NA,"Invertebrate Zoology",NA,NA,NA,NA,"",NA,"",NA,"","",NA,NA,NA,"",NA,NA,"",NA,NA,NA,NA,NA,NA,"Okinawa",NA,NA,NA,NA,NA,NA,NA,NA,NA,"","",NA,"","",NA,NA,NA,NA,"","PreservedSpecimen",NA,"",NA,"0CB003DE-8B12-44C3-B3C0-BACA0654E323",NA,NA,"","",NA,NA,NA,"Paulay, G. & Kinjo",NA,NA,"Aspidochirotida","3886-Echinodermata","",NA,NA,"","",NA,"",NA,NA,NA,NA,NA,"Fisher","",NA,NA,NA,NA,NA,NA,"872733a2-67a3-4c54-aa76-862735a5f334",NA,"",NA,"",NA,"",26.7391666666667,NA,"",NA,"",7,"2cfc757b-122c-4fdb-b532-20e97c74b5ad",NA,NA,"",NA,NA,NA,"GP-Loc-799","","09/08/2014",NA,NA,"",NA,NA,"","","",NA,"",127.810083333333,NA,NA,NA,NA,"",NA,NA,NA,NA,NA,"",2004,NA,NA,"hawaiiensis",NA,NA,NA,"2014-09-12T15:55:07.821Z","f964c4748fde61702e514f7a07f041e376eae6ff",""
"2589",NA,NA,NA,NA,NA,NA,"","",NA,NA,"","Holothuria hawaiiensis","Holothuria",NA,NA,NA,NA,NA,"","",NA,NA,NA,"Holothuriidae",NA,NA,NA,NA,"",NA,"Holothuroidea","448e0043-dd80-4303-b3ea-fc63813b9893",NA,NA,NA,NA,NA,"French Polynesia",NA,NA,26,"",NA,"","Moorea Island",NA,NA,"","",NA,NA,NA,NA,"","FLMNH",NA,NA,"",NA,NA,NA,NA,NA,NA,NA,NA,NA,"Invertebrate Zoology",NA,NA,NA,NA,"",NA,"",NA,"","",NA,NA,NA,"",NA,NA,"",NA,NA,NA,NA,NA,NA,"Society Islands",NA,NA,NA,NA,NA,NA,NA,NA,NA,"","",NA,"","",NA,NA,NA,NA,"","PreservedSpecimen",NA,"",NA,"57B3EA1C-ACF5-4EBE-A883-2CD1E961821C",NA,NA,"","",NA,NA,NA,"Matthieu Leray, Chris Meyer, Francois Michonneau & Laurie Penland",NA,NA,"Aspidochirotida","12432-Echinodermata","",NA,NA,"","",NA,"",NA,NA,NA,NA,NA,"Fisher","",NA,NA,NA,NA,NA,NA,"872733a2-67a3-4c54-aa76-862735a5f334",NA,"",NA,"",NA,"",-17.50439,NA,"",NA,"",1,"448e0043-dd80-4303-b3ea-fc63813b9893",NA,NA,"",NA,NA,NA,"BIZ-741","","09/08/2014",NA,NA,"",NA,NA,"","","",NA,"",-149.75842,NA,NA,NA,NA,"",NA,NA,NA,NA,NA,"",2012,NA,NA,"hawaiiensis",NA,NA,NA,"2014-09-12T16:27:02.819Z","233b2cb9bf723e7187130ab6b7a562fd4365f145",""
"2778",NA,NA,NA,NA,NA,NA,"","",NA,NA,"","Holothuria hawaiiensis","Holothuria",NA,NA,NA,NA,NA,"","",NA,NA,NA,"Holothuriidae",NA,NA,NA,NA,"",NA,"Holothuroidea","152bff7d-35c2-4702-9c6a-04d8d90efaf4",NA,NA,NA,NA,NA,"USA",NA,NA,28,"",NA,"","Maui Island",NA,NA,"","",NA,NA,NA,NA,"","FLMNH",NA,NA,"",NA,NA,NA,NA,NA,NA,NA,NA,NA,"Invertebrate Zoology",NA,NA,NA,NA,"",NA,"",NA,"","",NA,NA,NA,"",NA,NA,"",NA,NA,NA,NA,NA,NA,"Hawaiian Islands",NA,NA,NA,NA,NA,NA,NA,NA,NA,"","",NA,"","",NA,NA,NA,NA,"","PreservedSpecimen",NA,"",NA,"74823F1B-E19D-4CD3-BA47-E043B1738B33",NA,NA,"","",NA,NA,NA,"Pittman, C.",NA,NA,"Aspidochirotida","4378-Echinodermata","",NA,NA,"","",NA,"",NA,NA,NA,NA,NA,"Fisher","",NA,NA,NA,NA,NA,NA,"872733a2-67a3-4c54-aa76-862735a5f334",NA,"",NA,"",NA,"",21.00417,NA,"",NA,"",5,"152bff7d-35c2-4702-9c6a-04d8d90efaf4",NA,NA,"",NA,NA,NA,"G-2005-025","","09/08/2014",NA,NA,"",NA,NA,"","","",NA,"",-156.66694,NA,NA,NA,NA,"",NA,NA,NA,NA,NA,"",2005,NA,NA,"hawaiiensis",NA,NA,NA,"2014-09-12T09:56:21.694Z","8b8f42f216c11b96abcc63a78819530ffb02e8e6",""
