"","dwc.identificationVerificationStatus","inhs.vouchered","dwc.member","dwc.earliestPeriodOrLowestSystem","dwc.reproductiveCondition","inhs.juv_males","idigbio.subfamily","dwc.islandGroup","dwc.scientificName","dwc.verbatimSRS","idigbio.determinationHistory","idigbio.recordIds","dwc.latestAgeOrHighestStage","dwc.latestEpochOrHighestSeries","dwc.behavior","dwc.minimumElevationInMeters","dwc.georeferencedBy","dwc.establishmentMeans","dwc.samplingProtocol","idigbio.createdBy","dwc.specificEpithet","dwc.verbatimLongitude","dwc.geodeticDatum","dwc.phylum","inhs.dead","dwc.accessRights","idigbio.associatedFamily","idigbio.barcodeValue","dwc.preparations","dwc.coordinatePrecision","inhs.juv_undetermined","idigbio.tribe","inhs.location_RiverMile","dwc.kingdom","dwc.decimalLongitude","dwc.georeferenceProtocol","dwc.institutionCode","dwc.recordedBy","dwc.country","dwc.county","dwc.lowestBiostratigraphicZone","dwc.associatedTaxa","dwc.year","inhs.formI_males","inhs.instars_Female","idigbio.subgenus","dwc.VerbatimEventDate","dcterms.language","dcterms.references","dwc.scientificNameID","dwc.municipality","dwc.occurrenceStatus","dwc.island","idigbio.dateModified","dwc.lithostratigraphicTerms","dwc.identificationRemarks","dwc.associatedSequences","idigbio.associateNotes","dwc.basisOfRecord","dwc.collectionID","dwc.otherCatalogNumbers","dwc.samplingEffort","fcc.pickedBy","dcterms.type","dwc.earliestEraOrLowestErathem","idigbio.version","inhs.formII_males","dwc.locationRemarks","dwc.countryCode","inhs.total_Males","dwc.originalNameUsage","dwc.earliestEpochOrLowestSeries","dwc.subgenus","idigbio.uuid","inhs.instars_Male","dwc.recordNumber","dwc.day","dwc.individualCount","dwc.formation","dwc.taxonRank","dwc.endDayOfYear","dwc.locationAccordingTo","dwc.rights","inhs.location_Basin","dwc.month","dwc.nameAccordingTo","symbiota.verbatimScientificName","dwc.datasetID","inhs.relic","idigbio.preparationCount","dwc.verbatimDepth","dwc.occurrenceRemarks","idigbio.associateIdentifier","dwc.dynamicProperties","idigbio.associateAuthor","dwc.group","idigbio.etag","dcterms.modified","inhs.live","dwc.higherClassification","dwc.namePublishedInID","dwc.nomenclaturalStatus","idigbio.associateCondition","http...symbiota.org.terms.verbatimScientificName","row.number","dwc.georeferencedDate","dwc.footprintWKT","dwc.higherGeography","dwc.taxonRemarks","dwc.latestEraOrHighestErathem","dwc.verbatimLatitude","dwc.sex","dwc.georeferenceVerificationStatus","dwc.ownerInstitutionCode","dwc.georeferenceSources","dwc.maximumDepthInMeters","dwc.latestPeriodOrHighestSystem","fcc.superfamily","dwc.associatedMedia","dwc.dateIdentified","dwc.habitat","dcterms.reference","dwc.family","dwc.namePublishedIn","dwc.genus","dwc.taxonID","inhs.locationTrs","dwc.identificationQualifier","dcterms.rights","dwc.scientificNameAuthorship","dwc.rightsHolder","dwc.datasetName","dwc.coordinateUncertaintyInMeters","dwc.verbatimElevation","symbiotaverbatimScientificName","dwc.eventID","idigbio.hostFamily","dwc.informationWithheld","fcc.datePicked","dwc.catalogNumber","dwc.typeStatus","dcterms.source","dwc.stateProvince","dwc.eventRemarks","dcterms.rightsHolder","inhs.formII_females","dwc.occurrenceID","dwc.fieldNumber","dwc.identifiedBy","dwc.verbatimLocality","dwc.earliestAgeOrLowestStage","dwc.verbatimTaxonRank","fcc.subfamily","dwc.disposition","id","dwc.identificationID","dwc.associatedReferences","dwc.minimumDepthInMeters","dwc.identificationReferences","dwc.fieldNotes","dwc.decimalLatitude","dwc.dataGeneralizations","dwc.verbatimEventDate","idigbio.preservative","idigbio.recordID","dwc.startDayOfYear","dcterms.bibliographicCitation","idigbio.associateCommonName","dwc.collectionCode","dcterms.accessRights","dwc.institutionID","dwc.bed","dwc.georeferenceRemarks","dwc.locationID","dwc.eventDate","dwc.infraspecificEpithet","inhs.location_Stream","dwc.verbatimCoordinates","inhs.superfamily","inhs.total_females","idigbio.associatedRelationship","dwc.preparation","dwc.nomenclaturalCode","idigbio.substrate","dwc.waterBody","dwc.order","dwc.locality","idigbio.associateRelationship","idigbio.associateDeterminedBy","dwc.relatedResourceID","dwc.class","dwc.associatedOccurrences","dwc.individualID","dwc.verbatimCoordinateSystem","dwc.eventTime","dwc.previousIdentifications","dwc.vernacularName","idigbio.recordId","dwc.maximumElevationInMeters","dwc.lifeStage","idigbio.endangeredStatus","dwc.continent","inhs.juv_females"
"91","",NA,NA,NA,NA,NA,NA,NA,"Holothuria verrucosa",NA,NA,NA,NA,NA,NA,NA,"",NA,"","872733a2-67a3-4c54-aa76-862735a5f334","verrucosa","","","",NA,NA,NA,NA,"",NA,NA,NA,NA,"",144.8,"","FLMNH","Starmer, J.","USA","Guam Island",NA,NA,1984,NA,NA,NA,NA,"","",NA,NA,NA,NA,"2014-09-12T13:32:27.163Z",NA,"",NA,NA,"PreservedSpecimen",NA,"",NA,NA,"",NA,NA,NA,"",NA,NA,NA,NA,NA,"9c536638-a065-47d8-846d-db30f51788a9",NA,"",22,NA,NA,NA,NA,NA,NA,NA,8,NA,NA,NA,NA,NA,"",NA,NA,"",NA,NA,"39224c54227d7239a56b93304c50a38ccc4922f7","09/08/2014",NA,"",NA,NA,NA,NA,NA,NA,NA,"",NA,NA,"","",NA,"","",NA,NA,NA,"","","",NA,"Holothuriidae",NA,"Holothuria",NA,NA,NA,NA,"Selenka",NA,NA,NA,NA,NA,NA,NA,NA,NA,"192-Echinodermata","",NA,"Mariana Islands","","",NA,"7EADA0D6-56E9-4BB9-AFD4-149CDC23346C","","",NA,NA,NA,NA,"","9c536638-a065-47d8-846d-db30f51788a9",NA,"",NA,NA,NA,13.5,NA,"",NA,NA,NA,NA,NA,"Invertebrate Zoology",NA,"",NA,"","ZZZ-085800","","",NA,"",NA,NA,NA,NA,"",NA,"","Aspidochirotida","",NA,NA,NA,"Holothuroidea","",NA,"",NA,NA,NA,NA,NA,NA,NA,"",NA
"96","",NA,NA,NA,NA,NA,NA,NA,"Holothuria verrucosa",NA,NA,NA,NA,NA,NA,NA,"",NA,"","872733a2-67a3-4c54-aa76-862735a5f334","verrucosa","","","",NA,NA,NA,NA,"",NA,NA,NA,NA,"",163.09553,"","FLMNH","Nathaniel Evans","France","",NA,NA,2013,NA,NA,NA,NA,"","",NA,NA,NA,NA,"2014-09-12T13:37:31.565Z",NA,"",NA,NA,"PreservedSpecimen",NA,"",NA,NA,"",NA,NA,NA,"",NA,NA,NA,NA,NA,"d74bdbfa-2d27-47b3-bb72-8d8ca069741a",NA,"",20,NA,NA,NA,NA,NA,NA,NA,11,NA,NA,NA,NA,NA,"",NA,NA,"",NA,NA,"2d10499ba7c3bb0611d155a95ba188c08203fdcf","09/08/2014",NA,"",NA,NA,NA,NA,NA,NA,NA,"",NA,NA,"","",NA,"","",NA,NA,NA,"","","",NA,"Holothuriidae",NA,"Holothuria",NA,NA,NA,NA,"Selenka",NA,NA,NA,NA,NA,NA,NA,NA,NA,"15967-Echinodermata","",NA,"New Caledonia","","",NA,"2EE83F2F-ED48-4780-A49C-03D7B8CF05B2","","",NA,NA,NA,NA,"","d74bdbfa-2d27-47b3-bb72-8d8ca069741a",NA,"",NA,NA,NA,-18.48788,NA,"",NA,NA,NA,NA,NA,"Invertebrate Zoology",NA,"",NA,"","NEST31","","",NA,"",NA,NA,NA,NA,"",NA,"","Aspidochirotida","",NA,NA,NA,"Holothuroidea","",NA,"",NA,NA,NA,NA,NA,NA,NA,"",NA
"118","",NA,NA,NA,NA,NA,NA,NA,"Holothuria verrucosa",NA,NA,NA,NA,NA,NA,NA,"",NA,"","872733a2-67a3-4c54-aa76-862735a5f334","verrucosa","","","",NA,NA,NA,NA,"",NA,NA,NA,NA,"",-157.929,"","FLMNH","J. Earle, J. Hoover, G. Paulay","USA","Oahu Island",NA,NA,2006,NA,NA,NA,NA,"","",NA,NA,NA,NA,"2014-09-12T14:12:09.474Z",NA,"",NA,NA,"PreservedSpecimen",NA,"",NA,NA,"",NA,NA,NA,"",NA,NA,NA,NA,NA,"2e95b746-cf98-4295-8d48-a5d7a847027f",NA,"",25,NA,NA,NA,NA,NA,NA,NA,2,NA,NA,NA,NA,NA,"",NA,NA,"",NA,NA,"31623d10cac57c82ecf09e593edafcaf0cffc975","09/08/2014",NA,"",NA,NA,NA,NA,NA,NA,NA,"",NA,NA,"","",NA,"","",NA,NA,NA,"","","",NA,"Holothuriidae",NA,"Holothuria",NA,NA,NA,NA,"Selenka",NA,NA,NA,NA,NA,NA,NA,NA,NA,"4806-Echinodermata","",NA,"Hawaiian Islands","","",NA,"0D1C5D24-B45C-40D9-B910-869AC269646F","","",NA,NA,NA,NA,"","2e95b746-cf98-4295-8d48-a5d7a847027f",NA,"",NA,NA,NA,21.2971333333333,NA,"",NA,NA,NA,NA,NA,"Invertebrate Zoology",NA,"",NA,"","GP-Loc-854","","",NA,"",NA,NA,NA,NA,"",NA,"","Aspidochirotida","",NA,NA,NA,"Holothuroidea","",NA,"",NA,NA,NA,NA,NA,NA,NA,"",NA
"122","",NA,NA,NA,NA,NA,NA,NA,"Holothuria verrucosa",NA,NA,NA,NA,NA,NA,NA,"",NA,"","872733a2-67a3-4c54-aa76-862735a5f334","verrucosa","","","",NA,NA,NA,NA,"",NA,NA,NA,NA,"",144.8,"","FLMNH","Paulay, G.","USA","Guam Island",NA,NA,1984,NA,NA,NA,NA,"","",NA,NA,NA,NA,"2014-09-12T14:19:16.417Z",NA,"",NA,NA,"PreservedSpecimen",NA,"",NA,NA,"",NA,NA,NA,"",NA,NA,NA,NA,NA,"34b86a1c-3cf8-4d85-af2a-4f8aad786c72",NA,"",22,NA,NA,NA,NA,NA,NA,NA,8,NA,NA,NA,NA,NA,"",NA,NA,"",NA,NA,"7e6e08ad673099302de265d1dd05f4731ad186ab","09/08/2014",NA,"",NA,NA,NA,NA,NA,NA,NA,"",NA,NA,"","",NA,"","",NA,NA,NA,"","","",NA,"Holothuriidae",NA,"Holothuria",NA,NA,NA,NA,"Selenka",NA,NA,NA,NA,NA,NA,NA,NA,NA,"185-Echinodermata","",NA,"Mariana Islands","","",NA,"6675EA54-5327-4D5C-BA7B-75A5637C2533","","",NA,NA,NA,NA,"","34b86a1c-3cf8-4d85-af2a-4f8aad786c72",NA,"",NA,NA,NA,13.5,NA,"",NA,NA,NA,NA,NA,"Invertebrate Zoology",NA,"",NA,"","ZZZ-085812","","",NA,"",NA,NA,NA,NA,"",NA,"","Aspidochirotida","",NA,NA,NA,"Holothuroidea","",NA,"",NA,NA,NA,NA,NA,NA,NA,"",NA
"148","",NA,NA,NA,NA,NA,NA,NA,"Holothuria verrucosa",NA,NA,NA,NA,NA,NA,NA,"",NA,"","872733a2-67a3-4c54-aa76-862735a5f334","verrucosa","","","",NA,NA,NA,NA,"",NA,NA,NA,NA,"",55.2256,"","FLMNH","Nicolas Hubert & Francois Michonneau","France","Reunion Island",NA,NA,2007,NA,NA,NA,NA,"","",NA,NA,NA,NA,"2014-09-12T09:46:39.841Z",NA,"",NA,NA,"PreservedSpecimen",NA,"",NA,NA,"",NA,NA,NA,"",NA,NA,NA,NA,NA,"d7eb5ab9-f1a9-4917-9409-d5f56e06d385",NA,"",25,NA,NA,NA,NA,NA,NA,NA,7,NA,NA,NA,NA,NA,"",NA,NA,"",NA,NA,"7082354a104a07e398cd5c85a28a69826868e753","09/08/2014",NA,"",NA,NA,NA,NA,NA,NA,NA,"",NA,NA,"","",NA,"","",NA,NA,NA,"","","",NA,"Holothuriidae",NA,"Holothuria",NA,NA,NA,NA,"Selenka",NA,NA,NA,NA,NA,NA,NA,NA,NA,"6338-Echinodermata","",NA,"Mascarene Islands","","",NA,"1B272634-AC06-41A5-9EA6-D45866FAB59B","","",NA,NA,NA,NA,"","d7eb5ab9-f1a9-4917-9409-d5f56e06d385",NA,"",NA,NA,NA,-21.0787,NA,"",NA,NA,NA,NA,NA,"Invertebrate Zoology",NA,"",NA,"","SWIO-FM33","","",NA,"",NA,NA,NA,NA,"",NA,"","Aspidochirotida","",NA,NA,NA,"Holothuroidea","",NA,"",NA,NA,NA,NA,NA,NA,NA,"",NA
"206","",NA,NA,NA,NA,NA,NA,NA,"Holothuria verrucosa",NA,NA,NA,NA,NA,NA,NA,"",NA,"","872733a2-67a3-4c54-aa76-862735a5f334","verrucosa","","","",NA,NA,NA,NA,"",NA,NA,NA,NA,"",144.8,"","FLMNH","Starmer, J.","USA","Guam Island",NA,NA,1998,NA,NA,NA,NA,"","",NA,NA,NA,NA,"2014-09-12T12:33:15.428Z",NA,"",NA,NA,"PreservedSpecimen",NA,"",NA,NA,"",NA,NA,NA,"",NA,NA,NA,NA,NA,"9afd0f58-71db-4acd-ab53-249303efb549",NA,"",10,NA,NA,NA,NA,NA,NA,NA,12,NA,NA,NA,NA,NA,"",NA,NA,"",NA,NA,"f25d15b09c07ffaf1f8477b14084ac248a4c09a7","09/08/2014",NA,"",NA,NA,NA,NA,NA,NA,NA,"",NA,NA,"","",NA,"","",NA,NA,NA,"","","",NA,"Holothuriidae",NA,"Holothuria",NA,NA,NA,NA,"Selenka",NA,NA,NA,NA,NA,NA,NA,NA,NA,"196-Echinodermata","",NA,"Mariana Islands","","",NA,"7FE7A7B5-A365-4A3C-8361-1BBDBE0937A6","","",NA,NA,NA,NA,"","9afd0f58-71db-4acd-ab53-249303efb549",NA,"",NA,NA,NA,13.5,NA,"",NA,NA,NA,NA,NA,"Invertebrate Zoology",NA,"",NA,"","ZZZ-085797","","",NA,"",NA,NA,NA,NA,"",NA,"","Aspidochirotida","",NA,NA,NA,"Holothuroidea","",NA,"",NA,NA,NA,NA,NA,NA,NA,"",NA
"221","",NA,NA,NA,NA,NA,NA,NA,"Holothuria verrucosa",NA,NA,NA,NA,NA,NA,NA,"",NA,"","872733a2-67a3-4c54-aa76-862735a5f334","verrucosa","","","",NA,NA,NA,NA,"",NA,NA,NA,NA,"",48.33157,"","FLMNH","A. Anker, G. Bakary, F. Michonneau, G. Paulay, T. Werner","Madagascar","",NA,NA,2008,NA,NA,NA,NA,"","",NA,NA,NA,NA,"2014-09-12T17:14:08.851Z",NA,"",NA,NA,"PreservedSpecimen",NA,"",NA,NA,"",NA,NA,NA,"",NA,NA,NA,NA,NA,"0488c222-ced2-46bb-9562-46a2e78ea79d",NA,"",26,NA,NA,NA,NA,NA,NA,NA,5,NA,NA,NA,NA,NA,"",NA,NA,"",NA,NA,"c9a5013c163fb8176c359782f00ffa6fa8f00487","09/08/2014",NA,"",NA,NA,NA,NA,NA,NA,NA,"",NA,NA,"","",NA,"","",NA,NA,NA,"","","",NA,"Holothuriidae",NA,"Holothuria",NA,NA,NA,NA,"Selenka",NA,NA,NA,NA,NA,NA,NA,NA,NA,"7309-Echinodermata","",NA,"","","",NA,"45B032AF-F042-46A5-900F-E24F9E3ED659","","",NA,NA,NA,NA,"","0488c222-ced2-46bb-9562-46a2e78ea79d",NA,"",NA,NA,NA,-13.44624,NA,"",NA,NA,NA,NA,NA,"Invertebrate Zoology",NA,"",NA,"","MGNW-51","","",NA,"",NA,NA,NA,NA,"",NA,"","Aspidochirotida","",NA,NA,NA,"Holothuroidea","",NA,"",NA,NA,NA,NA,NA,NA,NA,"",NA
"232","",NA,NA,NA,NA,NA,NA,NA,"Holothuria verrucosa",NA,NA,NA,NA,NA,NA,NA,"",NA,"","872733a2-67a3-4c54-aa76-862735a5f334","verrucosa","","","",NA,NA,NA,NA,"",NA,NA,NA,NA,"",-149.8872,"","FLMNH","Christian McKeon, Chris Meyer, Gustav Paulay","French Polynesia","Moorea Island",NA,NA,2006,NA,NA,NA,NA,"","",NA,NA,NA,NA,"2014-09-12T16:30:19.714Z",NA,"",NA,NA,"PreservedSpecimen",NA,"",NA,NA,"",NA,NA,NA,"",NA,NA,NA,NA,NA,"fc39b7d5-c43d-4982-a17f-31291d11d410",NA,"",8,NA,NA,NA,NA,NA,NA,NA,8,NA,NA,NA,NA,NA,"",NA,NA,"",NA,NA,"e5e3a41d3d4a93f71acd7c14a2adff3681b15bb1","09/08/2014",NA,"",NA,NA,NA,NA,NA,NA,NA,"",NA,NA,"","",NA,"","",NA,NA,NA,"","","",NA,"Holothuriidae",NA,"Holothuria",NA,NA,NA,NA,"Selenka",NA,NA,NA,NA,NA,NA,NA,NA,NA,"5272-Echinodermata","",NA,"Society Islands","","",NA,"13D0BD67-69B6-4623-9ECE-4A3A25548591","","",NA,NA,NA,NA,"","fc39b7d5-c43d-4982-a17f-31291d11d410",NA,"",NA,NA,NA,-17.5597,NA,"",NA,NA,NA,NA,NA,"Invertebrate Zoology",NA,"",NA,"","GP-Loc-905","","",NA,"",NA,NA,NA,NA,"",NA,"","Aspidochirotida","",NA,NA,NA,"Holothuroidea","",NA,"",NA,NA,NA,NA,NA,NA,NA,"",NA
"472","",NA,NA,NA,NA,NA,NA,NA,"Holothuria verrucosa",NA,NA,NA,NA,NA,NA,NA,"",NA,"","872733a2-67a3-4c54-aa76-862735a5f334","verrucosa","","","",NA,NA,NA,NA,"",NA,NA,NA,NA,"",-149.8344,"","FLMNH","Christian McKeon, Chris Meyer, Gustav Paulay","French Polynesia","Moorea Island",NA,NA,2006,NA,NA,NA,NA,"","",NA,NA,NA,NA,"2014-09-12T16:01:57.458Z",NA,"",NA,NA,"PreservedSpecimen",NA,"",NA,NA,"",NA,NA,NA,"",NA,NA,NA,NA,NA,"0fa79f26-a3ce-41b3-832d-7bde3d48914d",NA,"",19,NA,NA,NA,NA,NA,NA,NA,7,NA,NA,NA,NA,NA,"",NA,NA,"",NA,NA,"7b0df0b73b09cf1c74b717d2e0654b0a25e2a97d","09/08/2014",NA,"",NA,NA,NA,NA,NA,NA,NA,"",NA,NA,"","",NA,"","",NA,NA,NA,"","","",NA,"Holothuriidae",NA,"Holothuria",NA,NA,NA,NA,"Selenka",NA,NA,NA,NA,NA,NA,NA,NA,NA,"5334-Echinodermata","",NA,"Society Islands","","",NA,"6892E197-6AB0-44A7-8E79-5C91C0D832CE","","",NA,NA,NA,NA,"","0fa79f26-a3ce-41b3-832d-7bde3d48914d",NA,"",NA,NA,NA,-17.4756,NA,"",NA,NA,NA,NA,NA,"Invertebrate Zoology",NA,"",NA,"","GP-Loc-882","","",NA,"",NA,NA,NA,NA,"",NA,"","Aspidochirotida","",NA,NA,NA,"Holothuroidea","",NA,"",NA,NA,NA,NA,NA,NA,NA,"",NA
"530","",NA,NA,NA,NA,NA,NA,NA,"Holothuria verrucosa",NA,NA,NA,NA,NA,NA,NA,"",NA,"","872733a2-67a3-4c54-aa76-862735a5f334","verrucosa","","","",NA,NA,NA,NA,"",NA,NA,NA,NA,"",NA,"","FLMNH","Starmer, J.","Northern Mariana Islands","Rota Island",NA,NA,2003,NA,NA,NA,NA,"","",NA,NA,NA,NA,"2014-09-12T15:18:09.060Z",NA,"",NA,NA,"PreservedSpecimen",NA,"",NA,NA,"",NA,NA,NA,"",NA,NA,NA,NA,NA,"b0b710c9-2fd6-44cc-8458-1bddd9d8e9ac",NA,"",1,NA,NA,NA,NA,NA,NA,NA,7,NA,NA,NA,NA,NA,"",NA,NA,"",NA,NA,"dd9889906e33c8b13923e39e32febe163745af62","09/08/2014",NA,"",NA,NA,NA,NA,NA,NA,NA,"",NA,NA,"","",NA,"","",NA,NA,NA,"","","",NA,"Holothuriidae",NA,"Holothuria",NA,NA,NA,NA,"Selenka",NA,NA,NA,NA,NA,NA,NA,NA,NA,"4514-Echinodermata","",NA,"","","",NA,"4A106547-1E9B-4EBE-A868-B54B9CF12236","","",NA,NA,NA,NA,"","b0b710c9-2fd6-44cc-8458-1bddd9d8e9ac",NA,"",NA,NA,NA,NA,NA,"",NA,NA,NA,NA,NA,"Invertebrate Zoology",NA,"",NA,"","ZZZ-093163","","",NA,"",NA,NA,NA,NA,"",NA,"","Aspidochirotida","",NA,NA,NA,"Holothuroidea","",NA,"",NA,NA,NA,NA,NA,NA,NA,"",NA
"952","",NA,NA,NA,NA,NA,NA,NA,"Holothuria verrucosa",NA,NA,NA,NA,NA,NA,NA,"",NA,"","872733a2-67a3-4c54-aa76-862735a5f334","verrucosa","","","",NA,NA,NA,NA,"",NA,NA,NA,NA,"",144.8,"","FLMNH","Paulay, G. & Starmer, J.","USA","Guam Island",NA,NA,1997,NA,NA,NA,NA,"","",NA,NA,NA,NA,"2014-09-12T12:26:24.400Z",NA,"",NA,NA,"PreservedSpecimen",NA,"",NA,NA,"",NA,NA,NA,"",NA,NA,NA,NA,NA,"f68322b9-923d-48a6-b4cc-f6d00605b37f",NA,"",NA,NA,NA,NA,NA,NA,NA,NA,3,NA,NA,NA,NA,NA,"",NA,NA,"",NA,NA,"21b3a77a6c0b5e15785311eead22e864671d5291","09/08/2014",NA,"",NA,NA,NA,NA,NA,NA,NA,"",NA,NA,"","",NA,"","",NA,NA,NA,"","","",NA,"Holothuriidae",NA,"Holothuria",NA,NA,NA,NA,"Selenka",NA,NA,NA,NA,NA,NA,NA,NA,NA,"182-Echinodermata","",NA,"Mariana Islands","","",NA,"BF972249-A54D-4790-AE6F-50BE4D93F14E","","",NA,NA,NA,NA,"","f68322b9-923d-48a6-b4cc-f6d00605b37f",NA,"",NA,NA,NA,13.5,NA,"",NA,NA,NA,NA,NA,"Invertebrate Zoology",NA,"",NA,"","ZZZ-085814","","",NA,"",NA,NA,NA,NA,"",NA,"","Aspidochirotida","",NA,NA,NA,"Holothuroidea","",NA,"",NA,NA,NA,NA,NA,NA,NA,"",NA
"999","",NA,NA,NA,NA,NA,NA,NA,"Holothuria verrucosa",NA,NA,NA,NA,NA,NA,NA,"",NA,"","872733a2-67a3-4c54-aa76-862735a5f334","verrucosa","","","",NA,NA,NA,NA,"",NA,NA,NA,NA,"",-157.4963,"","FLMNH","Gustav Paulay","Kiribati","Kiritimati Atoll",NA,NA,2005,NA,NA,NA,NA,"","",NA,NA,NA,NA,"2014-09-12T09:07:28.555Z",NA,"",NA,NA,"PreservedSpecimen",NA,"",NA,NA,"",NA,NA,NA,"",NA,NA,NA,NA,NA,"e2668b69-30c4-455e-b7a2-a01e822bc7db",NA,"",7,NA,NA,NA,NA,NA,NA,NA,8,NA,NA,NA,NA,NA,"",NA,NA,"",NA,NA,"badca5daaadea10ccad2f62dac429f8b9534b381","09/08/2014",NA,"",NA,NA,NA,NA,NA,NA,NA,"",NA,NA,"","",NA,"","",NA,NA,NA,"","","",NA,"Holothuriidae",NA,"Holothuria",NA,NA,NA,NA,"Selenka",NA,NA,NA,NA,NA,NA,NA,NA,NA,"5778-Echinodermata","",NA,"Line Islands","","",NA,"B81C0003-2D42-4266-A67D-E554E5CCD131","","",NA,NA,NA,NA,"","e2668b69-30c4-455e-b7a2-a01e822bc7db",NA,"",NA,NA,NA,1.9393,NA,"",NA,NA,NA,NA,NA,"Invertebrate Zoology",NA,"",NA,"","GP-Loc-830","","",NA,"",NA,NA,NA,NA,"",NA,"","Aspidochirotida","",NA,NA,NA,"Holothuroidea","",NA,"",NA,NA,NA,NA,NA,NA,NA,"",NA
"1028","",NA,NA,NA,NA,NA,NA,NA,"Holothuria verrucosa",NA,NA,NA,NA,NA,NA,NA,"",NA,"","872733a2-67a3-4c54-aa76-862735a5f334","verrucosa","","","",NA,NA,NA,NA,"",NA,NA,NA,NA,"",48.3642,"","FLMNH","G. Bakary, H. Bruggemann, F. Michonneau, G. Paulay, T. Werner","Madagascar","",NA,NA,2008,NA,NA,NA,NA,"","",NA,NA,NA,NA,"2014-09-12T09:54:04.814Z",NA,"",NA,NA,"PreservedSpecimen",NA,"",NA,NA,"",NA,NA,NA,"",NA,NA,NA,NA,NA,"9842be93-ae70-4dec-84bc-3a573605d473",NA,"",15,NA,NA,NA,NA,NA,NA,NA,5,NA,NA,NA,NA,NA,"",NA,NA,"",NA,NA,"510717b2c43117b7efd69a03df0cb48f7501de24","09/08/2014",NA,"",NA,NA,NA,NA,NA,NA,NA,"",NA,NA,"","",NA,"","",NA,NA,NA,"","","",NA,"Holothuriidae",NA,"Holothuria",NA,NA,NA,NA,"Selenka",NA,NA,NA,NA,NA,NA,NA,NA,NA,"7477-Echinodermata","",NA,"","","",NA,"463FAE68-3D93-4771-BAAB-91935689C92C","","",NA,NA,NA,NA,"","9842be93-ae70-4dec-84bc-3a573605d473",NA,"",NA,NA,NA,-13.4244,NA,"",NA,NA,NA,NA,NA,"Invertebrate Zoology",NA,"",NA,"","MGNW-20","","",NA,"",NA,NA,NA,NA,"",NA,"","Aspidochirotida","",NA,NA,NA,"Holothuroidea","",NA,"",NA,NA,NA,NA,NA,NA,NA,"",NA
"1416","",NA,NA,NA,NA,NA,NA,NA,"Holothuria verrucosa",NA,NA,NA,NA,NA,NA,NA,"",NA,"","872733a2-67a3-4c54-aa76-862735a5f334","verrucosa","","","",NA,NA,NA,NA,"",NA,NA,NA,NA,"",167.214166666667,"","FLMNH","Meyer, C.","Vanuatu","",NA,NA,2005,NA,NA,NA,NA,"","",NA,NA,NA,NA,"2014-09-12T14:19:29.959Z",NA,"",NA,NA,"PreservedSpecimen",NA,"",NA,NA,"",NA,NA,NA,"",NA,NA,NA,NA,NA,"8d14451b-e60e-4dcd-9250-5ea5a684eda2",NA,"",16,NA,NA,NA,NA,NA,NA,NA,1,NA,NA,NA,NA,NA,"",NA,NA,"",NA,NA,"96cb281e8d660bd4f52698a033a0cab8e3760db4","09/08/2014",NA,"",NA,NA,NA,NA,NA,NA,NA,"",NA,NA,"","",NA,"","",NA,NA,NA,"","","",NA,"Holothuriidae",NA,"Holothuria",NA,NA,NA,NA,"Selenka",NA,NA,NA,NA,NA,NA,NA,NA,NA,"4306-Echinodermata","",NA,"Sanma Province","","",NA,"CF5A7003-95D9-45FA-8835-AB011C98B067","","",NA,NA,NA,NA,"","8d14451b-e60e-4dcd-9250-5ea5a684eda2",NA,"",NA,NA,NA,-15.5325,NA,"",NA,NA,NA,NA,NA,"Invertebrate Zoology",NA,"",NA,"","CPM-VAN-010","","",NA,"",NA,NA,NA,NA,"",NA,"","Aspidochirotida","",NA,NA,NA,"Holothuroidea","",NA,"",NA,NA,NA,NA,NA,NA,NA,"",NA
"1555","",NA,NA,NA,NA,NA,NA,NA,"Holothuria verrucosa",NA,NA,NA,NA,NA,NA,NA,"",NA,"","872733a2-67a3-4c54-aa76-862735a5f334","verrucosa","","","",NA,NA,NA,NA,"",NA,NA,NA,NA,"",-148.283333,"","FLMNH","Paulay, G.","French Polynesia","Tikehau Atoll",NA,NA,2001,NA,NA,NA,NA,"","",NA,NA,NA,NA,"2014-09-12T12:18:47.701Z",NA,"",NA,NA,"PreservedSpecimen",NA,"",NA,NA,"",NA,NA,NA,"",NA,NA,NA,NA,NA,"443c4d05-bc6e-4e27-ad29-701e6cc5299c",NA,"",10,NA,NA,NA,NA,NA,NA,NA,7,NA,NA,NA,NA,NA,"",NA,NA,"",NA,NA,"f8451323e7018325e297abc92b795ac2b0876872","09/08/2014",NA,"",NA,NA,NA,NA,NA,NA,NA,"",NA,NA,"","",NA,"","",NA,NA,NA,"","","",NA,"Holothuriidae",NA,"Holothuria",NA,NA,NA,NA,"Selenka",NA,NA,NA,NA,NA,NA,NA,NA,NA,"582-Echinodermata","",NA,"Tuamotu Islands","","",NA,"0B518AB3-9FD3-4694-8DBF-84BDF86B2776","","",NA,NA,NA,NA,"","443c4d05-bc6e-4e27-ad29-701e6cc5299c",NA,"",NA,NA,NA,-15.016667,NA,"",NA,NA,NA,NA,NA,"Invertebrate Zoology",NA,"",NA,"","BTIK-004","","",NA,"",NA,NA,NA,NA,"",NA,"","Aspidochirotida","",NA,NA,NA,"Holothuroidea","",NA,"",NA,NA,NA,NA,NA,NA,NA,"",NA
"1556","",NA,NA,NA,NA,NA,NA,NA,"Holothuria verrucosa",NA,NA,NA,NA,NA,NA,NA,"",NA,"","872733a2-67a3-4c54-aa76-862735a5f334","verrucosa","","","",NA,NA,NA,NA,"",NA,NA,NA,NA,"",127.843634,"","FLMNH","Daisuke Uyeno, Tohru Naruse, Yoshida Ryuta","Japan","Okinawa",NA,NA,2011,NA,NA,NA,NA,"","",NA,NA,NA,NA,"2014-09-12T12:19:05.948Z",NA,"",NA,NA,"PreservedSpecimen",NA,"",NA,NA,"",NA,NA,NA,"",NA,NA,NA,NA,NA,"ee724cab-132b-471f-b3c0-cd859c26bd96",NA,"",17,NA,NA,NA,NA,NA,NA,NA,5,NA,NA,NA,NA,NA,"",NA,NA,"",NA,NA,"cd7439375b298d9db454bd0a2773a26071bfdd54","09/08/2014",NA,"",NA,NA,NA,NA,NA,NA,NA,"",NA,NA,"","",NA,"","",NA,NA,NA,"","","",NA,"Holothuriidae",NA,"Holothuria",NA,NA,NA,NA,"Selenka",NA,NA,NA,NA,NA,NA,NA,NA,NA,"10993-Echinodermata","",NA,"Ryukyus","","",NA,"7CFBCB89-F7A3-4ABB-B565-1F4BB3D72139","","",NA,NA,NA,NA,"","ee724cab-132b-471f-b3c0-cd859c26bd96",NA,"",NA,NA,NA,26.504484,NA,"",NA,NA,NA,NA,NA,"Invertebrate Zoology",NA,"",NA,"","FMOK11-St-25","","",NA,"",NA,NA,NA,NA,"",NA,"","Aspidochirotida","",NA,NA,NA,"Holothuroidea","",NA,"",NA,NA,NA,NA,NA,NA,NA,"",NA
"1605","",NA,NA,NA,NA,NA,NA,NA,"Holothuria verrucosa",NA,NA,NA,NA,NA,NA,NA,"",NA,"","872733a2-67a3-4c54-aa76-862735a5f334","verrucosa","","","",NA,NA,NA,NA,"",NA,NA,NA,NA,"",NA,"","FLMNH","John Starmer","Mauritius","Mauritius Island",NA,NA,1999,NA,NA,NA,NA,"","",NA,NA,NA,NA,"2014-09-12T13:21:48.137Z",NA,"",NA,NA,"PreservedSpecimen",NA,"",NA,NA,"",NA,NA,NA,"",NA,NA,NA,NA,NA,"5b096292-2ffe-4c5d-84d0-80e6309e231d",NA,"",NA,NA,NA,NA,NA,NA,NA,NA,NA,NA,NA,NA,NA,NA,"",NA,NA,"",NA,NA,"101d6578d5984bb9136e868524b8c13cbed539ed","09/08/2014",NA,"",NA,NA,NA,NA,NA,NA,NA,"",NA,NA,"","",NA,"","",NA,NA,NA,"","","",NA,"Holothuriidae",NA,"Holothuria",NA,NA,NA,NA,"Selenka",NA,NA,NA,NA,NA,NA,NA,NA,NA,"3516-Echinodermata","",NA,"Mascarene Islands","","",NA,"E12EE664-97CE-49DE-AE05-F29C594D9DA7","","",NA,NA,NA,NA,"","5b096292-2ffe-4c5d-84d0-80e6309e231d",NA,"",NA,NA,NA,NA,NA,"",NA,NA,NA,NA,NA,"Invertebrate Zoology",NA,"",NA,"","JAS-MAU-073","","",NA,"",NA,NA,NA,NA,"",NA,"","Aspidochirotida","",NA,NA,NA,"Holothuroidea","",NA,"",NA,NA,NA,NA,NA,NA,NA,"",NA
"1693","",NA,NA,NA,NA,NA,NA,NA,"Holothuria verrucosa",NA,NA,NA,NA,NA,NA,NA,"",NA,"","872733a2-67a3-4c54-aa76-862735a5f334","verrucosa","","","",NA,NA,NA,NA,"",NA,NA,NA,NA,"",127.772746,"","FLMNH","François Michonneau, Yoshida Ryuta","Japan","Okinawa",NA,NA,2011,NA,NA,NA,NA,"","",NA,NA,NA,NA,"2014-09-12T17:22:57.562Z",NA,"",NA,NA,"PreservedSpecimen",NA,"",NA,NA,"",NA,NA,NA,"",NA,NA,NA,NA,NA,"68831b73-a64b-4c7d-b8e3-815d65400181",NA,"",14,NA,NA,NA,NA,NA,NA,NA,5,NA,NA,NA,NA,NA,"",NA,NA,"",NA,NA,"04f970e945d4dc3d0e22f271788812abf9811e23","09/08/2014",NA,"",NA,NA,NA,NA,NA,NA,NA,"",NA,NA,"","",NA,"","",NA,NA,NA,"","","",NA,"Holothuriidae",NA,"Holothuria",NA,NA,NA,NA,"Selenka",NA,NA,NA,NA,NA,NA,NA,NA,NA,"10916-Echinodermata","",NA,"Ryukyus","","",NA,"33E16AC4-6DCA-4779-AEA5-50273B77DF1C","","",NA,NA,NA,NA,"","68831b73-a64b-4c7d-b8e3-815d65400181",NA,"",NA,NA,NA,26.444199,NA,"",NA,NA,NA,NA,NA,"Invertebrate Zoology",NA,"",NA,"","FMOK11-St-19","","",NA,"",NA,NA,NA,NA,"",NA,"","Aspidochirotida","",NA,NA,NA,"Holothuroidea","",NA,"",NA,NA,NA,NA,NA,NA,NA,"",NA
"1767","",NA,NA,NA,NA,NA,NA,NA,"Holothuria verrucosa",NA,NA,NA,NA,NA,NA,NA,"",NA,"","872733a2-67a3-4c54-aa76-862735a5f334","verrucosa","","","",NA,NA,NA,NA,"",NA,NA,NA,NA,"",171.34597,"","FLMNH","François Michonneau & Sun Kim","Republic of the Marshall Islands","Majuro Atoll",NA,NA,2008,NA,NA,NA,NA,"","",NA,NA,NA,NA,"2014-09-12T16:07:40.377Z",NA,"",NA,NA,"PreservedSpecimen",NA,"",NA,NA,"",NA,NA,NA,"",NA,NA,NA,NA,NA,"42973944-12c8-4bb6-b834-5da73969c444",NA,"",3,NA,NA,NA,NA,NA,NA,NA,4,NA,NA,NA,NA,NA,"",NA,NA,"",NA,NA,"5746990216bfe3116d5b6830140062abdbd5b52e","09/08/2014",NA,"",NA,NA,NA,NA,NA,NA,NA,"",NA,NA,"","",NA,"","",NA,NA,NA,"","","",NA,"Holothuriidae",NA,"Holothuria",NA,NA,NA,NA,"Selenka",NA,NA,NA,NA,NA,NA,NA,NA,NA,"6790-Echinodermata","",NA,"Marshall Islands","","",NA,"29E22266-AB1B-4C74-AAA1-D5CAFD1198CF","","",NA,NA,NA,NA,"","42973944-12c8-4bb6-b834-5da73969c444",NA,"",NA,NA,NA,7.08144,NA,"",NA,NA,NA,NA,NA,"Invertebrate Zoology",NA,"",NA,"","FM-St-MAJ08-01","","",NA,"",NA,NA,NA,NA,"",NA,"","Aspidochirotida","",NA,NA,NA,"Holothuroidea","",NA,"",NA,NA,NA,NA,NA,NA,NA,"",NA
"1989","",NA,NA,NA,NA,NA,NA,NA,"Holothuria verrucosa",NA,NA,NA,NA,NA,NA,NA,"",NA,"","872733a2-67a3-4c54-aa76-862735a5f334","verrucosa","","","",NA,NA,NA,NA,"",NA,NA,NA,NA,"",-149.833333,"","FLMNH","Machel Malay & Esther Emmanuelli","French Polynesia","Moorea Island",NA,NA,2006,NA,NA,NA,NA,"","",NA,NA,NA,NA,"2014-09-12T17:36:17.609Z",NA,"",NA,NA,"PreservedSpecimen",NA,"",NA,NA,"",NA,NA,NA,"",NA,NA,NA,NA,NA,"346b5d11-095b-4929-8289-8d4e8715af09",NA,"",22,NA,NA,NA,NA,NA,NA,NA,4,NA,NA,NA,NA,NA,"",NA,NA,"",NA,NA,"78483147a21eea333302814cc087e9e98105feec","09/08/2014",NA,"",NA,NA,NA,NA,NA,NA,NA,"",NA,NA,"","",NA,"","",NA,NA,NA,"","","",NA,"Holothuriidae",NA,"Holothuria",NA,NA,NA,NA,"Selenka",NA,NA,NA,NA,NA,NA,NA,NA,NA,"5111-Echinodermata","",NA,"Society Islands","","",NA,"1847FE34-166A-4425-8078-08AF3FE6133F","","",NA,NA,NA,NA,"","346b5d11-095b-4929-8289-8d4e8715af09",NA,"",NA,NA,NA,-17.533333,NA,"",NA,NA,NA,NA,NA,"Invertebrate Zoology",NA,"",NA,"","MMOOR-14","","",NA,"",NA,NA,NA,NA,"",NA,"","Aspidochirotida","",NA,NA,NA,"Holothuroidea","",NA,"",NA,NA,NA,NA,NA,NA,NA,"",NA
"2129","",NA,NA,NA,NA,NA,NA,NA,"Holothuria verrucosa",NA,NA,NA,NA,NA,NA,NA,"",NA,"","872733a2-67a3-4c54-aa76-862735a5f334","verrucosa","","","",NA,NA,NA,NA,"",NA,NA,NA,NA,"",NA,"","FLMNH","François Michonneau, Molly Timmers","Australia","",NA,NA,2009,NA,NA,NA,NA,"","",NA,NA,NA,NA,"2014-09-12T11:00:36.191Z",NA,"",NA,NA,"PreservedSpecimen",NA,"",NA,NA,"",NA,NA,NA,"",NA,NA,NA,NA,NA,"5336b910-5f95-4058-9339-638d00b1c971",NA,"",15,NA,NA,NA,NA,NA,NA,NA,2,NA,NA,NA,NA,NA,"",NA,NA,"",NA,NA,"d947617802493f6b4e18c735f1a781b171493519","09/08/2014",NA,"",NA,NA,NA,NA,NA,NA,NA,"",NA,NA,"","",NA,"","",NA,NA,NA,"","","",NA,"Holothuriidae",NA,"Holothuria",NA,NA,NA,NA,"Selenka",NA,NA,NA,NA,NA,NA,NA,NA,NA,"8335-Echinodermata","",NA,"Queensland","","",NA,"64A10C43-C9A6-4DAD-983C-FBF5B1305383","","",NA,NA,NA,NA,"","5336b910-5f95-4058-9339-638d00b1c971",NA,"",NA,NA,NA,NA,NA,"",NA,NA,NA,NA,NA,"Invertebrate Zoology",NA,"",NA,"","AUST-ST-045","","",NA,"",NA,NA,NA,NA,"",NA,"","Aspidochirotida","",NA,NA,NA,"Holothuroidea","",NA,"",NA,NA,NA,NA,NA,NA,NA,"",NA
"2154","",NA,NA,NA,NA,NA,NA,NA,"Holothuria verrucosa",NA,NA,NA,NA,NA,NA,NA,"",NA,"","872733a2-67a3-4c54-aa76-862735a5f334","verrucosa","","","",NA,NA,NA,NA,"",NA,NA,NA,NA,"",-149.83159,"","FLMNH","BioCode IZ/ARMS team","French Polynesia","Moorea Island",NA,NA,2012,NA,NA,NA,NA,"","",NA,NA,NA,NA,"2014-09-12T11:40:20.834Z",NA,"",NA,NA,"PreservedSpecimen",NA,"",NA,NA,"",NA,NA,NA,"",NA,NA,NA,NA,NA,"9c933827-a6ac-451f-b171-f41cee62e675",NA,"",1,NA,NA,NA,NA,NA,NA,NA,2,NA,NA,NA,NA,NA,"",NA,NA,"",NA,NA,"204323fbf169595f78329ee047cf16bd19799794","09/08/2014",NA,"",NA,NA,NA,NA,NA,NA,NA,"",NA,NA,"","",NA,"","",NA,NA,NA,"","","",NA,"Holothuriidae",NA,"Holothuria",NA,NA,NA,NA,"Selenka",NA,NA,NA,NA,NA,NA,NA,NA,NA,"12464-Echinodermata","",NA,"Society Islands","","",NA,"EA3385B6-52C3-4261-B87B-530FB4F048CC","","",NA,NA,NA,NA,"","9c933827-a6ac-451f-b171-f41cee62e675",NA,"",NA,NA,NA,-17.47638,NA,"",NA,NA,NA,NA,NA,"Invertebrate Zoology",NA,"",NA,"","BIZ-783","","",NA,"",NA,NA,NA,NA,"",NA,"","Aspidochirotida","",NA,NA,NA,"Holothuroidea","",NA,"",NA,NA,NA,NA,NA,NA,NA,"",NA
"2209","",NA,NA,NA,NA,NA,NA,NA,"Holothuria verrucosa",NA,NA,NA,NA,NA,NA,NA,"",NA,"","872733a2-67a3-4c54-aa76-862735a5f334","verrucosa","","","",NA,NA,NA,NA,"",NA,NA,NA,NA,"",-166.2602,"","FLMNH","John Starmer, Gustav Paulay, Sea McKeon, Scott Godwin & Jim Maragos","USA","French Frigate Shoals",NA,NA,2006,NA,NA,NA,NA,"","",NA,NA,NA,NA,"2014-09-12T18:50:12.249Z",NA,"",NA,NA,"PreservedSpecimen",NA,"",NA,NA,"",NA,NA,NA,"",NA,NA,NA,NA,NA,"295693c9-b2ad-4bbd-a112-6a7e8a47a418",NA,"",25,NA,NA,NA,NA,NA,NA,NA,10,NA,NA,NA,NA,NA,"",NA,NA,"",NA,NA,"ef942b7426faf5af5494d24b889e2fedd8cd47c7","09/08/2014",NA,"",NA,NA,NA,NA,NA,NA,NA,"",NA,NA,"","",NA,"","",NA,NA,NA,"","","",NA,"Holothuriidae",NA,"Holothuria",NA,NA,NA,NA,"Selenka",NA,NA,NA,NA,NA,NA,NA,NA,NA,"6253-Echinodermata","",NA,"Hawaiian Islands","","",NA,"99A1675D-A7EB-4751-ACB3-53F45039D942","","",NA,NA,NA,NA,"","295693c9-b2ad-4bbd-a112-6a7e8a47a418",NA,"",NA,NA,NA,23.7683,NA,"",NA,NA,NA,NA,NA,"Invertebrate Zoology",NA,"",NA,"","FFS-0187","","",NA,"",NA,NA,NA,NA,"",NA,"","Aspidochirotida","",NA,NA,NA,"Holothuroidea","",NA,"",NA,NA,NA,NA,NA,NA,NA,"",NA
"2226","",NA,NA,NA,NA,NA,NA,NA,"Holothuria verrucosa",NA,NA,NA,NA,NA,NA,NA,"",NA,"","872733a2-67a3-4c54-aa76-862735a5f334","verrucosa","","","",NA,NA,NA,NA,"",NA,NA,NA,NA,"",55.229444,"","FLMNH","Henrich Bruggemann, Nicolas Hubert, Francois Michonneau & Gustav Paulay","France","Reunion Island",NA,NA,2007,NA,NA,NA,NA,"","",NA,NA,NA,NA,"2014-09-12T16:03:43.279Z",NA,"",NA,NA,"PreservedSpecimen",NA,"",NA,NA,"",NA,NA,NA,"",NA,NA,NA,NA,NA,"dda3ebb2-dde3-4ff8-9efd-9e2c652c8438",NA,"",14,NA,NA,NA,NA,NA,NA,NA,8,NA,NA,NA,NA,NA,"",NA,NA,"",NA,NA,"0bea148e309833eba4342cc1394b5930e689ce87","09/08/2014",NA,"",NA,NA,NA,NA,NA,NA,NA,"",NA,NA,"","",NA,"","",NA,NA,NA,"","","",NA,"Holothuriidae",NA,"Holothuria",NA,NA,NA,NA,"Selenka",NA,NA,NA,NA,NA,NA,NA,NA,NA,"6568-Echinodermata","",NA,"Mascarene Islands","","",NA,"58631E87-5658-4101-992A-57FD4F44ADD8","","",NA,NA,NA,NA,"","dda3ebb2-dde3-4ff8-9efd-9e2c652c8438",NA,"",NA,NA,NA,-21.090833,NA,"",NA,NA,NA,NA,NA,"Invertebrate Zoology",NA,"",NA,"","SWIO-18","","",NA,"",NA,NA,NA,NA,"",NA,"","Aspidochirotida","",NA,NA,NA,"Holothuroidea","",NA,"",NA,NA,NA,NA,NA,NA,NA,"",NA
"2228","",NA,NA,NA,NA,NA,NA,NA,"Holothuria verrucosa",NA,NA,NA,NA,NA,NA,NA,"",NA,"","872733a2-67a3-4c54-aa76-862735a5f334","verrucosa","","","",NA,NA,NA,NA,"",NA,NA,NA,NA,"",171.03608,"","FLMNH","François Michonneau & Sun Kim","Republic of the Marshall Islands","Majuro Atoll",NA,NA,2008,NA,NA,NA,NA,"","",NA,NA,NA,NA,"2014-09-12T15:17:51.156Z",NA,"",NA,NA,"PreservedSpecimen",NA,"",NA,NA,"",NA,NA,NA,"",NA,NA,NA,NA,NA,"cf60535a-5727-4d9a-a590-920042b16c83",NA,"",4,NA,NA,NA,NA,NA,NA,NA,4,NA,NA,NA,NA,NA,"",NA,NA,"",NA,NA,"a7f3c1c8cfc59dbdbe54e732f749370fb79673e0","09/08/2014",NA,"",NA,NA,NA,NA,NA,NA,NA,"",NA,NA,"","",NA,"","",NA,NA,NA,"","","",NA,"Holothuriidae",NA,"Holothuria",NA,NA,NA,NA,"Selenka",NA,NA,NA,NA,NA,NA,NA,NA,NA,"6793-Echinodermata","",NA,"Marshall Islands","","",NA,"F7E383AA-A309-4C0D-9006-DFD0D70FA8D6","","",NA,NA,NA,NA,"","cf60535a-5727-4d9a-a590-920042b16c83",NA,"",NA,NA,NA,7.16517,NA,"",NA,NA,NA,NA,NA,"Invertebrate Zoology",NA,"",NA,"","FM-St-MAJ08-02","","",NA,"",NA,NA,NA,NA,"",NA,"","Aspidochirotida","",NA,NA,NA,"Holothuroidea","",NA,"",NA,NA,NA,NA,NA,NA,NA,"",NA
"2240","",NA,NA,NA,NA,NA,NA,NA,"Holothuria verrucosa",NA,NA,NA,NA,NA,NA,NA,"",NA,"","872733a2-67a3-4c54-aa76-862735a5f334","verrucosa","","","",NA,NA,NA,NA,"",NA,NA,NA,NA,"",167,"","FLMNH","Meyer, C. P.","Vanuatu","",NA,NA,2005,NA,NA,NA,NA,"","",NA,NA,NA,NA,"2014-09-12T14:53:36.087Z",NA,"",NA,NA,"PreservedSpecimen",NA,"",NA,NA,"",NA,NA,NA,"",NA,NA,NA,NA,NA,"99e40ab8-0dc1-44c1-8350-4208b7023d30",NA,"",NA,NA,NA,NA,NA,NA,NA,NA,1,NA,NA,NA,NA,NA,"",NA,NA,"",NA,NA,"f5df851b1968bc154c0ea7ff23ec9010d3dd6a35","09/08/2014",NA,"",NA,NA,NA,NA,NA,NA,NA,"",NA,NA,"","",NA,"","",NA,NA,NA,"","","",NA,"Holothuriidae",NA,"Holothuria",NA,NA,NA,NA,"Selenka",NA,NA,NA,NA,NA,NA,NA,NA,NA,"4873-Echinodermata","",NA,"Sanma Province","","",NA,"41CA7E8F-453C-4A59-A59D-3830580914E4","","",NA,NA,NA,NA,"","99e40ab8-0dc1-44c1-8350-4208b7023d30",NA,"",NA,NA,NA,-15,NA,"",NA,NA,NA,NA,NA,"Invertebrate Zoology",NA,"",NA,"","CPM-VAN","","",NA,"",NA,NA,NA,NA,"",NA,"","Aspidochirotida","",NA,NA,NA,"Holothuroidea","",NA,"",NA,NA,NA,NA,NA,NA,NA,"",NA
"2363","",NA,NA,NA,NA,NA,NA,NA,"Holothuria verrucosa",NA,NA,NA,NA,NA,NA,NA,"",NA,"","872733a2-67a3-4c54-aa76-862735a5f334","verrucosa","","","ECHINODERMATA",NA,NA,NA,NA,"75% EtOH",NA,NA,NA,NA,"Animalia",NA,"","CAS","J.E. Norton","Philippines","",NA,NA,1966,NA,NA,NA,NA,"en","",NA,NA,NA,NA,"2014-03-20T21:06:56.490Z",NA,"",NA,NA,"PreservedSpecimen",NA,"",NA,NA,"PhysicalObject",NA,NA,NA,"",NA,NA,NA,NA,NA,"402acbee-562c-4751-8125-394fb78c35fc",NA,"",11,2,NA,NA,NA,NA,NA,NA,6,NA,NA,NA,NA,NA,"29-7 fm",NA,NA,"",NA,NA,"7db666ffb90541c1759b95f036da21c395af9d7b","",NA,"Animalia: ECHINODERMATA: HOLOTHUROIDEA: ASPIDOCHIROTIA: ASPIDOCHIROTIDA: Holothuriidae",NA,NA,NA,NA,NA,NA,NA,"PHILIPPINES: Luzon Island: Zambales",NA,NA,"","",NA,"","",12.8016,NA,NA,"","1997-07-01 00:00:00.0","",NA,"Holothuriidae",NA,"Holothuria",NA,NA,NA,NA,"Selenka, 1867",NA,NA,NA,NA,NA,NA,NA,NA,NA,"111365.0","",NA,"","","",NA,"urn:catalog:CAS:IZ:111365","23","Rene G. Ledesma",NA,NA,NA,NA,"","402acbee-562c-4751-8125-394fb78c35fc",NA,"",53.0352,NA,NA,NA,NA,"11 Jun 1966",NA,NA,162,NA,NA,"IZ",NA,"",NA,"","","1966-06-11 00:00:00.0","",NA,"",NA,NA,NA,NA,"",NA,"","","inside Silanguim Bay.",NA,NA,NA,"","",NA,"",NA,NA,NA,NA,NA,NA,NA,"",NA
"2511","",NA,NA,NA,NA,NA,NA,NA,"Holothuria verrucosa",NA,NA,NA,NA,NA,NA,NA,"",NA,"","872733a2-67a3-4c54-aa76-862735a5f334","verrucosa","","","",NA,NA,NA,NA,"",NA,NA,NA,NA,"",NA,"","FLMNH","Pittman, C.","USA","Maui Island",NA,NA,1998,NA,NA,NA,NA,"","",NA,NA,NA,NA,"2014-09-12T09:44:23.784Z",NA,"",NA,NA,"PreservedSpecimen",NA,"",NA,NA,"",NA,NA,NA,"",NA,NA,NA,NA,NA,"75bcb1f9-485e-4afb-9e62-90336cbc3d33",NA,"",13,NA,NA,NA,NA,NA,NA,NA,11,NA,NA,NA,NA,NA,"",NA,NA,"",NA,NA,"71ebdaa08d2b60f47c11f1198fa30fec54396003","09/08/2014",NA,"",NA,NA,NA,NA,NA,NA,NA,"",NA,NA,"","",NA,"","",NA,NA,NA,"","","",NA,"Holothuriidae",NA,"Holothuria",NA,NA,NA,NA,"Selenka",NA,NA,NA,NA,NA,NA,NA,NA,NA,"940-Echinodermata","",NA,"Hawaiian Islands","","",NA,"AE71B374-CE24-4CCC-B02E-D7151F6C3507","","",NA,NA,NA,NA,"","75bcb1f9-485e-4afb-9e62-90336cbc3d33",NA,"",NA,NA,NA,NA,NA,"",NA,NA,NA,NA,NA,"Invertebrate Zoology",NA,"",NA,"","ZZZ-086984","","",NA,"",NA,NA,NA,NA,"",NA,"","Aspidochirotida","",NA,NA,NA,"Holothuroidea","",NA,"",NA,NA,NA,NA,NA,NA,NA,"",NA
"2593","",NA,NA,NA,NA,NA,NA,NA,"Holothuria verrucosa",NA,NA,NA,NA,NA,NA,NA,"",NA,"","872733a2-67a3-4c54-aa76-862735a5f334","verrucosa","","","",NA,NA,NA,NA,"",NA,NA,NA,NA,"",48.23655,"","FLMNH","G. Bakary, F. Michonneau, G. Paulay, T. Werner","Madagascar","",NA,NA,2008,NA,NA,NA,NA,"","",NA,NA,NA,NA,"2014-09-12T15:21:32.242Z",NA,"",NA,NA,"PreservedSpecimen",NA,"",NA,NA,"",NA,NA,NA,"",NA,NA,NA,NA,NA,"5eb68408-63cf-43aa-aff4-ccaaf59ca4fd",NA,"",23,NA,NA,NA,NA,NA,NA,NA,5,NA,NA,NA,NA,NA,"",NA,NA,"",NA,NA,"f389520313ed93e19bd697512bf1109aa21ee4d7","09/08/2014",NA,"",NA,NA,NA,NA,NA,NA,NA,"",NA,NA,"","",NA,"","",NA,NA,NA,"","","",NA,"Holothuriidae",NA,"Holothuria",NA,NA,NA,NA,"Selenka",NA,NA,NA,NA,NA,NA,NA,NA,NA,"7252-Echinodermata","",NA,"","","",NA,"B01F6005-944C-4AD8-BFC7-FB2FDA208629","","",NA,NA,NA,NA,"","5eb68408-63cf-43aa-aff4-ccaaf59ca4fd",NA,"",NA,NA,NA,-13.4789,NA,"",NA,NA,NA,NA,NA,"Invertebrate Zoology",NA,"",NA,"","MGNW-47","","",NA,"",NA,NA,NA,NA,"",NA,"","Aspidochirotida","",NA,NA,NA,"Holothuroidea","",NA,"",NA,NA,NA,NA,NA,NA,NA,"",NA
"2604","",NA,NA,NA,NA,NA,NA,NA,"Holothuria verrucosa",NA,NA,NA,NA,NA,NA,NA,"",NA,"","872733a2-67a3-4c54-aa76-862735a5f334","verrucosa","","","",NA,NA,NA,NA,"",NA,NA,NA,NA,"",48.23655,"","FLMNH","G. Bakary, F. Michonneau, G. Paulay, T. Werner","Madagascar","",NA,NA,2008,NA,NA,NA,NA,"","",NA,NA,NA,NA,"2014-09-12T18:30:00.103Z",NA,"",NA,NA,"PreservedSpecimen",NA,"",NA,NA,"",NA,NA,NA,"",NA,NA,NA,NA,NA,"f9c2cf5c-416e-4900-be44-279241e11c57",NA,"",23,NA,NA,NA,NA,NA,NA,NA,5,NA,NA,NA,NA,NA,"",NA,NA,"",NA,NA,"9904f8fbf3662f7ab21fa83f20d7ca8664abeb37","09/08/2014",NA,"",NA,NA,NA,NA,NA,NA,NA,"",NA,NA,"","",NA,"","",NA,NA,NA,"","","",NA,"Holothuriidae",NA,"Holothuria",NA,NA,NA,NA,"Selenka",NA,NA,NA,NA,NA,NA,NA,NA,NA,"7267-Echinodermata","",NA,"","","",NA,"BEB66254-6C7A-4223-85AD-373C3014B0FA","","",NA,NA,NA,NA,"","f9c2cf5c-416e-4900-be44-279241e11c57",NA,"",NA,NA,NA,-13.4789,NA,"",NA,NA,NA,NA,NA,"Invertebrate Zoology",NA,"",NA,"","MGNW-47","","",NA,"",NA,NA,NA,NA,"",NA,"","Aspidochirotida","",NA,NA,NA,"Holothuroidea","",NA,"",NA,NA,NA,NA,NA,NA,NA,"",NA
"2785","",NA,NA,NA,NA,NA,NA,NA,"Holothuria verrucosa",NA,NA,NA,NA,NA,NA,NA,"",NA,"","872733a2-67a3-4c54-aa76-862735a5f334","verrucosa","","","",NA,NA,NA,NA,"",NA,NA,NA,NA,"",144.8,"","FLMNH","Paulay, G., Malay, M., Bonito, V.","USA","Guam Island",NA,NA,2003,NA,NA,NA,NA,"","",NA,NA,NA,NA,"2014-09-12T10:14:34.275Z",NA,"",NA,NA,"PreservedSpecimen",NA,"",NA,NA,"",NA,NA,NA,"",NA,NA,NA,NA,NA,"6ced82ec-db84-40e9-bac4-0ae3e37f85fd",NA,"",19,NA,NA,NA,NA,NA,NA,NA,7,NA,NA,NA,NA,NA,"",NA,NA,"",NA,NA,"c652112f63d164edaa141dbf3ac9422affeb9229","09/08/2014",NA,"",NA,NA,NA,NA,NA,NA,NA,"",NA,NA,"","",NA,"","",NA,NA,NA,"","","",NA,"Holothuriidae",NA,"Holothuria",NA,NA,NA,NA,"Selenka",NA,NA,NA,NA,NA,NA,NA,NA,NA,"4677-Echinodermata","",NA,"Mariana Islands","","",NA,"A34297E8-2F59-4BAD-ACCC-371032373B77","","",NA,NA,NA,NA,"","6ced82ec-db84-40e9-bac4-0ae3e37f85fd",NA,"",NA,NA,NA,13.5,NA,"",NA,NA,NA,NA,NA,"Invertebrate Zoology",NA,"",NA,"","GP-Loc-764","","",NA,"",NA,NA,NA,NA,"",NA,"","Aspidochirotida","",NA,NA,NA,"Holothuroidea","",NA,"",NA,NA,NA,NA,NA,NA,NA,"",NA
"2789","",NA,NA,NA,NA,NA,NA,NA,"Holothuria verrucosa",NA,NA,NA,NA,NA,NA,NA,"",NA,"","872733a2-67a3-4c54-aa76-862735a5f334","verrucosa","","","",NA,NA,NA,NA,"",NA,NA,NA,NA,"",48.3642,"","FLMNH","G. Bakary, H. Bruggemann, F. Michonneau, G. Paulay, T. Werner","Madagascar","",NA,NA,2008,NA,NA,NA,NA,"","",NA,NA,NA,NA,"2014-09-12T09:25:12.848Z",NA,"",NA,NA,"PreservedSpecimen",NA,"",NA,NA,"",NA,NA,NA,"",NA,NA,NA,NA,NA,"8a72a183-d4ef-4a06-bd01-ec446c5295a0",NA,"",15,NA,NA,NA,NA,NA,NA,NA,5,NA,NA,NA,NA,NA,"",NA,NA,"",NA,NA,"14d805c992b7eefd2e895c7ac94360de50e89d47","09/08/2014",NA,"",NA,NA,NA,NA,NA,NA,NA,"",NA,NA,"","",NA,"","",NA,NA,NA,"","","",NA,"Holothuriidae",NA,"Holothuria",NA,NA,NA,NA,"Selenka",NA,NA,NA,NA,NA,NA,NA,NA,NA,"7489-Echinodermata","",NA,"","","",NA,"FC6DCF45-0CFD-4CAD-883E-60202F248C43","","",NA,NA,NA,NA,"","8a72a183-d4ef-4a06-bd01-ec446c5295a0",NA,"",NA,NA,NA,-13.4244,NA,"",NA,NA,NA,NA,NA,"Invertebrate Zoology",NA,"",NA,"","MGNW-20","","",NA,"",NA,NA,NA,NA,"",NA,"","Aspidochirotida","",NA,NA,NA,"Holothuroidea","",NA,"",NA,NA,NA,NA,NA,NA,NA,"",NA
"2851","",NA,NA,NA,NA,NA,NA,NA,"Holothuria verrucosa",NA,NA,NA,NA,NA,NA,NA,"",NA,"","872733a2-67a3-4c54-aa76-862735a5f334","verrucosa","","","",NA,NA,NA,NA,"",NA,NA,NA,NA,"",-149.4,"","FLMNH","Paulay, G.","French Polynesia","Tahiti Island",NA,NA,1984,NA,NA,NA,NA,"","",NA,NA,NA,NA,"2014-09-12T10:31:31.568Z",NA,"",NA,NA,"PreservedSpecimen",NA,"",NA,NA,"",NA,NA,NA,"",NA,NA,NA,NA,NA,"1e2a7e1c-624d-48ae-b148-28ce5a392b3d",NA,"",3,NA,NA,NA,NA,NA,NA,NA,9,NA,NA,NA,NA,NA,"",NA,NA,"",NA,NA,"09d79443aed42db01ae1e675918eca8cbd4afd0f","09/08/2014",NA,"",NA,NA,NA,NA,NA,NA,NA,"",NA,NA,"","",NA,"","",NA,NA,NA,"","","",NA,"Holothuriidae",NA,"Holothuria",NA,NA,NA,NA,"Selenka",NA,NA,NA,NA,NA,NA,NA,NA,NA,"2456-Echinodermata","",NA,"Society Islands","","",NA,"EC62ABBB-42D2-4298-B16F-F5DC3144B11B","","",NA,NA,NA,NA,"","1e2a7e1c-624d-48ae-b148-28ce5a392b3d",NA,"",NA,NA,NA,-17.6,NA,"",NA,NA,NA,NA,NA,"Invertebrate Zoology",NA,"",NA,"","MTAH-005","","",NA,"",NA,NA,NA,NA,"",NA,"","Aspidochirotida","",NA,NA,NA,"Holothuroidea","",NA,"",NA,NA,NA,NA,NA,NA,NA,"",NA
