"","dwc.verbatimSRS","dwc.decimalLatitude","dwc.maximumDepthInMeters","dwc.minimumDepthInMeters","dwc.eventTime","dwc.geodeticDatum","dcterms.modified","dwc.month","dwc.datasetID","dwc.vernacularName","dwc.subgenus","idigbio.endangeredStatus","idigbio.recordIds","dwc.sex","dcterms.accessRights","fcc.pickedBy","dwc.eventRemarks","dwc.georeferenceRemarks","dwc.countryCode","inhs.juv_males","inhs.instars_Female","dwc.occurrenceStatus","dwc.typeStatus","inhs.location_Stream","inhs.relic","dwc.bed","symbiotaverbatimScientificName","dwc.county","dwc.scientificNameAuthorship","dwc.taxonRemarks","dwc.georeferencedBy","dwc.higherClassification","dwc.municipality","dwc.georeferencedDate","dwc.footprintWKT","dwc.identificationQualifier","idigbio.tribe","dwc.behavior","dwc.associatedSequences","symbiota.verbatimScientificName","dwc.verbatimLocality","dwc.latestEpochOrHighestSeries","dcterms.rightsHolder","dwc.latestAgeOrHighestStage","dwc.occurrenceRemarks","dwc.reproductiveCondition","idigbio.subgenus","dwc.preparations","dwc.rightsHolder","dcterms.language","dwc.identificationReferences","dwc.previousIdentifications","dwc.verbatimTaxonRank","inhs.superfamily","dwc.individualCount","dwc.maximumElevationInMeters","dwc.institutionCode","dwc.taxonRank","idigbio.preparationCount","dwc.identificationID","dwc.earliestEpochOrLowestSeries","dwc.samplingProtocol","fcc.datePicked","dwc.georeferenceProtocol","inhs.formII_males","dwc.dynamicProperties","dwc.identificationRemarks","dwc.family","dwc.group","dwc.verbatimLongitude","dwc.order","idigbio.recordID","idigbio.barcodeValue","inhs.locationTrs","dwc.locality","dwc.locationID","dwc.collectionID","idigbio.version","inhs.instars_Male","idigbio.substrate","inhs.dead","dcterms.source","dwc.verbatimCoordinates","dwc.basisOfRecord","dwc.namePublishedIn","dwc.institutionID","dwc.latestPeriodOrHighestSystem","dwc.minimumElevationInMeters","dwc.locationAccordingTo","dwc.occurrenceID","dwc.accessRights","dwc.taxonID","dcterms.bibliographicCitation","dwc.individualID","dwc.coordinatePrecision","dwc.genus","dwc.fieldNotes","dwc.higherGeography","dwc.coordinateUncertaintyInMeters","dwc.datasetName","dwc.day","dwc.formation","idigbio.uuid","inhs.live","dwc.ownerInstitutionCode","dwc.specificEpithet","dwc.rights","http...symbiota.org.terms.verbatimScientificName","dwc.nomenclaturalCode","inhs.juv_females","dwc.collectionCode","dwc.samplingEffort","dwc.verbatimElevation","dcterms.type","dwc.identifiedBy","dwc.disposition","idigbio.associateDeterminedBy","dwc.dataGeneralizations","dwc.eventID","dwc.verbatimLatitude","dwc.associatedOccurrences","idigbio.preservative","dwc.originalNameUsage","dwc.locationRemarks","dwc.stateProvince","inhs.location_Basin","dwc.islandGroup","dwc.verbatimCoordinateSystem","dwc.latestEraOrHighestErathem","fcc.subfamily","idigbio.determinationHistory","dwc.island","inhs.formII_females","dwc.startDayOfYear","dwc.associatedMedia","dwc.continent","idigbio.associateNotes","dwc.lowestBiostratigraphicZone","dwc.otherCatalogNumbers","dwc.relatedResourceID","dwc.verbatimEventDate","inhs.juv_undetermined","dwc.earliestAgeOrLowestStage","dwc.eventDate","idigbio.createdBy","inhs.total_females","dwc.informationWithheld","dwc.VerbatimEventDate","dcterms.rights","dwc.decimalLongitude","dwc.phylum","dwc.year","dwc.earliestEraOrLowestErathem","inhs.formI_males","dwc.kingdom","idigbio.associateAuthor","dwc.establishmentMeans","dwc.member","idigbio.associateCommonName","dwc.earliestPeriodOrLowestSystem","dwc.fieldNumber","inhs.total_Males","idigbio.etag","dwc.associatedReferences","dwc.lifeStage","dcterms.reference","dwc.nameAccordingTo","idigbio.dateModified","dwc.identificationVerificationStatus","idigbio.hostFamily","dwc.scientificNameID","dcterms.references","dwc.waterBody","dwc.class","dwc.georeferenceVerificationStatus","idigbio.associatedRelationship","idigbio.associatedFamily","dwc.recordedBy","dwc.recordNumber","dwc.habitat","dwc.endDayOfYear","dwc.scientificName","row.number","dwc.georeferenceSources","dwc.dateIdentified","idigbio.associateCondition","idigbio.associateIdentifier","dwc.namePublishedInID","dwc.country","idigbio.recordId","dwc.infraspecificEpithet","fcc.superfamily","idigbio.subfamily","dwc.verbatimDepth","dwc.catalogNumber","idigbio.associateRelationship","dwc.nomenclaturalStatus","dwc.lithostratigraphicTerms","id","inhs.location_RiverMile","dwc.preparation","inhs.vouchered","dwc.associatedTaxa"
"379",NA,-17.47579,NA,NA,NA,"","09/08/2014",10,NA,NA,NA,NA,NA,"",NA,NA,"","",NA,NA,NA,NA,"",NA,NA,NA,NA,"Moorea Island","Cherbonnier",NA,"","",NA,NA,NA,NA,NA,NA,NA,NA,NA,NA,"",NA,NA,NA,NA,"",NA,"",NA,NA,NA,NA,NA,NA,"FLMNH",NA,NA,NA,NA,"",NA,"",NA,"","","Holothuriidae",NA,"","Aspidochirotida",NA,NA,NA,"","MIB_128",NA,NA,NA,NA,NA,NA,"","PreservedSpecimen",NA,"",NA,NA,NA,"77888830-7C05-4316-974C-40462EDDB280",NA,NA,NA,NA,NA,"Holothuria",NA,"",NA,NA,24,NA,"cffd80ad-c189-4e09-9e89-35c2b764a9b5",NA,"","turriscelsa",NA,NA,"",NA,"Invertebrate Zoology",NA,NA,"","","",NA,NA,NA,"","",NA,NA,"","Society Islands",NA,NA,"",NA,NA,NA,NA,NA,NA,"","",NA,NA,"",NA,"",NA,NA,"","872733a2-67a3-4c54-aa76-862735a5f334",NA,NA,NA,NA,-149.83142,"",2008,NA,NA,"",NA,NA,NA,NA,NA,"",NA,"ae73bd58dcd3e91849a67c9c92df1db4ba92fe29","",NA,NA,NA,"2014-09-12T09:12:48.861Z","",NA,NA,"","","Holothuroidea",NA,NA,NA,"S. Fay, J. Moore, S. McKeon, C. Meyer, G. Paulay","","",NA,"Holothuria turriscelsa",NA,"","",NA,NA,NA,"French Polynesia",NA,"",NA,NA,"","8037-Echinodermata",NA,NA,NA,"cffd80ad-c189-4e09-9e89-35c2b764a9b5",NA,NA,NA,NA
"471",NA,28.184617,NA,NA,NA,"","09/08/2014",10,NA,NA,NA,NA,NA,"",NA,NA,"","",NA,NA,NA,NA,"",NA,NA,NA,NA,"","Cherbonnier",NA,"","",NA,NA,NA,NA,NA,NA,NA,NA,NA,NA,"",NA,NA,NA,NA,"",NA,"",NA,NA,NA,NA,NA,NA,"FLMNH",NA,NA,NA,NA,"",NA,"",NA,"","","Holothuriidae",NA,"","Aspidochirotida",NA,NA,NA,"","NORS-17E",NA,NA,NA,NA,NA,NA,"","PreservedSpecimen",NA,"",NA,NA,NA,"733B2BA2-785E-4BE4-9031-F1DA1FF07009",NA,NA,NA,NA,NA,"Holothuria",NA,"",NA,NA,1,NA,"fd0330f1-a998-44e3-a66d-d39571842874",NA,"","turriscelsa",NA,NA,"",NA,"Invertebrate Zoology",NA,NA,"","","",NA,NA,NA,"","",NA,NA,"","",NA,NA,"",NA,NA,NA,NA,NA,NA,"","",NA,NA,"",NA,"",NA,NA,"","872733a2-67a3-4c54-aa76-862735a5f334",NA,NA,NA,NA,34.638117,"",2013,NA,NA,"",NA,NA,NA,NA,NA,"",NA,"2e6e0ac4c248b887103adb4dcd587c5eeeee7227","",NA,NA,NA,"2014-09-12T12:52:03.214Z","",NA,NA,"","","Holothuroidea",NA,NA,NA,"Gustav Paulay, Daisuke Uyeno, Casey Zakroff","","",NA,"Holothuria turriscelsa",NA,"","",NA,NA,NA,"Saudi Arabia",NA,"",NA,NA,"","14231-Echinodermata",NA,NA,NA,"fd0330f1-a998-44e3-a66d-d39571842874",NA,NA,NA,NA
"841",NA,-5.200333,NA,NA,NA,"","09/08/2014",11,NA,NA,NA,NA,NA,"",NA,NA,"","",NA,NA,NA,NA,"",NA,NA,NA,NA,"","Cherbonnier",NA,"","",NA,NA,NA,NA,NA,NA,NA,NA,NA,NA,"",NA,NA,NA,NA,"",NA,"",NA,NA,NA,NA,NA,NA,"FLMNH",NA,NA,NA,NA,"",NA,"",NA,"","","Holothuriidae",NA,"","Aspidochirotida",NA,NA,NA,"","PR86",NA,NA,NA,NA,NA,NA,"","PreservedSpecimen",NA,"",NA,NA,NA,"0E834DDB-363B-454B-9BD4-E8DAA85FEB63",NA,NA,NA,NA,NA,"Holothuria",NA,"",NA,NA,22,NA,"19e4e257-e6d3-4ccf-96ce-7293174b7661",NA,"","turriscelsa",NA,NA,"",NA,"Invertebrate Zoology",NA,NA,"","","",NA,NA,NA,"","",NA,NA,"","Madang Province",NA,NA,"",NA,NA,NA,NA,NA,NA,"","",NA,NA,"",NA,"",NA,NA,"","872733a2-67a3-4c54-aa76-862735a5f334",NA,NA,NA,NA,145.812668,"",2012,NA,NA,"",NA,NA,NA,NA,NA,"",NA,"d8ccab5c4032e5f06f20fc0a25c2f2a2d835df96","",NA,NA,NA,"2014-09-12T14:28:09.415Z","",NA,NA,"","","Holothuroidea",NA,NA,NA,"Hugh Morrison, Vanessa Knutson, Anthony Berberian, Pierre Laboutte, Daisuke Uyeno, Jessica Goodheart","","",NA,"Holothuria turriscelsa",NA,"","",NA,NA,NA,"Papua New Guinea",NA,"",NA,NA,"","14886-Echinodermata",NA,NA,NA,"19e4e257-e6d3-4ccf-96ce-7293174b7661",NA,NA,NA,NA
"949",NA,-19.1,NA,NA,NA,"","09/08/2014",5,NA,NA,NA,NA,NA,"",NA,NA,"","",NA,NA,NA,NA,"",NA,NA,NA,NA,"Niue Island","Cherbonnier",NA,"","",NA,NA,NA,NA,NA,NA,NA,NA,NA,NA,"",NA,NA,NA,NA,"",NA,"",NA,NA,NA,NA,NA,NA,"FLMNH",NA,NA,NA,NA,"",NA,"",NA,"","","Holothuriidae",NA,"","Aspidochirotida",NA,NA,NA,"","HNIUE-030",NA,NA,NA,NA,NA,NA,"","PreservedSpecimen",NA,"",NA,NA,NA,"36A938A4-67F6-4467-98BA-22FBD12DABED",NA,NA,NA,NA,NA,"Holothuria",NA,"",NA,NA,31,NA,"aa37771d-6e6a-4621-b981-d0d2e6e710df",NA,"","turriscelsa",NA,NA,"",NA,"Invertebrate Zoology",NA,NA,"","","",NA,NA,NA,"","",NA,NA,"","Niue Island",NA,NA,"",NA,NA,NA,NA,NA,NA,"","",NA,NA,"",NA,"",NA,NA,"","872733a2-67a3-4c54-aa76-862735a5f334",NA,NA,NA,NA,-169.9,"",1986,NA,NA,"",NA,NA,NA,NA,NA,"",NA,"bed9e40e50b39cc46e9856315ee0780319af67fc","",NA,NA,NA,"2014-09-12T13:03:42.960Z","",NA,NA,"","","Holothuroidea",NA,NA,NA,"","","",NA,"Holothuria turriscelsa",NA,"","",NA,NA,NA,"Niue Island",NA,"",NA,NA,"","1973-Echinodermata",NA,NA,NA,"aa37771d-6e6a-4621-b981-d0d2e6e710df",NA,NA,NA,NA
"977",NA,11.7183,NA,NA,NA,"","09/08/2014",10,NA,NA,NA,NA,NA,"",NA,NA,"","",NA,NA,NA,NA,"",NA,NA,NA,NA,"","Cherbonnier",NA,"","",NA,NA,NA,NA,NA,NA,NA,NA,NA,NA,"",NA,NA,NA,NA,"",NA,"",NA,NA,NA,NA,NA,NA,"FLMNH",NA,NA,NA,NA,"",NA,"",NA,"","","Holothuriidae",NA,"","Aspidochirotida",NA,NA,NA,"","DJRS-021",NA,NA,NA,NA,NA,NA,"","PreservedSpecimen",NA,"",NA,NA,NA,"611621BF-7380-44AF-9B51-AE8E159695FE",NA,NA,NA,NA,NA,"Holothuria",NA,"",NA,NA,2,NA,"05b038c0-a8a3-41b9-bbec-1454cb89ae82",NA,"","turriscelsa",NA,NA,"",NA,"Invertebrate Zoology",NA,NA,"","","",NA,NA,NA,"","",NA,NA,"","",NA,NA,"",NA,NA,NA,NA,NA,NA,"","",NA,NA,"",NA,"",NA,NA,"","872733a2-67a3-4c54-aa76-862735a5f334",NA,NA,NA,NA,43.1561,"",2012,NA,NA,"",NA,NA,NA,NA,NA,"",NA,"dd3955f23f62f92a6dd7317c5cab30500232d1ab","",NA,NA,NA,"2014-09-12T11:16:55.276Z","",NA,NA,"","","Holothuroidea",NA,NA,NA,"Gustav Paulay","","",NA,"Holothuria turriscelsa",NA,"","",NA,NA,NA,"Djibouti",NA,"",NA,NA,"","12095-Echinodermata",NA,NA,NA,"05b038c0-a8a3-41b9-bbec-1454cb89ae82",NA,NA,NA,NA
"1065",NA,-17.6,NA,NA,NA,"","09/08/2014",10,NA,NA,NA,NA,NA,"",NA,NA,"","",NA,NA,NA,NA,"",NA,NA,NA,NA,"Tahiti Island","Cherbonnier",NA,"","",NA,NA,NA,NA,NA,NA,NA,NA,NA,NA,"",NA,NA,NA,NA,"",NA,"",NA,NA,NA,NA,NA,NA,"FLMNH",NA,NA,NA,NA,"",NA,"",NA,"","","Holothuriidae",NA,"","Aspidochirotida",NA,NA,NA,"","BTAH-056",NA,NA,NA,NA,NA,NA,"","PreservedSpecimen",NA,"",NA,NA,NA,"6C385B48-1097-407F-8E80-0B1E2390AB9D",NA,NA,NA,NA,NA,"Holothuria",NA,"",NA,NA,29,NA,"dfd42582-ad8b-480b-a57e-56582dfac58a",NA,"","turriscelsa",NA,NA,"",NA,"Invertebrate Zoology",NA,NA,"","","",NA,NA,NA,"","",NA,NA,"","Society Islands",NA,NA,"",NA,NA,NA,NA,NA,NA,"","",NA,NA,"",NA,"",NA,NA,"","872733a2-67a3-4c54-aa76-862735a5f334",NA,NA,NA,NA,-149.4,"",2001,NA,NA,"",NA,NA,NA,NA,NA,"",NA,"7c84344b2f01229b777aa9c4412422d1766293db","",NA,NA,NA,"2014-09-12T15:34:47.455Z","",NA,NA,"","","Holothuroidea",NA,NA,NA,"Paulay, G.","","",NA,"Holothuria turriscelsa",NA,"","",NA,NA,NA,"French Polynesia",NA,"",NA,NA,"","638-Echinodermata",NA,NA,NA,"dfd42582-ad8b-480b-a57e-56582dfac58a",NA,NA,NA,NA
"1105",NA,9.49214,NA,NA,NA,"","09/08/2014",8,NA,NA,NA,NA,NA,"",NA,NA,"","",NA,NA,NA,NA,"",NA,NA,NA,NA,"Yap State","Cherbonnier",NA,"","",NA,NA,NA,NA,NA,NA,NA,NA,NA,NA,"",NA,NA,NA,NA,"",NA,"",NA,NA,NA,NA,NA,NA,"FLMNH",NA,NA,NA,NA,"",NA,"",NA,"","","Holothuriidae",NA,"","Aspidochirotida",NA,NA,NA,"","AK-Yap-08",NA,NA,NA,NA,NA,NA,"","PreservedSpecimen",NA,"",NA,NA,NA,"96D7CD71-D58D-4A33-8FD7-269DAE32FAA2",NA,NA,NA,NA,NA,"Holothuria",NA,"",NA,NA,2,NA,"ec9b0a9c-4530-4f15-830b-7ffb8130c8f1",NA,"","turriscelsa",NA,NA,"",NA,"Invertebrate Zoology",NA,NA,"","","",NA,NA,NA,"","",NA,NA,"","Caroline Islands",NA,NA,"",NA,NA,NA,NA,NA,NA,"","",NA,NA,"",NA,"",NA,NA,"","872733a2-67a3-4c54-aa76-862735a5f334",NA,NA,NA,NA,138.14779,"",2007,NA,NA,"",NA,NA,NA,NA,NA,"",NA,"7d82c044befca7d9fd84a097b903f8468e784322","",NA,NA,NA,"2014-09-12T13:08:05.153Z","",NA,NA,"","","Holothuroidea",NA,NA,NA,"Kris Netchy & Alex Kerr","","",NA,"Holothuria turriscelsa",NA,"","",NA,NA,NA,"Federated States of Micronesia",NA,"",NA,NA,"","5878-Echinodermata",NA,NA,NA,"ec9b0a9c-4530-4f15-830b-7ffb8130c8f1",NA,NA,NA,NA
"1116",NA,-19.1,NA,NA,NA,"","09/08/2014",8,NA,NA,NA,NA,NA,"",NA,NA,"","",NA,NA,NA,NA,"",NA,NA,NA,NA,"Niue Island","Cherbonnier",NA,"","",NA,NA,NA,NA,NA,NA,NA,NA,NA,NA,"",NA,NA,NA,NA,"",NA,"",NA,NA,NA,NA,NA,NA,"FLMNH",NA,NA,NA,NA,"",NA,"",NA,"","","Holothuriidae",NA,"","Aspidochirotida",NA,NA,NA,"","HNIUE-066",NA,NA,NA,NA,NA,NA,"","PreservedSpecimen",NA,"",NA,NA,NA,"C8C42A71-95EA-44AE-8914-E3CE3F43479A",NA,NA,NA,NA,NA,"Holothuria",NA,"",NA,NA,28,NA,"409f3aa4-a456-4f48-a7d8-625f9f7075f9",NA,"","turriscelsa",NA,NA,"",NA,"Invertebrate Zoology",NA,NA,"","","",NA,NA,NA,"","",NA,NA,"","Niue Island",NA,NA,"",NA,NA,NA,NA,NA,NA,"","",NA,NA,"",NA,"",NA,NA,"","872733a2-67a3-4c54-aa76-862735a5f334",NA,NA,NA,NA,-169.9,"",1986,NA,NA,"",NA,NA,NA,NA,NA,"",NA,"c37e30e0cbfedb9ca10c4894334ac920f356b8c0","",NA,NA,NA,"2014-09-12T16:02:03.319Z","",NA,NA,"","","Holothuroidea",NA,NA,NA,"","","",NA,"Holothuria turriscelsa",NA,"","",NA,NA,NA,"Niue Island",NA,"",NA,NA,"","1833-Echinodermata",NA,NA,NA,"409f3aa4-a456-4f48-a7d8-625f9f7075f9",NA,NA,NA,NA
"1130",NA,-5.1705,NA,NA,NA,"","09/08/2014",11,NA,NA,NA,NA,NA,"",NA,NA,"","",NA,NA,NA,NA,"",NA,NA,NA,NA,"","Cherbonnier",NA,"","",NA,NA,NA,NA,NA,NA,NA,NA,NA,NA,"",NA,NA,NA,NA,"",NA,"",NA,NA,NA,NA,NA,NA,"FLMNH",NA,NA,NA,NA,"",NA,"",NA,"","","Holothuriidae",NA,"","Aspidochirotida",NA,NA,NA,"","PR42",NA,NA,NA,NA,NA,NA,"","PreservedSpecimen",NA,"",NA,NA,NA,"45A105A3-71E5-42B2-ADF7-1C80A9BBA96D",NA,NA,NA,NA,NA,"Holothuria",NA,"",NA,NA,15,NA,"adef00f4-338a-4748-83ac-165ae9ffa6f3",NA,"","turriscelsa",NA,NA,"",NA,"Invertebrate Zoology",NA,NA,"","","",NA,NA,NA,"","",NA,NA,"","Madang Province",NA,NA,"",NA,NA,NA,NA,NA,NA,"","",NA,NA,"",NA,"",NA,NA,"","872733a2-67a3-4c54-aa76-862735a5f334",NA,NA,NA,NA,145.838669,"",2012,NA,NA,"",NA,NA,NA,NA,NA,"",NA,"1b86eeefdf325741bd1b9e8d901a42e8eac289e8","",NA,NA,NA,"2014-09-12T15:21:38.211Z","",NA,NA,"","","Holothuroidea",NA,NA,NA,"Anthony Berberian, Heok Hui Tan, Hugh Morrison, Vanessa Knutson, François Michonneau","","",NA,"Holothuria turriscelsa",NA,"","",NA,NA,NA,"Papua New Guinea",NA,"",NA,NA,"","14747-Echinodermata",NA,NA,NA,"adef00f4-338a-4748-83ac-165ae9ffa6f3",NA,NA,NA,NA
"1296",NA,-14.9355,NA,NA,NA,"","09/08/2014",10,NA,NA,NA,NA,NA,"",NA,NA,"","",NA,NA,NA,NA,"",NA,NA,NA,NA,"Rangiroa Atoll","Cherbonnier",NA,"","",NA,NA,NA,NA,NA,NA,NA,NA,NA,NA,"",NA,NA,NA,NA,"",NA,"",NA,NA,NA,NA,NA,NA,"FLMNH",NA,NA,NA,NA,"",NA,"",NA,"","","Holothuriidae",NA,"","Aspidochirotida",NA,NA,NA,"","BRNG-046-2",NA,NA,NA,NA,NA,NA,"","PreservedSpecimen",NA,"",NA,NA,NA,"FCF7034B-C732-4994-B29E-1FF34855DC65",NA,NA,NA,NA,NA,"Holothuria",NA,"",NA,NA,26,NA,"e077d522-5924-47e1-8d09-4f00e507d503",NA,"","turriscelsa",NA,NA,"",NA,"Invertebrate Zoology",NA,NA,"","","",NA,NA,NA,"","",NA,NA,"","Tuamotu Islands",NA,NA,"",NA,NA,NA,NA,NA,NA,"","",NA,NA,"",NA,"",NA,NA,"","872733a2-67a3-4c54-aa76-862735a5f334",NA,NA,NA,NA,-147.86,"",2001,NA,NA,"",NA,NA,NA,NA,NA,"",NA,"a5f8cf2779b429d7b5473f62dffa141e3afad9a8","",NA,NA,NA,"2014-09-12T16:30:19.720Z","",NA,NA,"","","Holothuroidea",NA,NA,NA,"Paulay, G.","","",NA,"Holothuria turriscelsa",NA,"","",NA,NA,NA,"French Polynesia",NA,"",NA,NA,"","290-Echinodermata",NA,NA,NA,"e077d522-5924-47e1-8d09-4f00e507d503",NA,NA,NA,NA
"1319",NA,11.7183,NA,NA,NA,"","09/08/2014",10,NA,NA,NA,NA,NA,"",NA,NA,"","",NA,NA,NA,NA,"",NA,NA,NA,NA,"","Cherbonnier",NA,"","",NA,NA,NA,NA,NA,NA,NA,NA,NA,NA,"",NA,NA,NA,NA,"",NA,"",NA,NA,NA,NA,NA,NA,"FLMNH",NA,NA,NA,NA,"",NA,"",NA,"","","Holothuriidae",NA,"","Aspidochirotida",NA,NA,NA,"","DJRS-021",NA,NA,NA,NA,NA,NA,"","PreservedSpecimen",NA,"",NA,NA,NA,"F8ABCA5A-AF47-49FA-91AE-558AF8D572D4",NA,NA,NA,NA,NA,"Holothuria",NA,"",NA,NA,2,NA,"c5cb93a8-2cf0-4769-8d4e-57a01ce80e71",NA,"","turriscelsa",NA,NA,"",NA,"Invertebrate Zoology",NA,NA,"","","",NA,NA,NA,"","",NA,NA,"","",NA,NA,"",NA,NA,NA,NA,NA,NA,"","",NA,NA,"",NA,"",NA,NA,"","872733a2-67a3-4c54-aa76-862735a5f334",NA,NA,NA,NA,43.1561,"",2012,NA,NA,"",NA,NA,NA,NA,NA,"",NA,"94c6de6a14f23ba1af01b5873486ad0df27be497","",NA,NA,NA,"2014-09-12T09:23:05.256Z","",NA,NA,"","","Holothuroidea",NA,NA,NA,"Gustav Paulay","","",NA,"Holothuria turriscelsa",NA,"","",NA,NA,NA,"Djibouti",NA,"",NA,NA,"","12099-Echinodermata",NA,NA,NA,"c5cb93a8-2cf0-4769-8d4e-57a01ce80e71",NA,NA,NA,NA
"1357",NA,11.7183,NA,NA,NA,"","09/08/2014",10,NA,NA,NA,NA,NA,"",NA,NA,"","",NA,NA,NA,NA,"",NA,NA,NA,NA,"","Cherbonnier",NA,"","",NA,NA,NA,NA,NA,NA,NA,NA,NA,NA,"",NA,NA,NA,NA,"",NA,"",NA,NA,NA,NA,NA,NA,"FLMNH",NA,NA,NA,NA,"",NA,"",NA,"","","Holothuriidae",NA,"","Aspidochirotida",NA,NA,NA,"","DJRS-021",NA,NA,NA,NA,NA,NA,"","PreservedSpecimen",NA,"",NA,NA,NA,"DA40D930-7C27-4686-887D-42E89EE75B38",NA,NA,NA,NA,NA,"Holothuria",NA,"",NA,NA,2,NA,"b3bad337-2a79-47a2-b063-5f8e52c9bbfe",NA,"","turriscelsa",NA,NA,"",NA,"Invertebrate Zoology",NA,NA,"","","",NA,NA,NA,"","",NA,NA,"","",NA,NA,"",NA,NA,NA,NA,NA,NA,"","",NA,NA,"",NA,"",NA,NA,"","872733a2-67a3-4c54-aa76-862735a5f334",NA,NA,NA,NA,43.1561,"",2012,NA,NA,"",NA,NA,NA,NA,NA,"",NA,"e006b8f632c300174458c90ac3f3c0134c7b0ade","",NA,NA,NA,"2014-09-12T12:24:34.947Z","",NA,NA,"","","Holothuroidea",NA,NA,NA,"Gustav Paulay","","",NA,"Holothuria turriscelsa",NA,"","",NA,NA,NA,"Djibouti",NA,"",NA,NA,"","11957-Echinodermata",NA,NA,NA,"b3bad337-2a79-47a2-b063-5f8e52c9bbfe",NA,NA,NA,NA
"1385",NA,13.5,NA,NA,NA,"","09/08/2014",7,NA,NA,NA,NA,NA,"",NA,NA,"","",NA,NA,NA,NA,"",NA,NA,NA,NA,"Guam Island","Cherbonnier",NA,"","",NA,NA,NA,NA,NA,NA,NA,NA,NA,NA,"",NA,NA,NA,NA,"",NA,"",NA,NA,NA,NA,NA,NA,"FLMNH",NA,NA,NA,NA,"",NA,"",NA,"","","Holothuriidae",NA,"","Aspidochirotida",NA,NA,NA,"","GP-Loc-764",NA,NA,NA,NA,NA,NA,"","PreservedSpecimen",NA,"",NA,NA,NA,"312E231D-6082-443C-A820-92DAC00ECE58",NA,NA,NA,NA,NA,"Holothuria",NA,"",NA,NA,19,NA,"484b02bb-d984-4201-8032-82fcb5d6a2dc",NA,"","turriscelsa",NA,NA,"",NA,"Invertebrate Zoology",NA,NA,"","","",NA,NA,NA,"","",NA,NA,"","Mariana Islands",NA,NA,"",NA,NA,NA,NA,NA,NA,"","",NA,NA,"",NA,"",NA,NA,"","872733a2-67a3-4c54-aa76-862735a5f334",NA,NA,NA,NA,144.8,"",2003,NA,NA,"",NA,NA,NA,NA,NA,"",NA,"d7a79b87dc5109723cdc0cffb2e0730eb4641463","",NA,NA,NA,"2014-09-12T11:12:58.762Z","",NA,NA,"","","Holothuroidea",NA,NA,NA,"Paulay, G., Malay, M., Bonito, V.","","",NA,"Holothuria turriscelsa",NA,"","",NA,NA,NA,"USA",NA,"",NA,NA,"","4710-Echinodermata",NA,NA,NA,"484b02bb-d984-4201-8032-82fcb5d6a2dc",NA,NA,NA,NA
"1436",NA,5.29649,NA,NA,NA,"","09/08/2014",2,NA,NA,NA,NA,NA,"",NA,NA,"","",NA,NA,NA,NA,"",NA,NA,NA,NA,"Kosrae Island","Cherbonnier",NA,"","",NA,NA,NA,NA,NA,NA,NA,NA,NA,NA,"",NA,NA,NA,NA,"",NA,"",NA,NA,NA,NA,NA,NA,"FLMNH",NA,NA,NA,NA,"",NA,"",NA,"","","Holothuriidae",NA,"","Aspidochirotida",NA,NA,NA,"","KOSR-09",NA,NA,NA,NA,NA,NA,"","PreservedSpecimen",NA,"",NA,NA,NA,"B023A0E2-6D80-4FBF-9300-44E130E02AD4",NA,NA,NA,NA,NA,"Holothuria",NA,"",NA,NA,27,NA,"37f1afd9-b901-4adc-b0a0-5054c125239f",NA,"","turriscelsa",NA,NA,"",NA,"Invertebrate Zoology",NA,NA,"","","",NA,NA,NA,"","",NA,NA,"","Caroline Islands",NA,NA,"",NA,NA,NA,NA,NA,NA,"","",NA,NA,"",NA,"",NA,NA,"","872733a2-67a3-4c54-aa76-862735a5f334",NA,NA,NA,NA,162.8981,"",2008,NA,NA,"",NA,NA,NA,NA,NA,"",NA,"4b2e35269949fc915d21706255dd8933f5c94f2d","",NA,NA,NA,"2014-09-12T16:20:35.202Z","",NA,NA,"","","Holothuroidea",NA,NA,NA,"Sun Kim, Alex Kerr, François Michonneau","","",NA,"Holothuria turriscelsa",NA,"","",NA,NA,NA,"Federated States of Micronesia",NA,"",NA,NA,"","6926-Echinodermata",NA,NA,NA,"37f1afd9-b901-4adc-b0a0-5054c125239f",NA,NA,NA,NA
"1609",NA,19.5707,NA,NA,NA,"","09/08/2014",3,NA,NA,NA,NA,NA,"",NA,NA,"","",NA,NA,NA,NA,"",NA,NA,NA,NA,"","Cherbonnier",NA,"","",NA,NA,NA,NA,NA,NA,NA,NA,NA,NA,"",NA,NA,NA,NA,"",NA,"",NA,NA,NA,NA,NA,NA,"FLMNH",NA,NA,NA,NA,"",NA,"",NA,"","","Holothuriidae",NA,"","Aspidochirotida",NA,NA,NA,"","SAFA-003",NA,NA,NA,NA,NA,NA,"","PreservedSpecimen",NA,"",NA,NA,NA,"831A36C9-DE65-4FAD-92B8-853250228EF0",NA,NA,NA,NA,NA,"Holothuria",NA,"",NA,NA,3,NA,"a3fb7c3b-5fa4-4d12-bf1f-dc3467b702f5",NA,"","turriscelsa",NA,NA,"",NA,"Invertebrate Zoology",NA,NA,"","","",NA,NA,NA,"","",NA,NA,"","",NA,NA,"",NA,NA,NA,NA,NA,NA,"","",NA,NA,"",NA,"",NA,NA,"","872733a2-67a3-4c54-aa76-862735a5f334",NA,NA,NA,NA,40.00878,"",2013,NA,NA,"",NA,NA,NA,NA,NA,"",NA,"6f22bb0b52d982a5ea2abc5db689c24bac364299","",NA,NA,NA,"2014-09-12T13:33:44.155Z","",NA,NA,"","","Holothuroidea",NA,NA,NA,"Patrick Norby, Gustav Paulay","","",NA,"Holothuria turriscelsa",NA,"","",NA,NA,NA,"Saudi Arabia",NA,"",NA,NA,"","13386-Echinodermata",NA,NA,NA,"a3fb7c3b-5fa4-4d12-bf1f-dc3467b702f5",NA,NA,NA,NA
"1725",NA,5.33002,NA,NA,NA,"","09/08/2014",3,NA,NA,NA,NA,NA,"",NA,NA,"","",NA,NA,NA,NA,"",NA,NA,NA,NA,"Kosrae Island","Cherbonnier",NA,"","",NA,NA,NA,NA,NA,NA,NA,NA,NA,NA,"",NA,NA,NA,NA,"",NA,"",NA,NA,NA,NA,NA,NA,"FLMNH",NA,NA,NA,NA,"",NA,"",NA,"","","Holothuriidae",NA,"","Aspidochirotida",NA,NA,NA,"","KOSR-20",NA,NA,NA,NA,NA,NA,"","PreservedSpecimen",NA,"",NA,NA,NA,"E6F4211A-36EB-4FAC-8AF0-DE153C85E2A5",NA,NA,NA,NA,NA,"Holothuria",NA,"",NA,NA,5,NA,"75909a0d-2794-4c4f-b995-f0c4cc6d867c",NA,"","turriscelsa",NA,NA,"",NA,"Invertebrate Zoology",NA,NA,"","","",NA,NA,NA,"","",NA,NA,"","Caroline Islands",NA,NA,"",NA,NA,NA,NA,NA,NA,"","",NA,NA,"",NA,"",NA,NA,"","872733a2-67a3-4c54-aa76-862735a5f334",NA,NA,NA,NA,163.02465,"",2008,NA,NA,"",NA,NA,NA,NA,NA,"",NA,"0aa5bb3b216f7e49c3b227d76f4fa80a84474d04","",NA,NA,NA,"2014-09-12T16:21:34.981Z","",NA,NA,"","","Holothuroidea",NA,NA,NA,"","","",NA,"Holothuria turriscelsa",NA,"","",NA,NA,NA,"Federated States of Micronesia",NA,"",NA,NA,"","6979-Echinodermata",NA,NA,NA,"75909a0d-2794-4c4f-b995-f0c4cc6d867c",NA,NA,NA,NA
"1760",NA,19.5707,NA,NA,NA,"","09/08/2014",3,NA,NA,NA,NA,NA,"",NA,NA,"","",NA,NA,NA,NA,"",NA,NA,NA,NA,"","Cherbonnier",NA,"","",NA,NA,NA,NA,NA,NA,NA,NA,NA,NA,"",NA,NA,NA,NA,"",NA,"",NA,NA,NA,NA,NA,NA,"FLMNH",NA,NA,NA,NA,"",NA,"",NA,"","","Holothuriidae",NA,"","Aspidochirotida",NA,NA,NA,"","SAFA-003",NA,NA,NA,NA,NA,NA,"","PreservedSpecimen",NA,"",NA,NA,NA,"89ECB33A-89C0-434C-8DCB-7C3DCD1155C2",NA,NA,NA,NA,NA,"Holothuria",NA,"",NA,NA,3,NA,"e6cca818-e0ec-4a0b-a1c7-c5663f953812",NA,"","turriscelsa",NA,NA,"",NA,"Invertebrate Zoology",NA,NA,"","","",NA,NA,NA,"","",NA,NA,"","",NA,NA,"",NA,NA,NA,NA,NA,NA,"","",NA,NA,"",NA,"",NA,NA,"","872733a2-67a3-4c54-aa76-862735a5f334",NA,NA,NA,NA,40.00878,"",2013,NA,NA,"",NA,NA,NA,NA,NA,"",NA,"067a8bac1d7bbe77ac12054c4911e26256a7a303","",NA,NA,NA,"2014-09-12T16:04:11.890Z","",NA,NA,"","","Holothuroidea",NA,NA,NA,"Patrick Norby, Gustav Paulay","","",NA,"Holothuria turriscelsa",NA,"","",NA,NA,NA,"Saudi Arabia",NA,"",NA,NA,"","13385-Echinodermata",NA,NA,NA,"e6cca818-e0ec-4a0b-a1c7-c5663f953812",NA,NA,NA,NA
"2237",NA,-5.198333,NA,NA,NA,"","09/08/2014",12,NA,NA,NA,NA,NA,"",NA,NA,"","",NA,NA,NA,NA,"",NA,NA,NA,NA,"","Cherbonnier",NA,"","",NA,NA,NA,NA,NA,NA,NA,NA,NA,NA,"",NA,NA,NA,NA,"",NA,"",NA,NA,NA,NA,NA,NA,"FLMNH",NA,NA,NA,NA,"",NA,"",NA,"","","Holothuriidae",NA,"","Aspidochirotida",NA,NA,NA,"","PR148",NA,NA,NA,NA,NA,NA,"","PreservedSpecimen",NA,"",NA,NA,NA,"1016C5C6-137E-4C11-80B2-3B7719838741",NA,NA,NA,NA,NA,"Holothuria",NA,"",NA,NA,1,NA,"fc7219e4-a95c-4da5-bfa6-9ee1f6b424b9",NA,"","turriscelsa",NA,NA,"",NA,"Invertebrate Zoology",NA,NA,"","","",NA,NA,NA,"","",NA,NA,"","Madang Province",NA,NA,"",NA,NA,NA,NA,NA,NA,"","",NA,NA,"",NA,"",NA,NA,"","872733a2-67a3-4c54-aa76-862735a5f334",NA,NA,NA,NA,145.827332,"",2012,NA,NA,"",NA,NA,NA,NA,NA,"",NA,"83611b4a35c258ce29b936445e7a1cf45d6cb844","",NA,NA,NA,"2014-09-12T16:29:05.098Z","",NA,NA,"","","Holothuroidea",NA,NA,NA,"","","",NA,"Holothuria turriscelsa",NA,"","",NA,NA,NA,"Papua New Guinea",NA,"",NA,NA,"","15506-Echinodermata",NA,NA,NA,"fc7219e4-a95c-4da5-bfa6-9ee1f6b424b9",NA,NA,NA,NA
"2323",NA,-17.47579,NA,NA,NA,"","09/08/2014",10,NA,NA,NA,NA,NA,"",NA,NA,"","",NA,NA,NA,NA,"",NA,NA,NA,NA,"Moorea Island","Cherbonnier",NA,"","",NA,NA,NA,NA,NA,NA,NA,NA,NA,NA,"",NA,NA,NA,NA,"",NA,"",NA,NA,NA,NA,NA,NA,"FLMNH",NA,NA,NA,NA,"",NA,"",NA,"","","Holothuriidae",NA,"","Aspidochirotida",NA,NA,NA,"","MIB_128",NA,NA,NA,NA,NA,NA,"","PreservedSpecimen",NA,"",NA,NA,NA,"FDC54F34-5342-4B1C-8179-047E5AE419AB",NA,NA,NA,NA,NA,"Holothuria",NA,"",NA,NA,24,NA,"2aabb18d-df32-4638-946c-2223a1a2ae40",NA,"","turriscelsa",NA,NA,"",NA,"Invertebrate Zoology",NA,NA,"","","",NA,NA,NA,"","",NA,NA,"","Society Islands",NA,NA,"",NA,NA,NA,NA,NA,NA,"","",NA,NA,"",NA,"",NA,NA,"","872733a2-67a3-4c54-aa76-862735a5f334",NA,NA,NA,NA,-149.83142,"",2008,NA,NA,"",NA,NA,NA,NA,NA,"",NA,"e1496ea7937292959af28877b68a8b96b21ac904","",NA,NA,NA,"2014-09-12T15:02:55.233Z","",NA,NA,"","","Holothuroidea",NA,NA,NA,"S. Fay, J. Moore, S. McKeon, C. Meyer, G. Paulay","","",NA,"Holothuria turriscelsa",NA,"","",NA,NA,NA,"French Polynesia",NA,"",NA,NA,"","8032-Echinodermata",NA,NA,NA,"2aabb18d-df32-4638-946c-2223a1a2ae40",NA,NA,NA,NA
"2340",NA,13.5,NA,NA,NA,"","09/08/2014",7,NA,NA,NA,NA,NA,"",NA,NA,"","",NA,NA,NA,NA,"",NA,NA,NA,NA,"Guam Island","Cherbonnier",NA,"","",NA,NA,NA,NA,NA,NA,NA,NA,NA,NA,"",NA,NA,NA,NA,"",NA,"",NA,NA,NA,NA,NA,NA,"FLMNH",NA,NA,NA,NA,"",NA,"",NA,"","","Holothuriidae",NA,"","Aspidochirotida",NA,NA,NA,"","GP-Loc-764",NA,NA,NA,NA,NA,NA,"","PreservedSpecimen",NA,"",NA,NA,NA,"6B212D89-690E-482C-82A1-09B4B529053C",NA,NA,NA,NA,NA,"Holothuria",NA,"",NA,NA,19,NA,"b76bc387-06a9-4738-b2cd-522be0f83cec",NA,"","turriscelsa",NA,NA,"",NA,"Invertebrate Zoology",NA,NA,"","","",NA,NA,NA,"","",NA,NA,"","Mariana Islands",NA,NA,"",NA,NA,NA,NA,NA,NA,"","",NA,NA,"",NA,"",NA,NA,"","872733a2-67a3-4c54-aa76-862735a5f334",NA,NA,NA,NA,144.8,"",2003,NA,NA,"",NA,NA,NA,NA,NA,"",NA,"448fa80d9979827bd7e26ca6394ca4ed6d713481","",NA,NA,NA,"2014-09-12T16:40:48.980Z","",NA,NA,"","","Holothuroidea",NA,NA,NA,"Paulay, G., Malay, M., Bonito, V.","","",NA,"Holothuria turriscelsa",NA,"","",NA,NA,NA,"USA",NA,"",NA,NA,"","4711-Echinodermata",NA,NA,NA,"b76bc387-06a9-4738-b2cd-522be0f83cec",NA,NA,NA,NA
"2457",NA,26.441384,NA,NA,NA,"","09/08/2014",5,NA,NA,NA,NA,NA,"",NA,NA,"","",NA,NA,NA,NA,"",NA,NA,NA,NA,"Okinawa","Cherbonnier",NA,"","",NA,NA,NA,NA,NA,NA,NA,NA,NA,NA,"",NA,NA,NA,NA,"",NA,"",NA,NA,NA,NA,NA,NA,"FLMNH",NA,NA,NA,NA,"",NA,"",NA,"","","Holothuriidae",NA,"","Aspidochirotida",NA,NA,NA,"","FMOK11-St-26",NA,NA,NA,NA,NA,NA,"","PreservedSpecimen",NA,"",NA,NA,NA,"AF872419-7C20-4DE9-ACE5-0924DCA6E7E1",NA,NA,NA,NA,NA,"Holothuria",NA,"",NA,NA,17,NA,"12171262-9ca9-4d9d-9a2b-712b82c1fe6f",NA,"","turriscelsa",NA,NA,"",NA,"Invertebrate Zoology",NA,NA,"","","",NA,NA,NA,"","",NA,NA,"","Ryukyus",NA,NA,"",NA,NA,NA,NA,NA,NA,"","",NA,NA,"",NA,"",NA,NA,"","872733a2-67a3-4c54-aa76-862735a5f334",NA,NA,NA,NA,127.71154,"",2011,NA,NA,"",NA,NA,NA,NA,NA,"",NA,"3abd4ceb0dd671ea855311e1644d7afbd27dcb57","",NA,NA,NA,"2014-09-12T12:30:46.450Z","",NA,NA,"","","Holothuroidea",NA,NA,NA,"Yuki Miyaoka","","",NA,"Holothuria turriscelsa",NA,"","",NA,NA,NA,"Japan",NA,"",NA,NA,"","10995-Echinodermata",NA,NA,NA,"12171262-9ca9-4d9d-9a2b-712b82c1fe6f",NA,NA,NA,NA
"2586",NA,13.5,NA,NA,NA,"","09/08/2014",7,NA,NA,NA,NA,NA,"",NA,NA,"","",NA,NA,NA,NA,"",NA,NA,NA,NA,"Guam Island","Cherbonnier",NA,"","",NA,NA,NA,NA,NA,NA,NA,NA,NA,NA,"",NA,NA,NA,NA,"",NA,"",NA,NA,NA,NA,NA,NA,"FLMNH",NA,NA,NA,NA,"",NA,"",NA,"","","Holothuriidae",NA,"","Aspidochirotida",NA,NA,NA,"","GP-Loc-764",NA,NA,NA,NA,NA,NA,"","PreservedSpecimen",NA,"",NA,NA,NA,"84EF7D0E-B1A9-40C0-9A97-2127F2E6F75E",NA,NA,NA,NA,NA,"Holothuria",NA,"",NA,NA,19,NA,"39aafa3b-a850-461c-812c-da9ddd077e0c",NA,"","turriscelsa",NA,NA,"",NA,"Invertebrate Zoology",NA,NA,"","","",NA,NA,NA,"","",NA,NA,"","Mariana Islands",NA,NA,"",NA,NA,NA,NA,NA,NA,"","",NA,NA,"",NA,"",NA,NA,"","872733a2-67a3-4c54-aa76-862735a5f334",NA,NA,NA,NA,144.8,"",2003,NA,NA,"",NA,NA,NA,NA,NA,"",NA,"752c5319d26252d930fb3b5c463254a235c5a3fa","",NA,NA,NA,"2014-09-12T16:31:20.881Z","",NA,NA,"","","Holothuroidea",NA,NA,NA,"Paulay, G., Malay, M., Bonito, V.","","",NA,"Holothuria turriscelsa",NA,"","",NA,NA,NA,"USA",NA,"",NA,NA,"","4712-Echinodermata",NA,NA,NA,"39aafa3b-a850-461c-812c-da9ddd077e0c",NA,NA,NA,NA
"2774",NA,19.5707,NA,NA,NA,"","09/08/2014",3,NA,NA,NA,NA,NA,"",NA,NA,"","",NA,NA,NA,NA,"",NA,NA,NA,NA,"","Cherbonnier",NA,"","",NA,NA,NA,NA,NA,NA,NA,NA,NA,NA,"",NA,NA,NA,NA,"",NA,"",NA,NA,NA,NA,NA,NA,"FLMNH",NA,NA,NA,NA,"",NA,"",NA,"","","Holothuriidae",NA,"","Aspidochirotida",NA,NA,NA,"","SAFA-003",NA,NA,NA,NA,NA,NA,"","PreservedSpecimen",NA,"",NA,NA,NA,"3018C91E-A30B-4C2A-A803-B625EF9ED3C2",NA,NA,NA,NA,NA,"Holothuria",NA,"",NA,NA,3,NA,"1ecfece0-6531-4e3f-8841-94b008c55681",NA,"","turriscelsa",NA,NA,"",NA,"Invertebrate Zoology",NA,NA,"","","",NA,NA,NA,"","",NA,NA,"","",NA,NA,"",NA,NA,NA,NA,NA,NA,"","",NA,NA,"",NA,"",NA,NA,"","872733a2-67a3-4c54-aa76-862735a5f334",NA,NA,NA,NA,40.00878,"",2013,NA,NA,"",NA,NA,NA,NA,NA,"",NA,"8513a5cd46deb21624d98ea9a8f769e3853886a4","",NA,NA,NA,"2014-09-12T09:53:40.118Z","",NA,NA,"","","Holothuroidea",NA,NA,NA,"Patrick Norby, Gustav Paulay","","",NA,"Holothuria turriscelsa",NA,"","",NA,NA,NA,"Saudi Arabia",NA,"",NA,NA,"","13486-Echinodermata",NA,NA,NA,"1ecfece0-6531-4e3f-8841-94b008c55681",NA,NA,NA,NA
"2799",NA,9.332,NA,NA,NA,"","09/08/2014",12,NA,NA,NA,NA,NA,"",NA,NA,"","",NA,NA,NA,NA,"",NA,NA,NA,NA,"Yap Island","Cherbonnier",NA,"","",NA,NA,NA,NA,NA,NA,NA,NA,NA,NA,"",NA,NA,NA,NA,"",NA,"",NA,NA,NA,NA,NA,NA,"FLMNH",NA,NA,NA,NA,"",NA,"",NA,"","","Holothuriidae",NA,"","Aspidochirotida",NA,NA,NA,"","Kim-YAP-St-03",NA,NA,NA,NA,NA,NA,"","PreservedSpecimen",NA,"",NA,NA,NA,"EBC5902D-62B1-4F05-875B-3164E08AA18E",NA,NA,NA,NA,NA,"Holothuria",NA,"",NA,NA,11,NA,"96989196-7ad1-4fda-a53d-8c2cb2b1c5dd",NA,"","turriscelsa",NA,NA,"",NA,"Invertebrate Zoology",NA,NA,"","","",NA,NA,NA,"","",NA,NA,"","Caroline Islands",NA,NA,"",NA,NA,NA,NA,NA,NA,"","",NA,NA,"",NA,"",NA,NA,"","872733a2-67a3-4c54-aa76-862735a5f334",NA,NA,NA,NA,138.0557,"",2009,NA,NA,"",NA,NA,NA,NA,NA,"",NA,"1f9563e4fc7ebcdc32ed6ba3fe698074458f84f5","",NA,NA,NA,"2014-09-12T09:44:11.990Z","",NA,NA,"","","Holothuroidea",NA,NA,NA,"Sun Kim","","",NA,"Holothuria turriscelsa",NA,"","",NA,NA,NA,"Federated States of Micronesia",NA,"",NA,NA,"","11396-Echinodermata",NA,NA,NA,"96989196-7ad1-4fda-a53d-8c2cb2b1c5dd",NA,NA,NA,NA
"2843",NA,13.5,NA,NA,NA,"","09/08/2014",7,NA,NA,NA,NA,NA,"",NA,NA,"","",NA,NA,NA,NA,"",NA,NA,NA,NA,"Guam Island","Cherbonnier",NA,"","",NA,NA,NA,NA,NA,NA,NA,NA,NA,NA,"",NA,NA,NA,NA,"",NA,"",NA,NA,NA,NA,NA,NA,"FLMNH",NA,NA,NA,NA,"",NA,"",NA,"","","Holothuriidae",NA,"","Aspidochirotida",NA,NA,NA,"","UGI-Station-253",NA,NA,NA,NA,NA,NA,"","PreservedSpecimen",NA,"",NA,NA,NA,"AB3916B2-EE52-467D-855D-94F4D5257470",NA,NA,NA,NA,NA,"Holothuria",NA,"",NA,NA,7,NA,"33052140-126d-4462-8f7d-2a64bf98fc28",NA,"","turriscelsa",NA,NA,"",NA,"Invertebrate Zoology",NA,NA,"","","",NA,NA,NA,"","",NA,NA,"","Mariana Islands",NA,NA,"",NA,NA,NA,NA,NA,NA,"","",NA,NA,"",NA,"",NA,NA,"","872733a2-67a3-4c54-aa76-862735a5f334",NA,NA,NA,NA,144.8,"",1991,NA,NA,"",NA,NA,NA,NA,NA,"",NA,"284bb38081980cbead596cdc64afcd394f4f501c","",NA,NA,NA,"2014-09-12T12:41:27.590Z","",NA,NA,"","","Holothuroidea",NA,NA,NA,"Alex Kerr","","",NA,"Holothuria turriscelsa",NA,"","",NA,NA,NA,"USA",NA,"",NA,NA,"","12348-Echinodermata",NA,NA,NA,"33052140-126d-4462-8f7d-2a64bf98fc28",NA,NA,NA,NA
"2868",NA,9.95152,NA,NA,NA,"","09/08/2014",6,NA,NA,NA,NA,NA,"",NA,NA,"","",NA,NA,NA,NA,"",NA,NA,NA,NA,"","Cherbonnier",NA,"","",NA,NA,NA,NA,NA,NA,NA,NA,NA,NA,"",NA,NA,NA,NA,"",NA,"",NA,NA,NA,NA,NA,NA,"FLMNH",NA,NA,NA,NA,"",NA,"",NA,"","","Holothuriidae",NA,"","Aspidochirotida",NA,NA,NA,"","SEMP-17",NA,NA,NA,NA,NA,NA,"","PreservedSpecimen",NA,"",NA,NA,NA,"2851CC18-7ACB-4C8A-9B3F-9102CBFEC95C",NA,NA,NA,NA,NA,"Holothuria",NA,"",NA,NA,1,NA,"422066a1-c2d6-4051-b775-eb002d15e60c",NA,"","turriscelsa",NA,NA,"",NA,"Invertebrate Zoology",NA,NA,"","","",NA,NA,NA,"","",NA,NA,"","Cebu",NA,NA,"",NA,NA,NA,NA,NA,NA,"","",NA,NA,"",NA,"",NA,NA,"","872733a2-67a3-4c54-aa76-862735a5f334",NA,NA,NA,NA,123.36399,"",2006,NA,NA,"",NA,NA,NA,NA,NA,"",NA,"5d37c411704de11b3c652b71b026e702d991900b","",NA,NA,NA,"2014-09-12T17:22:39.811Z","",NA,NA,"","","Holothuroidea",NA,NA,NA,"Kris Netchy & Alex Kerr","","",NA,"Holothuria turriscelsa",NA,"","",NA,NA,NA,"Philippines",NA,"",NA,NA,"","5586-Echinodermata",NA,NA,NA,"422066a1-c2d6-4051-b775-eb002d15e60c",NA,NA,NA,NA
"2883",NA,28.184617,NA,NA,NA,"","09/08/2014",10,NA,NA,NA,NA,NA,"",NA,NA,"","",NA,NA,NA,NA,"",NA,NA,NA,NA,"","Cherbonnier",NA,"","",NA,NA,NA,NA,NA,NA,NA,NA,NA,NA,"",NA,NA,NA,NA,"",NA,"",NA,NA,NA,NA,NA,NA,"FLMNH",NA,NA,NA,NA,"",NA,"",NA,"","","Holothuriidae",NA,"","Aspidochirotida",NA,NA,NA,"","NORS-17E",NA,NA,NA,NA,NA,NA,"","PreservedSpecimen",NA,"",NA,NA,NA,"F8D9025F-544F-4282-BABF-8540E502F502",NA,NA,NA,NA,NA,"Holothuria",NA,"",NA,NA,1,NA,"163a2f0a-3fea-4f13-a062-d7676368b547",NA,"","turriscelsa",NA,NA,"",NA,"Invertebrate Zoology",NA,NA,"","","",NA,NA,NA,"","",NA,NA,"","",NA,NA,"",NA,NA,NA,NA,NA,NA,"","",NA,NA,"",NA,"",NA,NA,"","872733a2-67a3-4c54-aa76-862735a5f334",NA,NA,NA,NA,34.638117,"",2013,NA,NA,"",NA,NA,NA,NA,NA,"",NA,"4716583f7dba31af307b1b8db2a378a0bc7999d4","",NA,NA,NA,"2014-09-12T18:52:10.538Z","",NA,NA,"","","Holothuroidea",NA,NA,NA,"Gustav Paulay, Daisuke Uyeno, Casey Zakroff","","",NA,"Holothuria turriscelsa",NA,"","",NA,NA,NA,"Saudi Arabia",NA,"",NA,NA,"","14230-Echinodermata",NA,NA,NA,"163a2f0a-3fea-4f13-a062-d7676368b547",NA,NA,NA,NA
